2354
2688
509961
15484
20172
37722
14892
261308
43211
44710
2600202
290586
36907
2352
3348609
4688746
69310
4620983
8411
22719
83910
79321
2042660
4696922
12335003
91941
8614032
495031
96868
97050
115073
103277
97440
4580931
484600
116000
98470
7542564
14907
40527
37899
44338
64372
2042085
101788
89628
89683
103307
98238
104248
8718
82730
15641
73049
113310
15952
1699175
107139
523204
107425
107466
107484
107507
107509
107529
97239
107545
107588
107592
4739604
107679
108006
8414867
8222
8462
8484
3338
44288
16437
218886
95499
113750
107038
85731
34047
12744409
3389313
5219635
107629
111754
97494
82871
103992
112210
15195
9067
9124
105516
24854
114527
114743
111391
115099
161690
3389320
115464
4755005
115621
338594
2068558
32387
119717
462161
2051
90895
12342261
9291700
124244
2598769
124412
124459
125299
121278
130523
1682408
102886
132051
4702707
40132
108778
136906
4730731
138053
6916
599137
128375
9461317
142579
10185323
8413911
80981
143814
82695
146051
599466
146408
146409
2598747
11095842
1837
37140
2602425
147136
84340
144266
147835
147840
144492
48813
3770185
2058058
148835
3784480
126728
8540
312318
97234
97246
9304165
151928
148911
152197
40408
9427896
1087599
178665
245982
16074
65807
8409574
90894
144124
159073
107557
2894
169261
99498
171360
1701894
488936
185663
178659
554109
597622
224916
7692651
4596336
4646385
196243
192205
5579407
188499
145342
3783007
200354
4682971
212319
200961
473818
3775267
200355
203899
204981
204983
12781379
593077
209545
203687
161759
7544186
210128
11097564
191212
309319
4585998
212863
212864
198542
214518
10185851
1688608
12725228
55722
217677
4769409
218386
206968
4636522
219966
221368
12756341
8476403
222060
155147
222078
4634893
222537
4706988
44209
143689
9065222
225170
107403
127648
150797
479062
228333
228775
228998
125976
229838
127639
45732
232590
4695751
137734
232704
146816
120512
103203
2042786
228507
3367760
205818
1675914
167965
242282
11095120
81037
110099
155773
8473789
63137
324152
24264
154158
30052
244945
149845
255687
40281
551527
3348031
260274
100024
60562
24278
2575663
53667
3505
510201
3574
4748603
9291
247093
5265056
108316
148072
310124
2592724
533960
265757
469683
277376
322653
3782614
1647680
217140
9291939
5893
12291
227087
282091
282572
371148
193921
81048
533364
290316
290593
290704
9504008
4576664
300511
2592180
150131
372567
68627
300561
211365
302806
145954
305098
1673832
174668
93885
277846
459599
4592813
9304309
2005380
196470
212619
309944
308458
310901
311172
311306
311926
310063
312949
300377
5578859
3805722
317780
318083
314872
5302104
132277
70823
4632878
318629
160982
166836
4602322
11087860
199380
1123102
222744
325939
326091
99027
99029
4743320
112146
9462178
73009
112551
523789
272130
76237
298750
603751
150023
331115
331116
331167
331288
72746
564415
333054
333389
92055
333843
325808
58102
10834477
3390799
337077
298673
339180
340389
340427
290660
340916
341661
204313
343214
345213
333191
201672
110190
4703311
1645744
52642
349583
7691819
530624
4633392
326205
351072
351739
353184
545560
354016
356152
295224
303798
81095
358607
530811
104407
105027
441023
360315
240696
12443063
283638
361478
363253
364024
344514
365228
98419
103997
366645
1086269
232571
368157
4634536
4647275
370863
251331
371639
372792
2613031
373029
371935
374330
12779177
528245
356751
376464
376676
376976
150834
101896
377708
324822
261474
28781
373982
264380
379175
4710212
379795
378398
373771
380442
458121
381965
7693959
382238
382549
384098
383053
383054
12772700
366068
542408
384219
384323
149385
40485
4706027
385457
386191
386665
387618
135172
314477
372142
5584204
390708
139374
372934
271925
10174001
115622
181990
395210
74510
8410221
349599
404801
291249
211114
112621
327521
12443931
407550
71302
470686
410357
410693
12723655
408102
109206
316180
2571323
112679
1682909
249628
58751
224304
256563
428836
214844
7510319
432076
432078
514730
432357
432388
487764
471546
367450
434300
11097299
357121
244834
7542550
5588433
441454
193896
588999
616889
444810
381374
376541
369917
383672
29933
364997
8477635
448395
447691
449151
8279860
325966
126810
4740281
450908
437164
5575825
456370
448984
452189
442220
452985
453136
454178
453178
330757
370337
372278
3780428
11295
8400842
454851
454968
455092
40462
12422529
441564
379803
525062
40523
3611
372785
541179
347910
4684418
457141
457259
439911
457887
459382
193159
461037
600373
434542
462228
450332
466033
1654804
345004
467069
467576
309484
469127
5162603
465496
193125
471884
472144
472145
302913
181855
5585603
1665418
5561494
547769
632544
392721
306722
60537
60514
476855
514713
345160
522064
281046
292522
109491
8281635
163967
220380
453331
2584993
260976
4750618
220993
201643
132229
569985
140253
1697122
8394
83170
9729
121922
51556
554827
44261
464796
347117
487179
518351
8405992
3355896
473113
305566
4737688
507913
61062
464998
309894
1689260
289838
277007
145376
121500
152993
48451
4630256
163736
2604933
7860
8473965
84468
252931
16289
20711
2594647
15446
246778
545703
322429
493213
397854
9173
1672688
238839
371329
493242
12443599
494479
494526
4659529
67934
459337
495043
495046
495087
1683998
328394
298544
92316
495720
476956
340173
108693
14783
15185
38255
2046755
29870
555572
44019
134248
20173
93152
24040
457613
227744
29905
34259
505607
112171
486747
497927
32197
77541
515455
53445
9316736
499156
499158
9755
346635
463737
167910
375153
3775957
314016
430001
12782087
8278910
514836
481823
197774
2598154
15942
369109
1687269
564557
353935
350566
3331229
352977
553332
396815
278591
1691034
12780633
508385
601486
508821
12422524
391669
488063
508349
11096487
455078
173691
82828
15825
218254
459819
1675565
285777
235518
4639028
510337
510488
24578
95590
29916
12736407
510843
108255
104988
14937
510904
334298
175128
1692082
141423
25643
431653
380995
511189
29312
227973
10176127
1688433
3349401
301433
532173
112694
454792
152198
280751
511952
417328
2041275
498234
3391926
40686
40692
328094
12779318
507366
400287
28834
29326
412482
193922
449161
532969
248822
514560
297056
335183
367276
375364
2596460
466454
382064
4616445
492949
95572
14893
44378
9305834
4658149
517543
517981
518370
422877
361468
515602
2594213
9043963
2592240
2586259
40488
447765
520300
1648868
117093
521026
502596
360431
9478
464657
530357
322436
366978
4680873
121676
280672
521622
618688
455950
20433
3788122
9317499
549401
383093
197997
371257
63138
442196
40694
15933
58607
5157257
2043283
544360
1111006
326194
416004
548694
522873
210825
4755572
310332
3345032
12443629
1668889
539336
1117944
507238
452394
8400498
330920
373998
523572
351968
529776
523757
510889
340098
84525
1096649
2043307
497947
350484
95598
101925
2040028
525109
2062674
525376
412622
203518
8442
8467
12780713
525574
366417
24262
1679192
525833
3346276
2607059
526012
355038
50891
350358
271835
3328027
3377446
198919
528022
2593287
516868
401268
527424
507962
528275
253463
253460
4635812
113184
392782
308892
539617
529247
83480
3349533
487645
251845
112652
604963
529867
565346
20134
530474
220192
530136
147654
431221
211309
530951
358234
373999
13885018
33679
531893
1680180
4728968
531235
320992
478538
301435
257021
459426
12738482
1701571
532915
2061190
67558
340991
7549139
203445
102595
232761
60580
533843
374579
532971
534757
399607
367465
551192
535343
528299
8483
9038744
357606
384095
1087811
1088017
374937
205599
2044498
2063244
244335
266401
149508
540167
216576
350408
4623447
539142
526674
3781488
12723669
288305
9507535
324307
9292223
2595511
260658
521708
10840311
106610
479390
231897
3353225
3773699
542815
110177
5584036
543102
544334
542061
366708
380804
4757074
43687
418068
15178
544678
304043
326455
370093
512035
314205
216306
157790
94566
446491
392301
3393023
609878
22127
546505
542325
3805012
175764
534931
2040261
3775490
425787
419744
76739
110734
532728
60683
8477038
139748
3784116
2613945
296765
8413992
29791
9429620
532625
548023
29498
226586
83328
196498
188510
210670
2572552
435427
3367098
549078
72825
541880
321067
549259
479863
542379
508038
528841
2572903
1678212
550392
12738516
14963
550542
9305590
486016
3377568
534776
205618
57965
551811
326591
535661
4612699
44348
16334
516066
592504
524435
5582181
487191
3346459
209536
542664
542755
541918
554135
4580371
4706021
453362
140751
554755
554756
404276
12728810
555738
555775
196434
555909
555911
531265
8400784
547913
3787342
328813
557242
7680104
557815
4693289
313907
558936
9501168
2578344
559581
545101
199120
560900
561361
291127
562934
452957
562833
562890
3393620
324706
564102
2611793
564429
3805388
3775233
152560
564794
321551
459133
470937
565597
555703
566626
509877
449336
546836
567911
567945
91186
121709
569113
475011
370390
570729
570844
571245
414551
573242
574287
524070
339734
560633
574862
470534
574513
2058219
576552
577064
563399
578474
585619
580066
581263
581600
3781236
154542
584283
584657
583298
212139
587209
106466
587359
379574
590681
4770953
1658954
1103315
594487
202911
7692456
231624
1086701
596033
6070737
597432
553852
385666
8477035
521609
438552
142537
110174
101859
599975
367084
4706028
601768
601977
544904
602536
577077
612467
454413
322972
151405
604310
3770798
605573
286136
605820
606006
601162
273698
606653
606689
267551
584905
522153
607693
1637807
608277
227467
608331
297057
105956
562946
608936
609369
609637
609696
5566924
7674738
596962
8404789
356232
1673186
12344109
611800
5559853
530115
456228
11087616
194982
3779670
613386
613591
83869
135853
135841
13903528
611317
184028
199712
554640
12757397
309585
617044
207433
617675
1119161
617869
618185
574560
1104550
615942
310784
618507
618520
618712
1131853
616498
619142
484046
528253
181447
8416454
620027
576313
578348
620596
4695162
1120144
213998
618588
393791
618607
2612980
618660
584162
621085
1695097
622609
12737074
2613313
206285
623294
618738
623571
623572
1702275
614560
624429
174097
625039
9066806
625452
625478
625479
623129
623104
620858
621018
525009
595524
319032
574936
4692840
12732004
626353
7688994
624075
626994
311447
625037
620467
468154
620672
310544
625598
618571
625682
630453
628486
621901
201927
629610
627447
629989
622911
573958
209273
625672
476186
630412
630494
4561545
621602
178961
1659409
621561
628826
628859
4766427
2003832
624992
632304
630429
632412
632427
625817
4761253
1128900
8477672
633859
625382
630321
618629
628066
621059
632396
10178141
1645745
636161
2004343
636517
496735
630323
4759298
639885
625483
640706
630670
635939
641436
642770
642789
643108
3437197
643988
3435375
644252
648573
4787057
3447039
3801767
645695
652317
650503
650379
650562
651657
649356
1136704
649311
1136267
652771
1138517
653985
654058
654558
9120921
661718
655219
660998
664607
661392
665615
3456728
670702
9352462
672477
670639
679748
680139
11158236
11158237
677490
681436
673958
674188
681645
678780
683874
684818
686806
686940
686582
686947
686252
686794
684153
687730
11166339
6019282
697897
9534875
3869973
3870631
702162
6040584
702874
3873698
703459
702729
703788
700884
703882
703996
3873508
704666
704802
704813
704891
705037
705269
706124
706313
9527344
9524461
705129
707229
708624
707876
706956
708575
708639
709052
708569
708638
710642
708570
708719
708151
713142
6115188
6120324
715089
714669
6123362
716596
6123419
6123448
720065
721005
6128362
725778
725589
726380
725834
726598
726329
726699
726754
726417
6130943
727218
728020
6132377
733074
729512
729176
730820
731030
731264
6137143
731545
6137754
731831
732133
732481
6138635
732606
731905
732078
734023
6140011
737593
737861
737963
3917129
3917336
738351
738076
738928
739118
738633
739693
739703
739153
739302
738575
739380
740181
741626
740432
741705
742342
742438
1467073
742810
743536
743105
1470480
744977
748606
786619
787773
789423
789498
13898945
788744
6346539
789989
790115
791579
788505
787387
6705702
789673
792605
6365103
792470
6364955
790890
791115
792931
794777
6366010
790978
797327
799597
6371347
6384579
801469
801470
13291546
802566
6377972
802764
803621
804747
804830
805049
805394
803497
803496
805672
804992
798869
806080
806185
806198
806268
805521
6374417
6387369
805930
807401
799701
807572
807878
806367
808261
806996
808388
804999
804158
808684
808685
808686
801902
808732
809056
6382914
808390
13290721
807296
809716
809722
809771
800567
808687
806167
810006
804541
806019
810721
811833
805534
812381
812501
13796026
13290306
813344
808662
813813
808824
816068
812508
817089
811360
818358
819718
823080
823425
824975
825040
825353
825178
825269
824406
818747
824648
826294
826456
826882
827286
827336
827467
827614
828141
826510
828324
828416
825375
825392
827602
828712
827645
7258177
826171
829404
828641
829450
827567
828708
829842
3530825
1275271
1263111
1259811
1032996
1031733
1034094
1034190
1033246
1034049
1034855
1034043
1034034
1033960
1034164
1035023
5803980
1035655
5801630
5815026
1037601
1038259
1036250
1038746
1038850
1046645
1046501
1044183
1046931
9282312
1047550
1047562
1048955
1049704
1049762
3312560
1050121
1049063
1048073
9284663
1051600
1052865
1055465
1057232
1058613
1060556
1061971
1062148
1060136
3320023
1063199
3321507
1064959
1070231
12419447
3324986
1071427
5658371
1072713
5653532
5654325
9298514
1069130
1074638
1071597
528292
533575
4712299
347772
1679874
2002740
454735
9064405
9305796
1084331
1697268
1084647
404716
538760
1085523
1085602
278706
602292
4675369
1078714
1078713
1087052
250750
543725
1087874
1085944
1088168
1088925
388963
520426
1090406
148145
12773824
1082997
485096
175901
506604
463952
536846
540787
552624
211754
13822494
1093781
297077
518539
1699816
1094804
284156
1094983
507006
157310
1096836
7504918
272127
176481
609942
1679682
367137
3774912
445500
5359678
1099681
455151
1099769
20175
1100170
378421
4732387
121873
4695746
4611253
303174
1103800
368531
490958
556318
40036
604154
14745
455126
1110846
612193
1111248
1652407
3345302
454077
550335
101877
3779248
3385284
216010
1104445
565492
448384
364886
139067
365287
1106264
576033
452194
543723
449399
12744435
3349375
1114976
40522
1115131
7467
565148
1125150
577858
20619
28861
1671540
570467
260020
1654062
12756401
571004
206727
569839
180993
1696082
225949
203466
1117489
5302985
202201
1118202
3783138
4697893
4690450
1119500
109623
1120087
1120129
1683996
1120324
560776
1120718
3353314
4694320
4766205
1123027
616456
212846
193252
458038
3348948
297408
630600
560239
319002
71691
581403
1652941
206704
590201
623353
623686
1125901
1701370
342011
11098101
621562
1126729
611945
499745
417880
422112
416786
3352260
306663
1127043
3784210
3784211
627730
499363
1126662
1125091
1128073
3353435
2616135
461446
12784612
638428
1128846
2040181
640156
3803714
1129999
1131276
577334
638287
641385
634190
622906
8477997
635858
637080
1132897
1132930
634493
9321460
1133417
643820
634480
644019
1133685
1135148
1135427
3793798
3796230
1136022
1134536
1135846
3448560
1137128
1137242
1136376
1134803
3444244
3449654
651663
1134210
3448596
1136032
1135363
1137662
652134
1135469
651333
1137267
651547
1136598
651741
649153
1134947
651747
1137980
650383
1138254
651635
650803
650807
651781
9114293
1138001
1136120
1138017
1138395
651217
652285
1138319
653033
1138020
1138492
1138043
1138959
1138518
1137185
1138675
4788537
9121553
4794045
1138925
9122635
1139836
1139868
1141142
11131677
665827
4795911
1149006
680503
1148126
3457176
1151441
1148826
9352309
1153744
4807796
1154736
673183
9354211
1151106
1154795
1158980
673417
1158073
1158570
1169380
9363368
1170933
1170425
1168538
1170640
1172052
1165672
1170772
9363496
1170837
1172485
1172500
1172566
1173006
1173009
1173025
1173125
1173145
1171552
9359698
9363390
1171911
9360138
1173703
3844848
1173811
1174511
1175293
3459435
1175418
1176091
12825622
1178943
2127239
1181070
1181096
1181332
1181333
1182541
1182714
3462337
1178103
12666686
1183684
1184015
1186479
1186537
12825942
1179312
1182797
12826481
1180916
1193720
1187727
1191020
1191021
1186255
12827709
1184633
1191424
1194113
1194992
1193448
1195849
1199220
1192560
1198583
1201354
1201489
1202049
1189345
1203580
8562576
1203353
1202602
2647384
1205551
1201057
1204856
1206051
1206382
1206603
1204759
1206704
1205986
1207229
1203354
1199246
1204042
1205032
1205008
1208254
1206328
1833560
1205725
1206120
1209455
1208922
1207489
1210879
1211466
1834702
1210901
1211442
1212467
1213072
1207611
1213077
1213809
1213985
1208588
1212918
1209668
1210150
1213887
4991232
1216787
1216047
1213977
1214725
1215817
1217200
1217508
1218771
1219042
1219165
7830322
7846250
1219362
1219392
7844921
1220651
1220734
1221223
1221642
1222159
1222210
1222423
1220689
1220738
2647413
1223052
1222627
1222739
1223317
1223748
1224739
1222199
1224878
1224935
2646511
1225631
1225682
1225095
1225944
1224575
1226461
7847277
1226950
1225422
1225608
1226421
1225426
1837938
1226544
1226408
1226647
1226549
1221579
1220426
1226156
10273121
1227038
1226365
1226289
1227886
1226817
1835248
1228445
1226965
1228599
8569484
1228843
1227920
1228973
1229000
7848771
1229348
1229361
1228178
1229871
1228548
1230104
1230347
1230461
1229092
1231063
3491083
1232995
1233194
1231136
1234894
3493427
1232470
1236391
1235508
1237277
1235837
1236431
1237832
1233720
1238723
1236352
5033596
1239581
1239184
1240805
1239862
1241559
1240367
1238919
1241760
7855692
3497155
1243337
5043942
1244825
1244261
1241765
1243392
1241317
1246312
1236616
1247608
8576833
5051030
5054312
1251804
1247950
5058376
1250654
1250742
1249547
1251021
1251030
1844513
1250384
1246609
1844983
1252118
5059550
5069617
1252867
1252868
1253067
1253147
1253505
1252369
5067144
1254659
5066690
1260906
1262073
1263010
1274042
1272282
1286936
1291264
7915417
1296216
7913304
1300603
1301134
1303760
1313297
3540536
1308129
7920530
1373107
1410902
1410946
1412966
1414929
11694246
12305817
7918014
11696577
1428485
1428641
1432939
1433062
1433162
1433745
1436294
1436719
1436720
1447322
1447162
1447621
1449188
1448617
1446824
1448454
1447737
1451625
11694334
11699184
1455137
1457729
1457822
1457826
1374422
1376121
1415642
1457434
1456458
1456969
1455772
1458222
1458315
1456442
1456437
1457519
1456574
1457505
1456123
1458444
1457972
1458462
1458476
1458607
1456245
1456608
11698506
1458829
1460851
1460857
1458307
1462270
1463331
1466885
1467240
11700913
1468128
1467431
745398
1468391
1467693
1468513
1467182
1467126
1467895
3929439
1463602
1462415
1469030
1469120
11702741
1467556
1468501
1468783
1471493
1471868
1471786
1475944
1475288
1475453
1478484
1477406
1482057
1479742
1486164
1496524
1504782
1497203
1496609
1497905
1467247
1498395
1498104
1500706
1500932
1501036
1503036
1507157
1506910
1506906
1509105
1510726
1511117
1514374
1517118
7365614
1517622
1518743
1518881
1518884
1523211
1519437
1519550
1519656
1520004
1520168
4509839
1520751
1520813
1520940
1520944
7369952
12037700
1520699
1522080
1522256
1516157
1515540
1521287
1521432
1523208
1523226
1522002
1523507
1522190
1523546
1521110
1523661
1521263
1523770
1523895
1524050
1523150
1521113
1524731
1524224
1524249
1524370
1525065
1525198
1525593
1524974
4510639
1525746
1525240
1524751
1525248
1525939
1524420
1523750
1526100
4511388
1525680
1525673
4510726
1525315
1526852
1526881
1526890
1526970
1528976
1527024
1526334
1527210
1526344
1527219
1526356
1527374
1526630
1526698
1526703
1527658
1527726
1527951
1525529
1528086
1527448
12317396
1527483
4511527
1528642
1528657
7389847
12046471
12045957
1529046
7390156
1529803
1529947
1530772
1529892
1531798
1531298
1531469
1531726
1531472
12051396
1535639
1536007
1537135
1538247
1538781
1539951
1540553
1540687
1540538
7437770
1541255
1541484
1541614
1541658
1541740
1541921
1541114
1541425
1541622
1541678
1541586
12321105
1542918
1542386
1543406
1541922
1542499
1542304
1545598
1545210
1546159
1545946
7440668
1547374
1546677
1547854
1548221
1548222
1547766
1547424
1548395
1549161
1549229
1549300
1549671
1549737
1547971
1549875
1549880
1549896
1546582
1546548
1549179
1546835
1550696
1550992
1551234
1551335
1551459
1551706
1551893
1551990
1552124
12323480
1552196
12078741
1552270
1550910
1552493
1551401
1552597
12322612
1552941
1549555
1550209
1552615
1554741
1553627
1554943
1553987
1555271
1554686
12085616
1555277
12086859
1556942
1555393
5390043
1561367
1561964
4524302
1562477
1561589
1560621
1564605
4523670
1563275
4523894
1562472
1561091
1563819
1560256
1563857
1561632
1557769
1561725
1561458
1562822
1561836
1564062
8301370
8302268
1564312
1564318
8301623
1564347
1564356
1564366
1564376
1564444
1562062
1563507
1563101
8301612
1564550
5389054
8301777
1564581
1564588
1564593
1563566
1564603
4524597
1563380
4524827
1564672
1563410
1563412
1563435
1560473
1560475
8296022
8296023
1564746
4524270
1560934
1563485
1562244
4524941
1563640
1562729
1564846
4523990
1563637
4524955
1561592
13817296
1562607
1564975
1564988
1562789
1563881
1561863
8300134
1561565
1562727
1560227
1563932
1559422
1565082
1563979
1562840
1563989
1560813
1564085
1565280
1565337
1565374
1565375
9534276
1565401
8301358
1565470
1565529
1564327
1565559
1565571
1565579
1564463
1562443
1564700
5387272
1564647
1563762
1563445
4524269
1565760
1565765
1565785
1564964
1561552
1564939
1564879
1565875
1565032
1563983
1562993
1566209
1566230
1566251
5392059
1562393
1561391
1566586
1565541
1565504
1564640
1565745
1565850
1565894
1566916
1562848
5397599
1567256
5399694
4526247
8306925
1567437
1567439
1567476
1567486
1567571
1567619
1567637
4526874
1566796
1567976
1567319
1568167
1568168
1568188
1568219
1568241
1568301
4527489
5395888
1567379
1568381
1567455
1568397
1568410
5394577
5396548
1567711
1567750
1567751
1568598
1567775
1568890
1568910
1569031
5398704
1568011
1569063
1567028
1568102
1569092
1569109
1569110
1569155
5399610
1567423
1566469
5401508
5395953
1568364
1569331
5401600
1568447
1569384
1569392
5398311
1568517
1569462
1569569
4527810
1569624
8308478
1569648
1569692
1569780
1568747
1568911
1568921
1568922
1569865
1569867
5398583
1569892
1569126
1568101
1569934
1569948
1569994
1569305
5404194
1570031
8308291
1570048
1570054
1569387
1570099
1568548
1569478
1570137
5419582
5409067
7572446
1570405
1570443
1570525
9434676
4527935
1570624
5411399
1570648
1570687
1570703
8308836
1570893
1570207
1570389
1570477
1570376
4531897
1571393
1571408
5406654
1571520
1571533
1571629
5413023
1571119
1571339
1571529
1571715
1572631
1572632
1571958
1572853
1571930
1571940
1572103
1570958
1572289
1572901
1573781
1571186
1574266
1574334
1967014
1573573
1573575
1574696
1574698
1572967
1575030
1966124
1966643
1966121
1966001
1575607
1578332
5426507
1575735
1571756
5430594
5430622
8316378
1576950
4534743
4533149
1577807
5436709
4533495
1968418
1578037
1577044
1578406
1578437
1578619
1970538
1579020
1575806
1578305
1969203
1579986
5437913
1580412
1580486
4535203
1580760
1580942
1581123
1581252
1581563
5440843
1582186
5444374
1582655
5445375
1582169
1583001
1583149
1583622
1583195
4535391
1582794
1583724
1581752
1584414
9444102
1584422
4535881
1584542
1584932
5449115
1973208
1582038
1585243
1583229
1585625
1585627
1590993
4536134
4536569
8325076
7599911
8324533
1585826
1585865
1585300
4537038
4537041
1586665
4536830
1586550
1973610
1585601
1582760
4536146
1584594
5454483
1586718
1586763
1586481
1587203
1587281
4537512
1587284
1587295
1587490
1587535
1587537
1591068
8325875
1587043
1587812
1587839
1976304
1587935
4537744
1587946
5457775
1587969
1588001
1588043
4537139
1588286
1583505
1585848
1584253
1588524
1588664
1588741
8326352
4536588
1588467
1589137
1589141
1589174
1589252
1589258
1589275
1589497
1589547
1588714
1589718
1589759
1589787
1588135
1591115
1587547
5460507
5460490
7603047
1586951
1590147
5460552
1590401
1589429
1589449
1590625
1590682
1590719
1590761
1590781
1590786
1590805
1590809
1588837
1590888
7602746
1589995
1586844
1591110
13698579
1591114
1973832
1591160
1589070
1591254
1591271
5462632
1591291
5458791
1591569
1590355
1591592
5461766
5464288
1591671
4537702
1591730
1591749
7603451
1591791
1591852
1591885
1591921
1591941
9444378
1587845
1592035
1592049
1592054
1590753
1588192
1592115
1592153
1592159
1588720
5460377
1592192
1592198
1592210
1591055
1592305
1592311
1592333
1592335
1592347
1593557
1591229
1592389
1592422
1592425
1592444
1592458
1592676
1592681
1592780
1592787
1592793
1592811
1592815
1592818
1592819
1592830
1592980
1593023
1593068
1593152
5467924
1593284
1593295
1592116
1593380
1589695
1593434
1593447
1592220
1594664
13719928
1593904
1592723
5466950
5464141
1593983
1593984
1592826
1594031
1594094
1594202
1594205
1594228
1594233
5461068
5461504
1594306
1592974
1594339
1593033
1594347
1593032
1594363
1594427
1594429
1593171
1594554
5468013
1592194
1594611
1592150
5465067
5465068
13549211
1595043
1595102
1594245
1594246
1588877
5468067
7605805
1595836
1596054
5472326
1595185
1595389
1596539
5493312
1596731
1597287
1597297
1596157
1597701
1597724
1597739
1597774
1596197
1595163
1596268
1597985
1597986
1598117
1598118
1598120
1596443
1595298
1598167
1595330
5479093
1598199
1598207
1598279
1598292
1596599
1596657
1596661
13390642
1599034
1599486
1599738
1597427
1600034
1601560
10147837
1602146
1599352
1599015
1600780
1597745
1597402
1598000
1601203
1593316
1603018
1601367
1601445
1603218
5485068
1600796
1599348
1592824
1604536
7609114
1599876
1605967
1601856
1600873
1609018
1607108
1601189
1607237
1597347
1601543
1983413
1612512
1603193
1608719
1592402
1603362
1609003
1600972
1609016
1604550
1607138
1609339
1599897
1603188
1982884
1606098
1606570
1599349
1602262
1602911
1604837
1596715
1612444
1605268
1599021
1593999
1606880
1611502
1983441
1609043
1593502
1614841
1616801
1614308
1984068
1606857
1603973
1985252
1616610
1617134
1984206
1980493
1985689
1611421
1610310
1608202
13816833
1617137
1618536
1605037
1605061
1612832
1615491
1614613
1620310
1620348
1618399
7658503
1596671
1608163
1623131
1618179
1623287
2541673
8381007
1624101
1621544
7653807
1625808
8386648
1616127
1610986
1627842
1629953
1627180
1625826
1631390
10165100
1624161
7665216
5554160
1632124
1632879
2538224
1617287
1629770
1991948
1631834
1628233
1992901
1634753
1631704
1631926
7667723
1635621
1635841
1635934
1634755
1636007
1628999
3345360
1636653
1634751
1634651
595643
550491
1636884
10170589
593119
3776470
3781118
445506
1634606
517820
583813
1634750
1635499
1653144
1638194
7677991
3805478
547863
2068890
3775981
263658
470089
8396636
600904
3375740
1997466
488626
1693869
330946
416318
2573835
5558181
490987
3807947
1639764
493314
1687995
1996229
151981
610913
5557963
2075325
1638165
1640420
5561475
1639702
9515157
380147
322852
13362958
512290
423443
601800
594288
608316
1639791
1641183
3384243
476095
580106
8402579
438662
1641601
1641612
1633645
1645178
146142
1117213
378784
1679021
1641901
12726625
1642061
8396402
11088854
1642220
523866
1642396
1999407
280254
1634604
1641548
3806752
1642996
1093873
378632
1643033
32740
2002400
214436
1643417
1643444
556071
2039762
3783800
367255
1643718
342975
1643871
12781494
9058873
209470
634936
1644144
1634989
2607200
101856
95613
110247
9509214
594550
1643367
1644523
1643595
1644688
1644747
2003565
1644844
397692
3777621
137194
1645088
630356
106565
167963
640033
1645258
3804689
1645372
1645395
3804422
1639892
60628
1641257
1101353
3785015
1638655
1998045
556102
545012
1645939
66108
382600
29681
2069461
370104
310807
297055
3344113
1646324
349684
1646398
302671
4746306
635036
628068
360430
1666994
578559
1643910
616070
1640654
1646705
335528
1644151
1646737
1646788
437003
3350322
1646929
1646942
3789304
3783722
1637536
2615822
206447
2060821
8403159
556073
1646428
375684
259307
5171257
1645610
629915
1642689
2579833
1999877
628183
1677862
375815
613446
1647560
495385
322500
66143
282843
531366
1676161
4631384
1097066
1647716
3803580
236449
369881
109949
118393
608075
2004317
373773
554655
627944
627787
626991
1647987
625634
114536
330924
563901
523899
5579000
1646636
351717
639031
2003663
625763
2613322
1648267
1104895
4617731
1648397
3775614
488919
388079
160774
487513
3394646
362496
627052
1643042
563276
30537
540827
507417
1644262
2003930
542005
135275
2038571
1680433
371952
2611805
428193
566573
206357
480284
1110010
618360
510637
273559
1644610
1105161
375626
1643734
3392731
630198
641759
528748
312800
1646643
311062
1649024
1702768
1649056
1657094
1649094
608297
216184
109211
105506
276912
85673
85735
1649188
594480
236241
627566
307491
521049
12443845
367181
1646845
488139
65808
332547
377022
373629
286252
1680401
106670
2052352
2577046
308994
1646222
1649522
1649524
600524
337961
345036
3774667
497167
370140
88116
114644
345015
206706
1095716
78367
1648238
1649791
1115344
1649823
167535
617433
454267
61697
2045601
1088189
379568
1649905
489658
2052328
1650880
2046222
636288
375128
565150
538879
24218
453683
1101291
236563
1650190
382676
2611476
2060466
1100953
519990
627355
1111134
4647447
638853
592814
632040
362717
1650339
594072
1650370
514025
4568717
4557912
447376
320154
592954
625740
623441
615867
1680545
1650772
515267
435323
175082
448170
1671703
1650791
444123
1678902
522433
252970
2051821
203754
631356
1702942
559658
304123
2042363
563789
1650976
1090433
4728856
3354026
1102871
369644
277785
468479
30226
613121
620756
2041260
459154
575688
1651272
508839
618542
1679280
1113362
1682918
630439
1116025
1651557
541796
1111718
373262
150955
519626
3788101
3776255
1679381
4771445
1672300
611790
221327
195007
474371
591991
3345779
496778
2064196
1652067
460059
2048252
161284
199990
1652379
355853
1652436
3352812
424875
100606
474110
2061372
556573
2610840
167332
361025
497699
76976
87590
87605
611075
1103033
446337
1681373
340396
52731
263706
508803
618371
203056
557330
206728
1649608
447530
67707
464267
9498804
1680873
563301
629477
266393
461074
5580418
307832
339506
438285
48762
395792
416887
371576
1653965
1101097
3351116
378759
1091037
623298
335517
625752
2056276
12426602
385048
205546
478259
452698
2045148
3432298
595970
606158
95510
539441
272655
409212
32346
582328
606865
410065
394285
613310
1655510
1655537
1655549
517835
444041
544304
276767
573326
541184
227347
24364
425864
581013
612679
1119272
534950
615871
1656226
273259
340509
1687542
628195
351667
3365179
88581
1690704
1656589
1656632
318165
1656894
425840
253730
1656926
1656967
1656981
618249
396754
404008
636950
613148
404279
1122730
576302
2056252
1657907
1088396
24652
417347
403653
1658256
1129475
579316
366637
427775
1690373
113903
1658627
406462
397738
2615789
594079
1688230
488458
21768
580606
2586610
396996
1660089
1660151
1084820
412061
193246
1652141
582369
586016
1661347
425781
75024
406549
588380
588381
1655855
221640
1662186
1666962
580127
195988
1704975
1662561
1662589
2055674
455146
388286
139432
1661145
1122132
2058580
1121452
1663125
1663160
310505
397402
620903
2044633
88096
1663560
1120269
1113357
1661163
1662483
1115066
1663776
192589
192586
1663851
1126850
631391
1664177
134634
140894
1664290
1670875
471578
1104566
12778996
377914
112605
1669116
1669148
471455
4586043
389561
3776759
513358
1652437
1665906
616431
5586303
1665018
1666741
1118052
4685849
3776212
625739
1667131
1665894
8609689
1667897
3353547
622983
1668755
1668958
213928
403567
1669914
1670197
1670223
576756
1118066
144255
538747
1117484
1103190
160099
1683867
619230
1671947
75452
388348
323459
1672428
424427
3788748
440695
547695
66783
498599
449041
3350418
1673459
1684325
1673586
20525
1106821
74465
1654486
372457
83381
486805
1098670
542957
371758
3773493
309431
452575
581681
317392
69486
69494
591240
1675253
1654963
5588122
1675393
1675399
1675414
13125594
99979
8409573
1119366
466290
1675998
1676051
1673338
1676423
1676627
1676806
1097103
1094494
1676920
344527
4626915
3350068
1097489
1677526
1677566
576523
2606958
1096504
564327
515060
514519
400725
350525
541804
1096713
1679131
1119273
521505
78337
7514789
498697
1672836
6084102
8402196
558954
559711
287810
1649942
1680142
1680303
526131
369464
239313
451711
1680395
543851
1675777
593304
522110
7517101
8402466
310893
6068752
1680960
1674674
1678819
327037
1681338
1680448
449586
244895
560604
4679382
4699181
1681546
1681553
449106
377045
1681604
570260
1681611
409543
1676919
134619
566097
1681679
450709
1116639
563514
575262
455147
8409883
568901
1681987
1681998
1682001
1682005
548484
1108095
575687
370050
560840
327269
518391
1672840
1682372
557258
1682678
533764
515276
1672201
1683002
432092
1683182
1102296
1682823
1683304
634810
1683436
1683725
347381
513102
536876
1684275
590841
1675259
1685703
1676658
1686320
487570
2036855
1652133
602392
600232
494847
1687678
594512
2044413
312555
9034789
1688004
23395
1686377
2043005
9462995
594828
1688728
1688953
1656675
5157352
596341
9038722
1106612
608868
3784839
638399
9068157
1690193
2615998
7541360
1690793
214519
1690041
1690959
1691737
6074345
625753
617717
1649338
2604672
30044
5572917
595471
551337
1693787
581891
1694361
1673379
313180
2612693
1694486
1694755
1653040
545875
582160
1694520
1695155
3785890
509165
488168
1695591
1695592
1695615
614903
622737
571048
1643719
1695923
1695999
1696124
1696157
620508
1696383
9501175
544175
1690455
383404
1106272
1681242
1679282
1111269
361227
543575
348201
543087
2046155
579726
2612189
431495
563434
1680817
1681695
1697374
490329
408761
563348
86846
4662148
2611694
1697657
449762
414678
511100
490814
344261
1698066
92141
267464
484102
46784
302085
1690525
524267
1699166
3353321
1670967
3385653
92393
466064
1113665
296749
7542424
573820
1114037
1698578
2611312
206679
303696
1700350
182009
1700492
3345373
543684
632056
1648333
546456
1108389
1673320
3784518
1701312
1701601
1701740
1665539
216270
199668
1699167
580093
630231
632402
1651435
4656279
3390836
2054792
1702825
12427107
558948
293003
4671808
1682133
177120
1703061
1106639
530985
1667028
588140
460854
1120487
1703202
1703274
1703275
178896
1703284
4694428
4694429
1703447
1703504
1124652
1703691
570681
193204
1703833
1703867
617851
1700639
177008
1118142
576573
1120182
4767663
1650267
1704032
1702110
1106721
1650444
321633
1703162
1704098
1703808
4767109
3354187
1651250
1652435
2045490
1705065
1123955
198150
1705148
1123965
1664470
629933
1705727
1705748
1704643
1654677
3353740
1657230
2007303
1708880
1711056
1709984
1708795
12437586
1713389
1716867
3357235
1719455
1719826
1721255
1721872
12437234
1722290
1721258
1724246
1726070
1724535
1726524
1725129
1723922
1727397
1727895
1728254
1726789
12437877
12436656
12443096
5595781
12439327
1727942
1729571
1729572
1724983
1729862
1728656
1728801
2564768
1740214
1740625
1745756
1745861
1748164
1746909
1747053
1743026
1746908
1747207
8481396
1750473
1744485
1751343
1742633
2571630
1743985
1749611
1755038
1749519
1748757
1756966
1757277
1757336
1756439
1758393
1756726
1758708
1744701
1759776
1748919
1756166
1761692
3770362
597269
606856
3770395
540626
1689011
600590
1642251
1763705
407451
1743578
586100
489259
583394
496402
522314
2057087
398187
1088240
1765527
1692057
1689840
1694274
597898
1771014
1768859
5636734
1768870
1768871
1687570
1089727
1092695
1659804
2571165
1770217
1770681
1771046
3336315
1689904
1744744
3341069
10216984
1774939
1776049
2571920
1774774
1779122
1779442
3811645
3808671
1780268
1781766
1782950
1781513
1787416
1788956
1784383
1790293
1790299
1790871
5681925
7745809
1788366
1786344
1792009
1792429
1789289
2631357
1794330
1787928
1791446
1791202
10223265
8518351
1789171
1795742
1796500
1798281
1798793
1795179
1789020
1783767
1789068
1795699
1801086
1794877
1795485
10237634
10227160
1804962
8516069
1805830
1806003
1806050
1806847
1808295
1798450
10242417
1806570
1809931
1810030
1775050
1795714
1800266
1810811
1805900
1808929
1811432
12488116
1811911
1812559
1810596
1813202
7786081
12488500
8545920
1815380
1815381
1816584
1816653
1816843
1808549
10231627
1817946
1816509
1816341
1816936
1820347
1818404
1817869
1821267
1818899
1821659
8548908
1811117
1811118
1791844
1822907
1820254
1194249
10254877
1825739
1819406
1822175
1193417
1826203
10255437
1821143
10263881
1827271
1827984
1828062
1828142
12495253
12496429
1828047
1829889
1829978
1830020
1830077
7841656
1208432
1830150
1208733
1830913
1830018
1831125
1828899
1205645
1831768
1828682
7844911
1208196
1203357
1830492
1832230
1831618
1832436
1832437
1832776
1832859
1210842
1833350
1210952
7845840
1210411
2646590
2644135
1834119
1834358
1831911
1201292
1212208
1834793
1832799
1834948
1835263
1834154
1835487
7840971
2646387
1224911
1836006
1216295
1835885
1211286
1836027
1226302
1836274
1835206
1836498
1836058
1836611
1836129
1222317
7847165
1836997
1837011
1837052
1837128
10274282
1836126
7848116
1837345
1837513
1836937
1836347
1224138
1837789
1838196
1224253
1222834
1226644
1225610
1226750
1838114
1225295
1837905
1838188
1838201
1838286
1227873
1836652
1223084
10271016
1839289
1240348
1232785
1839140
3492015
1232932
1219350
1220389
1839560
2647398
7849723
1237315
1232953
1232732
1233301
1235191
1839852
1230656
1237498
1839932
7851417
1232952
1839969
3493249
1840169
7852453
3494935
1838947
1245032
1841341
7859469
1841415
1247558
1843489
1843490
1843723
1250112
1254027
1843788
1844431
1254537
1253533
1255823
5067124
1250621
1844876
1844583
1846520
1846752
1846456
1850672
1853237
1871287
1871735
1870783
1870230
1872148
10800281
1871284
1872506
10802070
1872533
10798702
1872662
1871694
1873132
1872421
1871754
1871661
1870642
1872688
1873772
1873035
1873374
1873593
1874148
1874233
1874951
1874336
1874319
1874362
1875481
1874809
1875565
1875944
1875478
1876239
1876633
1874699
1880267
4520319
1881006
1884515
8275694
1885308
1885676
1886709
1886725
1884587
1883197
8272307
1883795
1887376
1888128
1888186
1885825
1888309
1887753
1888668
10853906
1888802
1888351
1889190
1889192
1889399
12094500
10865150
1888888
1889235
1889359
1890346
1889597
1889514
1889622
5321448
1889719
1889707
1890600
1890716
10865001
1890051
1890310
12350151
1890745
1891569
1891651
1891939
1891941
1892128
1892129
1892167
1890980
1891145
1891720
1892293
1891232
1892550
1892710
10870549
1893271
1887416
8673787
1893467
1892873
1888958
1893589
1892942
1893613
1892261
1893630
1888188
1957198
1893869
1893918
1893348
1893441
1893574
1894236
1894254
1893645
1894276
1894339
1894342
1894491
1893890
1894601
10874106
1894675
1894677
1894695
1894743
1894749
1894760
8677979
1893992
1894898
1894130
1894232
1895274
1894509
10876464
1894637
1894464
1895418
9403373
1894782
1895579
1895584
1895618
1894884
1895654
1895655
1892457
1894812
1894811
1895696
1894982
1895749
1895777
1895786
9402975
9406131
1895793
1895836
1895873
1895947
1895332
1894555
10873314
1893736
9404751
1896237
12107958
9405232
1896362
1896382
1896409
1895705
1895622
9402939
1895003
1895025
1896552
1896558
12357439
1896620
9406478
1896783
1895978
1896880
1956709
1895486
1895365
1897261
10878282
1897331
1897417
1897436
1895518
1897477
9394842
1897607
1897622
1897681
1896355
9389962
1897781
1896527
12355473
1896626
1898054
1897097
1898207
1895892
1893061
9393823
1897368
1898493
1895881
1898552
9395733
1896358
1895462
1896210
1896364
1898791
1897701
1896337
1898920
9400784
9400021
1897652
1897698
1895783
1897946
12355913
9396593
1895912
1899868
9395304
9397220
1900075
1898778
1900089
9394717
1899073
9393608
1897898
1899184
9385242
1898395
1900928
1898401
1901304
1897601
9395394
12356809
9408396
1902553
1899430
1901233
1902733
1899443
1902748
1902756
1902762
1899704
1903032
12108808
1899943
1898860
13809585
1901324
9397218
1898870
1902028
1903000
1900651
1898046
13898965
1902627
13106657
1899665
13809581
1903175
1903234
1901023
1901067
1904786
1904814
1899929
13812946
1904923
1903438
9385074
9382775
2151943
2151679
9387228
1903739
9388278
13106672
9386432
1900363
1900393
1905583
1900429
1902309
2152475
1902472
1900980
1902484
2152115
1905733
1905735
1904403
1904458
1905792
1905833
9400287
1899809
1899530
1900995
13812924
1904845
1903311
1906235
1900961
1904706
1907229
1903453
1906354
1906442
1900015
1901398
1901399
1901819
1901716
1903626
1906561
1905388
1903990
1906757
1905504
1904034
1905610
1906817
2153245
1900377
1904228
1904296
1904320
1904321
1906909
1904729
1906922
1902501
1904397
1905744
1906055
13106596
1905095
1907145
1899550
1907313
1905236
1906472
1905404
1906598
1905443
1907551
1907552
1907593
12113895
1907900
1901771
1908027
1903881
1902087
1907432
1907532
1904180
1904184
1908287
1905672
1907882
1908655
1903865
1902084
1908845
1906687
1908957
1909025
1907099
1903880
12116837
1907397
1908177
1909451
1902933
1906905
1909571
1909602
1901426
1905552
12117345
1957632
1896679
1957853
1895323
1957726
1894994
1956913
1893480
1957822
1957646
1958029
1957990
1892753
1892934
12361432
1958027
1959154
1957865
1957589
1958812
1957813
1959153
1958899
1958457
1958210
1959308
1958871
1958036
12366978
1958799
1959178
1959363
1572864
1575827
1575980
1573223
1573901
7584213
1968467
1965885
1574560
1577258
1574624
7584347
1576790
1576732
1574590
1967046
1967205
5427804
1967207
1966418
1967310
1967537
5432658
8316331
1581524
1967964
1968305
1577815
1582241
1576385
1576761
1968751
5433474
1580907
1969400
1970255
1969682
1970057
1970515
1968436
1583202
1580284
1971007
1583619
1970749
1584120
1580819
1583125
1583488
1970948
1582495
1970289
1582607
1582595
1970310
1971834
1972141
1582941
1583633
1583719
1583838
1584398
1584025
1972434
1973420
1971815
1584519
1582649
1583516
1584068
1584069
4535282
1582987
1584620
1973240
13697180
1972786
1972830
1972931
1972199
1586264
1584393
8891568
4535811
1971778
1973006
1973136
1584397
4534883
1582149
1972927
5447875
1586159
1973312
1973138
1973314
1584395
1586350
1973139
1972809
1583946
1584063
1972867
1585807
1586909
7599937
1973463
1972928
1971281
1971765
1972964
1973503
1972985
1973266
1973118
1971594
1971054
1973532
1973535
1586050
1586049
1973622
8897233
1973638
8892107
1584481
1586170
1586280
4536800
1973781
1973823
4535896
1973911
1973925
1973980
1974127
1974133
1974138
1974235
1586240
1589044
1587613
4537340
1974485
1589385
1974580
1974687
1587614
1974746
1974868
1589606
1975387
7602683
1975625
1975658
1975671
1591820
1975750
1973301
1975172
3269482
3264572
1586143
4536418
4538003
1590999
1589023
1975999
1975450
1975454
1588457
1976060
1976062
1591848
1976200
1975661
1976221
1976236
3267291
1975758
1976325
1595270
1586547
1593307
13390713
1976430
1976444
1975378
1588221
1976495
1975966
1976553
1974937
4537912
1974956
1975541
1591247
1975574
1595143
1976962
1977039
1977050
1976093
1977289
1592859
1977455
1975624
1593190
1595295
1593314
1977564
1595585
1977635
1977669
1976513
1591157
1599942
1593560
1977741
3273476
13697149
1592822
1596170
1977864
7604348
1978031
13899128
1977063
1978218
9170927
1978267
13381596
1604671
1599605
1981565
1981566
1592828
1978326
1598151
4847352
1598208
1976291
1599853
1978498
1977552
1596510
1975805
1976483
1596607
1595635
1978592
1605911
1600061
1979308
1602793
1593619
5463710
1981211
1978948
1978953
13816920
13816919
1978964
1597992
1592442
1976606
1979091
1976662
1977185
1593407
1979156
1979157
1977413
1977229
1591032
1598332
1599960
1979288
13884366
1603907
1603887
1978638
1599508
13698575
1596127
1601009
1979691
1976843
1612966
1979700
1979751
1595371
1596470
1979194
1979792
1601289
1607161
13381507
1603919
1979880
13903362
1606006
1980023
1599123
1978726
1980356
1601027
13899403
1979801
1977191
1592013
1598324
1605924
1980597
1591266
1600120
1602298
1604323
1599655
1601269
1978421
1603039
1981048
1599889
1979253
1598331
1601461
1599973
1596681
13816908
1981104
1604416
1602110
1980433
1979108
1979206
1604804
13381440
1601480
1981568
1981570
1596678
1981575
1608230
1602388
1981856
1981857
1981864
1981869
1600772
1597479
1981941
7612094
1602535
1982003
1982005
13811767
1601206
1604783
7618276
1981564
1600257
1604077
1606689
1601565
1607086
1604221
1982486
1604331
1981993
1593057
1982550
1601029
1982581
1980455
1982157
1607277
1982670
1603893
1982730
1982750
1605097
1982894
1602932
1976239
1609430
1983110
1601512
1983261
1982767
2527601
1983373
1983396
1610742
1981882
1603295
1608932
1601506
1982866
1983646
1983011
1604434
1983669
10157853
1611311
1609422
1981076
1983710
1983761
1611517
2526944
1983972
1610188
10151203
10151202
1984013
1609831
1605592
1608360
1606558
1983586
1612821
1983522
13719985
1602284
1602582
1607033
1984275
1982585
1609369
1605066
10154464
1984781
7633032
1984786
1984820
1611490
1611553
7627132
1985399
1985687
1985776
1603171
1604971
1983123
1611484
1984833
1985824
1609527
1984824
1612241
1985117
1986185
1983525
1986226
1985257
1984244
1617219
1983666
1983691
1986318
5495975
1986460
5496011
1984386
1612247
1604995
1984917
1605935
1608290
1595687
1983598
1612973
1987228
1987386
1986471
1987540
1987568
1986323
1987606
1616344
1984019
1616744
1987999
1984886
1610394
1987098
1987102
7639520
1615978
1988195
1988332
1988341
1987391
1987440
1988433
5505482
5518094
1988484
7656477
1617376
1986341
1988575
1988622
1616132
1988728
1616752
10158750
1984856
1987125
1985206
1986184
1988039
1614301
7641051
1988941
8375828
1988202
1989035
1623457
1988248
1986424
1621583
1989254
1619205
1988343
1989500
1988695
1620571
1989581
1988677
1612234
1986401
1987950
1989661
1612955
1989762
1989924
5528870
5531411
1990178
1988627
1613240
1617920
10160478
1990707
1990708
1622404
1624191
1986756
1987688
1990372
1630423
1618208
1986939
1991056
1991214
8383876
10164870
7661013
1991414
7662751
1623739
1991709
1634621
1990538
1989022
1628177
1631515
1627241
1990932
1628793
1991026
1992491
12713736
1635115
7664105
1992590
7664279
7663361
1628297
1993121
1635939
1992375
5548317
1993292
1635156
1635165
1993610
1637602
1630803
1990560
1993905
1992698
1635730
1992130
1993031
1628607
1992340
1636818
1994157
1994194
1991073
1640734
5550031
5539889
7672468
7665502
1636205
1994405
1636352
1993690
1994682
1636473
1992898
1990866
1994805
1992157
2537842
2000747
1994854
1989801
1994893
1637727
1633606
1992450
1995350
1995397
1995398
600787
609804
7675867
1995542
599639
1638187
13390422
1632922
1996023
1994846
1631408
1638776
7670700
1640700
1996155
1996523
1996527
3781224
1993830
1996828
10167607
1996976
7674491
510383
2577088
427797
1647119
1997234
512617
2551341
2040233
7677022
5568192
1996835
599951
3780994
314470
7677091
1998136
1641701
1655498
1097556
1654144
555057
1652158
7675696
1998399
521342
8400497
494187
1998797
327551
1993798
1646605
401286
1998935
1998953
358964
580404
3773196
1995932
467895
1998165
1999271
1996124
544980
1681772
2593410
2001908
1999349
539629
1999580
601282
2039490
430285
7677056
1999893
1997881
3344570
1999201
612392
307102
600696
307024
177136
7683111
439155
2000246
2000304
1999578
237059
601397
385350
1642571
2000488
508329
2000575
1647370
7666553
367585
2576321
509257
250317
2000952
2001132
2001139
471647
1645658
2001260
1657298
1993341
1992773
1992938
410161
1650542
1111277
35701
2000717
2001533
1646708
2001578
2001579
367678
5272745
2001636
316038
2579804
510722
1672035
1646295
1646444
1644733
7677578
372091
1996129
2001891
1687663
8399304
1996503
2001313
1642750
7674026
3778858
2002119
1648158
1999897
1690566
1999957
2001484
1645818
9507718
9463684
2000804
1650400
2003393
101282
86560
1647948
2003431
1646041
1647845
507090
2003313
1645288
599221
5576344
216815
1643199
1641996
1645370
2065447
1643300
9054556
8407343
2002431
2002432
446373
1647210
1650418
372157
2001181
1646313
1643606
1639911
3808000
2002582
96013
1122159
2573300
2002641
4771017
1996502
1642531
428398
1645017
1645081
1642756
2002753
2002758
1648979
1998107
478542
1642912
5584493
2002983
1702398
1701907
2002992
4680695
7694294
1649871
9305616
8410266
353319
2003035
3772872
1651136
86723
438467
1648635
1651852
1648652
2065532
1696622
1647705
1647713
4705807
457627
1645421
620641
29699
1648745
1646043
2063501
3781727
324044
259241
544413
8628710
110879
345071
2045811
412913
628137
1648160
1648110
1129685
1642857
477415
1646715
1649694
2003685
5590973
2002921
1699743
2003840
560058
12726043
3380233
1113961
2003915
1096412
24729
1714207
5576190
2586281
2586280
501034
2004153
1655035
10187016
2003226
9048715
2004331
2004352
596135
598177
593038
1676746
1710951
1708624
12443935
2004621
2004727
3780887
140218
2611963
2004789
624134
604942
2004880
4609628
371664
140852
85450
442093
338079
3787998
2004950
4763740
1704783
577135
4584848
337914
1649206
1704786
2005084
6087366
2006514
525541
377486
1649598
1097583
54294
1704079
273878
1688723
1664377
1117172
1696212
422013
1650019
456333
1658318
4661028
364975
2004484
2044392
2005823
2005210
546046
2004515
1661064
2006387
2006446
2005070
2007127
2007157
2007859
2008108
2008256
2008258
2008281
2007432
2008333
2006602
2008553
2008681
2008090
2009105
12436709
12432709
12432140
2009196
2009758
2009759
1713593
2009086
2010400
2011416
2011446
2011534
1713559
2012888
2010283
2011736
2011761
1711732
2012330
2013000
1715346
2017106
3355754
1710969
2011303
2014290
2008332
2014748
2012711
1713392
1716262
2011589
2014350
2016182
396965
2048817
1688472
3775459
426166
1686216
1695503
1660828
1662428
1748025
1761360
1758558
2032125
3779338
2032383
1751028
2031622
1761367
9510041
1659480
1656175
1658367
1672603
1688332
596660
2044212
1653282
2058784
1687087
1115367
149186
565815
592914
437460
1659538
549213
129844
325681
4758963
5168800
2001839
1092779
3772988
4725873
2036796
535934
349976
522376
267579
6066927
2037555
263547
207048
1654623
1092645
596594
1090752
597046
1677343
2038200
1686051
541534
2038402
9033962
390253
471032
2038544
63900
3805387
4636419
353623
1089362
2034986
1685411
594792
3781439
1095370
1685308
365739
9062465
2039750
357343
554185
1686837
136558
382606
330885
108369
373972
2040909
194573
2041107
12340353
2041148
3328030
337307
1677504
12745918
497995
454564
75865
289309
1648431
1648701
8381
198517
2042558
307393
2041934
2042691
4549416
2042945
1117504
2043101
3779433
4608946
1113806
1668127
1696969
1113705
1113139
1114035
1700422
4613041
4613043
1115590
2043368
2570968
3388299
280726
1109451
2043943
1653060
1682520
222878
2043209
3390203
2043940
5583255
2044405
2044415
547736
1651929
1117353
1654153
371943
153125
5586388
369706
369708
2045129
199406
1682489
4695018
2045280
39120
313260
1117068
1662631
556800
2046427
2581545
2005760
4773109
2046861
3776587
8267627
1120696
2047174
1664312
2047218
572481
1664975
12444117
590253
583578
5587150
583979
1117555
1671640
4726763
194251
2048920
1648922
602172
612497
584304
1094381
1664201
12733848
552246
12781390
2050256
593685
2048312
2048334
377926
340852
2050484
2044815
555874
2576636
579299
1668512
2051540
3365820
347494
473312
2047760
172919
1674993
4692852
1698565
2062438
525497
2052539
2052572
2046863
2052607
2045897
2052912
2575955
2045580
2053203
12345112
2043769
2044544
1666486
196640
1669882
3385724
1670057
2055064
60649
61223
2054190
4656846
514774
539112
9516942
2054755
94889
308887
2054514
394356
2048111
355588
2049571
2055360
2055361
602021
572252
488731
455801
1680199
511185
357754
4751141
3353681
2055922
1672244
193147
2056043
244843
2048404
3803586
1684111
2048605
577521
1657283
2043537
2056473
429951
2054906
1679619
596194
1656020
577453
204586
6088162
1697476
2056413
2056634
12780856
464071
1697592
12344432
2056897
1697486
2057101
127622
1662946
1999190
2057212
1658074
615449
2056947
369287
1671173
577672
2059092
396814
2056913
51017
9046169
2057768
585457
615534
2057853
407258
1657520
2047485
415664
2057983
9310868
2058213
199606
424099
2058295
214010
161228
2058327
2058420
2058462
3779573
2057356
2058846
2058862
10192923
408903
2059195
2057098
9306352
2059416
2059497
12781903
1670249
2059850
2060085
2059534
510591
2059919
3782794
576684
254008
2046053
402277
1099723
2060693
2058492
2059633
8614229
2048937
2056329
2060933
448958
9463073
355243
1690986
610695
2061202
1094273
446048
1654480
1100770
1693180
1998097
2061590
1678513
9520879
465593
2061871
2059376
8419076
2062005
9041003
2062157
12778016
415077
2051436
2061991
551644
594896
499732
608299
590694
549333
2063075
5272808
2063087
2063099
2039717
1686749
554528
2069967
475072
2063730
12443427
340368
526227
375383
465962
12781285
2591029
4684431
506721
2064262
449646
279713
2064320
218249
2058909
584508
584514
2064139
1677765
8409582
129872
473846
585759
1690690
2058837
2065255
4747996
1697534
2066636
30047
1689308
486231
1678367
2065231
2066376
2066379
74425
1086819
24407
1094231
1681601
2061496
138028
2063245
1672628
252765
3367998
93581
400815
627461
2068287
1693503
1694468
2069854
1659638
2069907
467839
465278
2609646
2070296
2068482
277397
2070532
2070533
596202
1120150
3792752
2071460
2071541
519907
2071949
8613943
605924
118201
383932
2068118
2073410
9035808
2073465
7683282
2073564
2073724
2064723
2074030
1690291
2074256
2074467
2037312
545974
506764
1680490
2075297
1689757
2075508
2073619
638626
1769053
1690885
527054
2076899
1688026
2077146
2075548
2077416
2073529
1691986
2077793
2077937
2076024
1694853
3803534
2069530
2031841
2079103
1766930
2079147
3446087
3442346
1695544
2077618
2080543
2078870
2081307
2081574
8485727
2075412
2071400
2073378
2081935
3790267
2079239
2079520
2082299
2082329
2082564
2082863
2032162
1764400
2079002
1770901
3808982
2032165
2081811
3799404
8481573
3806832
8492518
2032321
2083320
1691072
2087122
9081958
2068914
3807466
8486304
8486918
8486919
8487069
2093522
2079507
1764262
8486800
2095783
2093371
3805364
2076403
2097990
2099015
2100682
2100795
2101073
2101089
2101291
1775159
2099236
1801458
1783075
2106854
2107420
2107061
3818993
2112726
1775102
2113831
3821276
2117743
2114076
2110066
2118613
2122693
3815416
8529701
2122500
2116303
2125798
8531594
2127564
2118179
2129738
1204059
1835388
2135529
1217810
2136617
2137121
2138519
1216247
9375439
2136560
1217752
2135605
1217706
2141631
2139404
2647014
2143638
2143924
2144299
1218553
2143062
2138635
1218804
2140939
1218803
2146518
2146687
2145343
2146384
1215907
2138391
2141550
2138702
2147737
1837270
2142697
2146126
1223250
1835593
12832563
2148741
2145042
12833278
2142799
2148394
12833247
2147440
9381499
2151174
2151381
2151427
2151651
2151696
2151698
2151726
2151747
2151759
2151784
2151787
2151915
2151920
2151922
2152021
1901568
1899442
1904579
1898670
2152193
2152194
1900903
2152247
1905862
1901625
1907665
1901622
1898853
1897421
1900368
1899083
13758859
1902146
2152399
1910075
2151549
1900431
2152405
2151567
1905032
2152525
2152138
2152542
1899294
9389086
9393328
9389142
13873932
2152564
13758522
2152570
2152591
1903070
2152143
1901571
1901772
1897367
13758981
1901561
9385468
2152874
9394240
1900604
13106307
2152119
2152708
2152643
2151592
2152300
1905251
9387188
9390052
1905602
9384864
2153447
1902494
2153454
2153525
1903680
13376817
2153157
2152765
2153367
2153777
2153424
2153780
2153805
1901709
2152203
2153423
2153497
2153106
2153922
2153951
2154103
2154106
2154180
2154205
13809556
2154234
1901333
2154366
2153467
2154182
2154375
2153891
2154220
2154406
2154419
1300114
2219199
2220201
2219426
3621259
2219784
2220611
2220612
3619064
2219900
2220926
2220193
2215485
2221089
2221090
2221093
7263178
2220785
2221720
2221174
2222878
2220821
2225655
2228861
2229124
2229807
2230712
2231600
2231755
2231667
2234637
2235714
2235406
2236181
2236600
7281923
2235936
4484590
2235834
2237693
2237696
2237353
2238394
2234975
2236754
2239310
2236039
2239554
4486969
2241866
2242170
2242178
2239022
2242806
2241825
2243964
2244255
6726797
2244523
2244918
2247061
2244169
2245889
4488606
2243417
2241908
2248004
2245881
2243608
2246908
2247358
2244721
2249809
2246207
4489296
2254341
2247827
2251257
2251491
2254583
2254627
2255436
2254031
2240013
2256399
2257277
2246365
2260728
2257593
2260758
2260964
2255378
2248549
2255499
2247328
2257173
2247317
2260743
2263432
2260271
2258958
2261705
2255979
2256048
4504608
4506352
2378503
2379413
2378685
1746011
1765344
1752736
1784920
2479468
1788958
2479919
2481036
2483058
9255318
2483637
1795712
2485430
2485605
9255495
9257970
2487662
2491895
2492192
2492200
1811086
5715347
1810147
2493781
2490636
2493941
2494287
2495991
2496421
2493703
2496610
2495138
2495142
9288012
2490721
2495260
2495118
2496727
2489645
2497865
2497870
2497875
2497883
2494648
2496141
2496401
2495016
2492256
2490766
2498938
2496775
2498939
2493976
2488342
2638947
2497042
2494908
9288066
2495390
2500492
2499090
2498253
3850174
2508601
2508602
1179266
2508763
2512016
10984800
1173851
1175354
9375624
2522189
1165889
2523285
2524324
2523123
2523383
1606259
1983689
11160228
2527941
2527962
2527684
2527809
2527886
2528896
2528926
2529044
2528159
1615509
2528438
2529343
5519068
2529745
2529879
2530210
2530334
2530584
1622876
1623007
2530800
2528927
5510801
2530930
2530933
2530962
2531207
9447142
2531511
1989377
1623046
2531569
2531636
2531661
1624465
1990431
2532005
2532036
9449281
5514093
2532441
2532488
1631720
5519077
7646863
2531550
2532894
2537562
5519757
2531852
5522809
2533185
2533192
5516599
1988140
2538117
2531993
2533339
9450303
5515420
5518817
9448446
2533786
2533819
1630040
1990247
2534016
5512976
2531649
2534275
2533053
2534437
1624642
2537168
5515353
2534763
2534963
2535120
2534008
1990350
2534217
5516288
5532768
2535427
5510634
2535597
2535601
5513656
5513543
2535645
9448716
1620953
2534586
2536999
2535908
9451903
2536077
2536110
5519051
9450071
5532423
2536270
1621905
2536422
1624145
2535116
2535332
11142720
5528957
671347
2534088
2536625
671445
9450599
2536859
2535885
5518401
1626753
9451680
2537278
1990877
2535117
1621746
2537403
5522609
2537420
2537430
2536436
2536443
5525662
2537510
2537551
2534414
2532966
1991758
5529221
2535693
5529244
2537734
2537839
2537240
2538107
2538178
2537299
2535308
2536267
5532651
2537232
2538451
2538471
2538552
2538625
1993249
2537590
5532806
1624598
1991049
1625878
2538877
2538893
2538958
2538966
2539021
1992927
2539073
1992204
1629382
7659958
1634322
1632200
2539178
7663805
1629946
1996910
2539619
1628783
2538393
5542455
2537519
9454761
1624648
5539666
2540445
2537875
2540668
1994952
2541004
1994958
5522895
2541150
8390816
1993896
5544822
2542235
1640641
1634967
2541755
1993030
2543230
2542124
5545006
1998879
1643407
7665128
8388312
1639308
1996708
1640441
2544286
2544595
2544596
9456638
2002168
7677104
240646
2066374
143190
2545296
2002506
2545630
1647776
2547834
12810560
9466835
2548715
2548737
2548771
2547706
2548820
2548893
9466240
12453976
12452950
2547689
2548421
2549116
2548526
2549158
2549168
12455933
2548672
2549376
2549516
2549535
2001182
12810493
2549909
12809700
9468706
12812854
12810635
2550040
2549573
7708069
2550119
2549449
2550271
2550367
2549732
2550383
2550901
2547836
2549969
2550574
2550611
7705305
2550667
9467671
2550692
7728427
2550025
2550931
2550948
2549100
2550986
2547865
2551057
2549558
5657348
2551304
2550913
2549717
2549741
2550995
2551421
5627863
2549266
2551570
2551604
2551624
2551696
2552006
5620100
2552777
2553372
2554851
2553981
2554472
2554756
2554754
2554759
2554767
3365135
2554459
2555850
2562380
12439256
2565229
2563279
3374755
3807868
313040
382784
601832
3382297
2565461
2566717
1663305
616102
575806
618753
9079683
1094075
397761
619461
2568123
2568199
2568342
2568379
342984
2568472
8473693
216741
216742
2612206
2033157
600496
1762924
2595510
2616811
420192
457113
3381746
576818
1760629
2570269
2569922
1687028
2613469
1082970
1748230
2569226
609956
5284345
1746372
8477291
306819
2618965
567278
259178
2045136
354118
538920
2570511
500984
2569044
9035111
2572691
2572731
2049530
635000
2573148
299328
299329
4706176
184932
2574162
2574305
2573471
2574408
1684797
528519
12423057
526289
2039471
2575115
10186721
4604970
229689
229691
8403941
2577985
1696626
84362
2578114
343307
2578780
2578820
224179
2579219
596337
4637839
231093
1677164
154126
150848
3384003
1653224
2580507
221108
345874
40335
534170
2582148
37166
604927
452821
555023
2575972
4609076
138787
108007
2582133
2060230
13714829
2577534
4772146
118335
118329
377257
2582654
480486
507064
2575981
9050913
4696035
472195
2588202
2586879
531535
2585145
435161
324915
1672409
2591581
509682
506211
304118
2591957
504672
488495
479865
14749
440686
501303
12443474
539440
505550
544070
478981
2593077
9507423
492979
2576303
2594219
2583534
72758
430749
451506
498930
98269
2595037
531102
239269
2594672
598636
2594736
2595952
12340064
511014
85333
324057
2577801
4545909
12780058
4706836
4706835
2598193
280754
379836
2598547
2598702
2598831
89868
89874
3231
292169
288323
2606330
78894
4664731
2595072
2599665
341446
326776
2607294
4755973
4607145
2605669
2599285
309895
2600768
44031
2598464
2578368
184100
103259
81268
2601338
301027
220269
2601725
1683052
1651133
428498
2602344
152216
494316
108343
2605209
12093352
2603087
490119
531677
238722
2563
65124
459596
4731598
2604123
2604826
103858
97323
9305443
108298
98549
133961
306112
48876
333604
69149
551089
2605631
2605634
174120
70843
1113533
231942
2599831
595550
159777
546559
242643
566810
41167
58818
97040
2606438
2606483
611510
493676
8410304
523653
523654
2040794
1671873
2594388
2607896
60517
450938
2058973
2608193
2608199
516954
3772298
508485
1682217
2038563
404555
466422
8409813
2609453
175004
2609508
2608719
499461
517972
2609940
2600021
2571680
211112
583669
2609877
2610481
2063353
1107758
2609266
2610875
589637
561395
614964
10174190
506514
476629
2607207
2611519
1114273
29181
8476931
4705870
221063
4693753
8477762
4695778
2612253
413402
202648
472083
2579698
2612656
8477707
2610176
1693564
194986
368072
2041399
577756
597234
224046
2613467
1103205
4694436
1690568
579875
2614452
2614510
2067245
2614232
8477281
579494
2613202
2062880
8478102
2569953
605773
1686715
2063300
2615697
3791551
2058321
1695506
2034499
1661637
471232
1651397
2086797
2616060
584841
1660561
640632
2072902
2032932
2616715
2067931
1693466
2072217
1765447
2616915
2031798
2617329
2085596
2617475
641747
1693073
9067116
2616903
2617787
2619628
2091940
2080336
2619874
2620111
2069662
2620358
2618254
2617980
1769501
2088549
2625212
2090254
2618513
2101032
13892035
2619479
1768015
2621743
2621610
3809396
1787418
1795645
1804890
1787179
2629812
2629978
2630101
2630383
2115995
1802108
1791916
1789116
7759027
2632127
2632191
1790609
1804409
1805093
2631145
1801742
2632280
10229663
2633182
2633195
2633214
1795667
2633262
10230583
10227839
2633306
2633460
2632719
1802313
2632027
7771681
1778550
1798346
10229496
1799459
1795509
2630932
2634362
10230475
10231868
10230775
10229487
1802274
10230965
2634838
2634956
1799562
7772055
1806328
10231181
2635198
2634325
2633612
2635667
1805671
2635981
2635991
2636067
2636079
2636262
1792022
1793801
2635703
2493023
2636685
2497097
10237709
2636919
2636929
2495960
2636242
2637188
2634632
2637211
2637217
10231830
2636649
2500012
2637257
2637283
2497010
2638336
1830133
2638405
2638427
2638607
7787456
2636964
2634376
2638718
2638730
2638793
2638806
2493834
1819367
1817043
2638938
2638253
8560029
2638625
2637827
2639774
8557112
2639921
7795806
1824374
1826835
1821436
2492594
2494003
2640611
2640645
2640663
2641187
2491596
2640455
2641925
7812643
2639290
7819218
2641203
2642653
7805031
2642782
1830055
2642828
1816989
2642855
2642857
7821414
1210778
2643194
2643275
2642138
2643362
2643459
2641571
2644051
2642754
2643623
7814244
1204516
1828939
2643674
2643763
1828015
2643908
8561376
7821846
2644011
2643587
2644074
2644075
2644080
1209302
1832837
2645309
2644114
1208480
2644174
8564471
2644190
2644247
1832621
2643877
2644318
2644366
2643453
2644033
2644036
2644460
1216982
2644496
2644951
2644916
2644544
7829646
7829776
2642882
2644618
2644640
2644683
1203478
2644727
8563266
1833277
2644317
1205918
2645125
2644803
2644804
2644830
2644835
1208880
1833546
1205208
1833392
2644949
2645006
1830223
2645040
1833267
2644289
1833237
1209862
2644802
7837346
2644840
1214948
1218566
1207482
1216120
2645178
2645635
1225955
1831961
2644869
2645871
2645898
2645670
1224030
1226459
2646037
2646043
3492052
2646076
2646078
2646085
1835201
1223171
1220629
2645933
3489649
2645995
1211102
7845902
2646356
2646361
2646365
1215804
1221871
2646269
2645515
1835847
1220415
3488475
1223053
1835455
1835237
2646564
3490479
1227396
2646476
2646722
2647190
3487327
2646904
2647261
1224525
1223717
1222438
1221905
1221930
1228002
1225531
1225492
2646567
2142434
2647281
2647328
2647332
1227423
2142545
1222981
1228582
1218133
12500631
1227898
2646819
3492752
2143809
1227166
1225954
1226961
2647587
2144362
2649094
2649236
13696520
2650349
9380003
2650914
2651172
2651399
2146679
1223207
2650912
2697039
2697080
11253887
2702441
2719137
2716741
2719052
2990346
2719168
2719663
2719424
2723213
13802562
2723258
2724967
2725197
2724455
2731539
2723478
2744884
2726674
2747955
2726143
2727180
2727127
2727139
2727279
7938624
2737842
2727590
2724620
7942410
2752229
2725671
2731573
2729637
2727293
2730105
2729193
13803029
2757531
2729958
2729654
2730801
2729011
2726805
2723675
13856349
2723759
2728235
2725395
2732716
2730606
2729062
2731333
2733659
2734634
2731530
2730025
2736015
2733201
2733077
2735366
7944759
2733111
2731316
2733367
2725586
2732340
2730211
2732662
13351542
13186589
2736750
2735971
2731809
2739361
2733423
2723370
2741026
2742144
2727186
2739042
13734857
2734009
2729521
2739795
2737032
2743664
2730434
2744656
2731386
2738575
2745258
2745348
2746155
2725668
2734251
2737099
2735180
2732853
2737378
2732630
2747473
2737483
2748201
7943087
2748229
2736826
7943629
2748676
2741167
2739291
2737054
2737257
2748549
2740330
2743469
2738661
2735723
2745361
2746032
2749189
2742647
2748268
2742168
2738257
2749406
2749359
2738055
7943131
2749142
2749546
2748933
2742652
2744558
2740112
2746079
2749808
2732307
2741852
2741272
2746945
2750218
2750117
2747326
2751086
7945148
2750556
7945492
2750727
2742505
2747646
2750745
2727133
2751410
2737422
2737177
2750547
2732211
2749884
2736902
7942558
2735659
2751234
2736021
2751436
2735405
2749704
2750711
2740629
2751429
2738123
2728664
2751523
2751051
2748171
2742539
2750913
2739955
2738941
2747725
2746832
2751699
2736903
2751459
7944606
2737491
7941911
7948234
2737529
2751577
2747605
2738394
2751538
2750238
7938339
2725412
2737732
2734057
2732592
2752452
2736668
2746825
2748467
2737245
2728223
2752723
2750665
2747158
2746878
13353085
2733616
2734098
2731423
2738218
7939929
2744263
2753458
7940545
2750473
2746570
2737675
2738737
2746554
2738037
2733649
2753265
2731164
2751917
2754519
2750685
2738835
2753860
2747954
2751801
2729951
2729957
2757112
2750132
2752257
2759136
7932380
2747173
2744110
2762731
2765441
2765894
7936080
2768835
2771797
2765335
2762372
2748326
2762892
2740502
2755490
2744856
7937022
2757329
2759543
2774689
2776549
2774772
2751138
2727839
2727290
2759423
2756374
2754449
2777235
2744463
2758468
7936450
2749476
2758519
2745850
7936858
2763460
2746980
2775591
2778776
2778818
2776253
2777671
7934936
7936615
7935891
7936957
2740823
2779480
2749793
2739474
2779005
2749754
2777539
2776270
2750341
2743907
2776312
2739085
2777604
2740813
2747920
2779607
2749198
2761988
2747191
2778466
2740210
2778541
2727982
2776585
2779249
2741640
2743323
2747485
2748541
2779282
2726959
2779678
2779790
2779492
2762789
2779002
2742446
2754722
2755191
2759702
2776351
2742971
2748785
2746387
2776626
2741319
2741633
2777873
2743991
2755495
2755500
2780080
2757735
2780112
2777353
2741722
2779603
2772797
2746123
2773591
2779300
2780293
2742552
2739094
2777809
2777844
2780362
2778968
2764002
2777523
2779621
2780455
2744330
2777869
2745204
2750012
2780578
2748450
2750044
2780357
2776522
2778535
2738929
2747956
2779946
2755073
2755077
2742613
2779018
7937595
2749217
2779673
2727511
2727510
2727514
2780729
2780730
2749289
2739729
2778215
2779524
2780771
2780772
2740788
2745649
2745384
2741316
2780707
7938855
2780973
2780660
2779536
7935775
2758244
2758661
7937290
2781495
2781173
7935246
2772787
7937556
13736704
2773117
2772961
2781108
2781350
2780677
2763873
7934912
2783312
2774142
2781491
2772261
2781550
2784347
2763513
13858047
2783561
2782086
2783637
2773496
2785183
2781049
2782824
2784745
2785749
2782890
2783927
2783974
2774198
2773802
2786026
2774838
2782293
2786653
2772745
2784665
2786019
2805215
2810598
2810184
2811304
2811224
2811020
2811443
2813566
2817798
2809905
2817696
2809767
2818020
2819928
2817927
2811315
2819127
2820607
2818161
2818273
2821431
2820217
13168953
2817643
2810496
2821135
2818259
2817951
2821250
2821616
2822713
2821514
2823384
2822520
2823550
2822783
2818517
2812923
2825286
8184699
2818611
2830514
2831766
2832914
2832664
2832294
2832971
2833471
2833349
2833708
2833961
2833638
2834308
2836903
3006778
2843057
2843025
2844557
2844376
2843827
2846315
2846396
2846615
2846383
2846739
2847156
2846350
2847543
2844030
2847266
2848576
2849185
2848789
2843372
2850169
2849755
2850126
2852155
2850437
2852247
2852574
2851495
3129758
3111740
3130089
2885510
2886573
2886824
2888707
2888722
2890623
2890068
2890799
9616187
2891400
9621811
2885617
9624733
2892223
2891029
2892533
2892393
2893272
8787093
2893463
2893474
2893306
2892739
2892487
2892904
9612444
2893916
2893939
2890223
2894559
2892499
2894168
2894200
9955973
2894338
2890708
2894661
2894662
9953055
2894668
2894744
9623831
2887627
2894914
2894955
2895301
2895322
2895350
2894174
2895360
2894859
2895386
2895552
2888912
2890397
2895259
2895921
2895922
2895988
9946818
2896087
2896366
2895395
2895459
3149995
8755773
3148388
2895394
3149991
3141121
2946410
2944857
2976495
2977219
12156441
2977041
2990223
2989949
2979548
2990072
2989597
2990838
2988623
2982834
2987304
2987394
2987814
12161342
13861619
2987881
2977253
2987310
2988251
2987007
2988284
2988422
2989598
12157757
2989474
2982986
2989637
2989872
2988738
2989317
2990679
2991430
2991023
2990719
2981612
2990161
2990205
2990206
2979361
2991121
2989544
2991200
2989380
2989575
2991308
3002687
3001745
3007087
10783695
3005759
3004426
3011747
3010275
3012452
3010719
3002575
3013852
3014045
3014145
3015054
3011852
3017056
10531436
3018187
3020817
3017936
3024775
3024042
3020154
3020829
3025949
3012596
3026980
3025768
3024004
3026279
3025297
3027664
3025306
3027782
3028035
3028423
3026421
3022888
3026631
3026632
3026439
3026424
3025607
3030165
3024764
3025383
3025475
3024642
10525700
3029540
3030759
3032042
3025476
3022777
10525874
3032833
3030080
3033386
3032751
3019353
3021802
3033058
3034714
3037312
10528688
3036501
3036502
10560979
3037847
3037646
3038397
10560514
3036594
3039127
3039165
3039345
3039372
10562497
3039639
3038707
3037501
3039671
3038813
3039796
3038169
10562620
3039803
3039857
3038876
3039901
3039000
3040989
3041241
3041899
3042081
3041577
3042664
3042890
3039939
3040131
10574394
3042671
3042826
3042349
3043976
3044358
3041438
3045167
3042317
3057595
3046406
3045825
3048254
3045994
3045125
3048069
3044588
3047433
3045828
3049162
3042051
3050086
3044609
3050026
3051245
10575085
3052235
3043640
3043831
3052898
3053119
3053431
3052417
3051573
3043934
3053127
13862883
3056687
3044968
10573211
3057045
3058082
3058112
3052665
3058971
3054446
3060807
3038188
3063862
3064378
3063820
3064394
3075028
3064113
3065221
3064739
3064694
3064724
3065287
3065315
3065705
3065897
3066320
3066332
3062894
3067242
3076227
10575578
3073052
3069029
3069907
3068794
3068959
3073111
3071011
3071777
3074161
3070251
3073600
3073914
3072331
3074340
3072218
3058393
3074778
3074171
3075036
3067019
3074629
3071005
3074672
3074278
3072248
3073439
3076224
3074719
3076007
3075352
3076575
3075066
3076875
3075750
3075350
3077472
3077587
3065684
3074626
3076597
3084993
3071295
3077001
3078918
3078344
3080591
3079771
3081447
3081484
3082990
10589697
3084852
3084330
3082331
3085000
3082182
3085321
3085079
3084454
3083344
3084322
3083510
3085685
3084204
3085994
10598116
3086272
3088383
3088987
3085819
3088291
3087371
3087909
3088338
3087310
10597745
3089909
3089167
3089256
3086738
3092773
3091658
3092344
10597171
3090694
3087459
3094044
3094093
3094055
3095343
3094111
3094459
3093839
3095009
3094519
10611845
10609941
3095099
3094201
3096538
3096289
3095945
3096904
3095292
3095496
3097107
10712489
3097288
3097393
3096567
3097465
3097081
3094956
3097662
3097076
10712745
3096693
3096703
3098010
3098026
3098102
3098155
10610911
3098176
3097452
3098259
3098428
3098008
3098525
3097801
3098150
3098574
3097857
3098207
3098808
3098116
3098878
3097788
3098522
3098546
3097096
3098980
3098380
3098383
3099078
3096382
3098051
3098496
3098455
3098165
3098160
3098769
3098594
3098532
3100344
3098776
3101250
3101914
3101110
3101957
3101938
3102181
3103894
3099370
3125516
9763684
3109352
3111750
3112793
3111898
3112051
3148256
3112903
3112917
3113397
3113400
3113912
3112757
9944457
3114027
9943164
3111571
3108314
3120503
3116329
3116337
3116812
3116813
3117285
3117406
3117608
3117915
3118146
3148274
9942089
3119261
9771417
3119481
9758033
3118381
3121359
3121756
3144853
3121848
3121849
3121984
3122011
3122361
3122493
3116479
3122573
3118117
3122767
3122768
3122770
3119125
3122991
3116757
3124737
3123564
3120799
3123474
3123536
3119889
3117649
3122204
3123710
9941904
3120252
3128059
3123434
3109771
3124022
3123514
3124044
3124081
3124100
3122578
3123440
3124365
3119470
3122813
3123245
3124540
3124551
3124557
3124696
3124756
3124860
3110779
3124826
3124944
3124821
9765055
3121693
3117697
3118586
3121957
3117722
3125088
3122513
3126419
3120016
3125192
3116647
3114365
3125286
3132394
9933651
3125502
3125526
3116586
3121722
3125723
3125750
3120208
3124758
3125176
3115013
9944343
3115097
9750403
3126167
3109807
3124023
3126413
3126742
3126552
3125583
3126571
3126592
3126610
3123904
3126696
3125255
3152367
3126819
3124138
3124896
9774026
3126899
3126901
3126903
3126278
3109704
3126981
3124595
3123949
3124135
3120466
3126660
3127121
9942662
3127155
3127172
3127178
3127237
3127238
3125639
3121397
3115363
3127305
3133736
3127444
3123085
3127538
3129463
3122458
3125804
3121341
3115512
3122540
3121959
3125078
3127757
9761402
3124568
3127805
3134661
3112569
3128002
3126143
3124408
3128069
3127442
3112848
3116911
3128272
3128338
3128364
3127011
3128424
3128438
3126444
3128511
3125463
9750860
3127162
3122886
3125585
3118432
3128416
3127952
3125448
8726127
3124359
3128962
3118858
3120506
3125237
3109598
3116201
3129192
3126781
3129552
3127445
3110068
3128227
3125225
3129804
3129853
3129854
3127586
3130037
3130039
3148054
3129520
3120612
3120610
3130372
3120803
3127080
3107536
3130441
9768827
3129983
3128490
3126226
3130633
3125084
3125083
9761464
9769376
3130663
9932032
3131155
3116745
3120017
9764858
3130833
3130806
3121725
3131957
3125299
3128704
3132201
3132204
3132395
3132397
3131764
9943949
3132436
9761867
3132951
3132646
3116587
3132715
8765450
3113810
9865933
3132994
3133016
3133124
3125238
3133280
3114874
3125347
3127960
9758315
3133433
3128534
3133539
3133560
9755143
9764642
9940802
3133742
3133743
3123264
3133775
3127769
9926458
3134090
3130759
3126283
3134522
9937169
9929562
3121222
3135309
3135384
3129488
3135531
8727043
9755245
3136225
3135120
3136493
3136528
9764362
9754893
3119720
3136742
3128216
3137153
13137654
3137573
9748909
3115577
3137840
3137842
3137914
3137999
9940186
3119048
3137604
9944269
3138375
3138393
9767667
9923549
3143539
3139140
3139284
3130870
8726069
3139779
3121547
3139955
13441921
3131607
3127570
3141519
9778639
3140267
3140268
3140372
8718437
3140599
8741373
3140742
3140763
3140884
3140900
3116216
3141278
3141435
3122148
8748809
3141594
3140394
3129548
3137174
3142071
3142136
9763110
3142444
9779990
9774984
3142667
3142704
3136223
3143183
3142796
3133681
9949303
9776795
3132671
8743312
3143304
9944547
3143384
9944033
3143414
3129251
3143650
3143651
9752194
9752193
3142622
9762631
3143893
3131667
3127767
3144535
9756306
8717924
3126575
3112886
3144877
9946180
3145095
9762677
3163734
3146499
9945930
8722316
3140293
3127779
3146089
3146234
3146279
3145517
3140141
3146498
3129038
3146595
3146863
9771588
9943950
3146949
3146987
3147008
3121832
3139196
3147754
3145348
3145784
9943790
9948097
3127778
3142501
3132391
3146976
3145802
3148385
3134238
9866675
3148618
8722898
3148866
3148887
3148931
3134315
9854945
3149084
3146964
3148369
3149553
9788834
3135526
3147589
9762986
3149898
3150162
3135001
3150314
9862823
3150848
8762696
9853914
9949434
3151493
3151706
9777359
9766852
3138691
3151818
3151896
3152212
3148685
3148856
3153125
9954916
8736915
3156431
3156925
8761100
3158052
3158272
3158650
8776850
9955129
8770141
9866386
3148755
3136772
3161430
3136049
8767028
9944815
9963981
9858351
8771287
3164551
3165368
3161700
3159023
9960019
3170498
3170753
3172045
9827603
9958793
3174442
3174532
3135246
3175873
9818569
3174763
3173567
3170624
3178065
3178075
3179334
9829412
3178923
9866822
3179459
3179465
3158868
3179569
3179641
9798258
3165121
3167064
3167515
3178792
3177819
9960611
3180271
3180285
3180375
3180547
3181081
3171350
9845880
3181213
3177578
3180610
3181893
3180675
9796778
3178216
3167525
9968643
3175428
3180013
3182606
3182636
3182712
9623965
9974271
3181743
3183639
3176074
3164756
3168928
3169251
3171632
3184370
3184371
3182974
3183303
3181432
9792502
3184886
9969949
3182957
3185941
3182192
3186188
3186296
3186348
9846157
3184772
3183366
3186378
3186398
3186426
3186515
9970398
3186864
3186875
3186909
3177991
3165833
3175357
3187563
8776188
3171075
3183031
3188093
3184501
3188208
3188794
3188275
3188276
3188277
3188281
9789006
3188324
3188325
3187873
3181596
3184082
9850218
3183191
3171889
3187493
3188821
3189054
3189220
3189251
3189252
3188606
9969914
3183144
3182324
3189438
3189556
3189557
3184707
3189631
3188295
3189656
9973627
3171110
3190057
3177335
3166191
9838209
3190465
9867725
3183622
3190547
8771348
3189539
3191617
3191801
3191883
9869969
3179776
3192485
8782661
9839755
9969466
9872519
3193926
9832739
9844999
3195017
3195146
9874272
3177428
3195707
3196146
3196412
8774942
3176038
3194995
9959114
3197461
3178084
3197693
3196848
3195774
3182967
3197957
3198000
3198001
3187384
9966613
3195426
9826878
9805872
3197482
3199116
3199167
9817052
9868142
3189205
3199442
3160382
3199588
3197580
3177005
3198553
3199976
3200031
3200039
3194758
3200408
3200441
8793807
9844044
3200618
3199257
3200724
3198570
3198717
9851333
3201578
3201636
3201681
3201061
3201102
3201139
3201882
3202114
3202117
3202122
3202213
3197804
9831794
3202493
3202694
3201869
3203085
3203089
3203293
8816920
9976397
3204340
9872798
3204575
3204604
8794415
9902140
3204910
3204945
3206242
9906427
3205676
3203816
9905857
3206421
3206423
8887979
9594248
3202929
3207176
3210289
3210701
9881337
3210724
3205705
3204169
3211705
8829065
9888595
3212754
3210554
3213150
3213153
9896070
3214715
3215591
3215695
9986069
3214353
3217069
3217325
8850436
3217920
3218192
3218365
3211322
3219602
3215141
3219911
3220352
3219021
3220427
3217045
9904795
3215076
3220856
3220857
9893277
3213079
12375892
3220156
8830670
3218722
3220275
3220472
9898048
3222751
3215157
3219809
8832047
3222374
3221314
3220339
3214314
8844058
3222890
3222950
3223072
8844109
3222388
9988675
8855238
3216517
8840010
3216916
9910627
3223964
3224130
3220036
3224155
9989916
3222365
3224295
3222509
8851314
3224501
3224525
3224003
3215892
3221359
3221398
3223231
3225143
3225191
3223584
3225198
3222964
3219818
3223123
3218586
9892546
3225347
3224517
3225540
3225684
3222372
3221417
3225844
3216201
3223676
3225989
3222933
3226431
8853093
3217784
3225595
3226850
3226860
3227049
3227315
3221176
3216424
3218821
3218921
3224374
3227673
3225741
3227995
3223021
3228236
3229022
3220658
3227714
3229230
10117569
3229348
3225290
3229421
3224189
3228818
3229521
3228850
3229976
3226940
3230274
9882999
3227938
3229359
3224304
3221479
3231868
3226114
3229485
3212707
3232840
3223436
3221897
3232791
3227945
3228103
3225571
3233445
3233501
3225219
3232530
9887344
9887875
3223161
9883991
3231579
3223735
3233617
3234245
3232839
3232499
3235558
3234118
3227303
3235428
3234949
3236585
9886174
3237938
3237939
3237940
3238492
3238009
3238351
3240191
3242058
3242077
3242193
3242637
3242726
3243275
3242700
3241080
3243838
3243888
3240203
3246362
3245676
10934116
3245859
3246904
3246741
3247882
3246792
10930495
3246191
3248609
3244799
12379149
3249126
3249604
3248017
3249867
3249275
3246581
3246264
3250661
3250676
3250912
3250472
3245000
3249076
3250697
3251474
10930443
8895179
3252046
3252349
3252560
10134440
3252030
3252003
3249113
10134539
3252758
3253008
3248837
3253478
3251581
3253773
3253932
3252678
3251728
3251876
3255874
3252716
3256712
3256864
3253071
3257596
3257823
3257946
3257574
3257778
3257807
5453429
3259422
3255456
3259228
3260111
3255199
3258250
3259662
3259961
1974855
4869477
3260607
3259660
3261682
3252411
3261859
4865105
3261715
3262131
3260413
3260071
4865672
3262890
1976336
3263082
3264915
3264374
3265672
3260969
3264567
3264595
3266523
3266150
1600912
10946862
3285766
3286434
3285187
12384563
12386318
3285131
3286430
3289837
3286468
10958493
10961141
3288911
3289271
3289031
3291004
3290276
3289403
3291147
3289632
3290468
3291221
10958460
3290914
3292183
3293277
3294379
3294664
3294670
3292218
3296731
3296635
3297699
3297908
3297064
3298343
3298419
3297337
3298607
3297647
3297666
3297721
3297880
9193498
3298035
3297004
3298159
3297023
3299800
3298429
3296690
3296765
3300149
3300191
3291034
3297977
3298081
3301427
3301251
3300198
3302414
3302608
3302426
9212506
3304833
3304202
3304597
9201865
3309937
3306616
3300961
3303584
3307122
3308286
3301466
3309528
3307429
9203550
3309814
3309955
3303985
3309016
3309072
3310321
3308387
3311023
3304362
3311340
2498827
3309069
3311795
3310502
3312067
3308287
1051323
3310880
3307259
2498713
3311309
3313479
3313943
3313979
3313982
3314212
1050522
9212147
3315110
1057559
9223845
3316388
1059123
9233314
3315564
3315872
9288573
3316315
3316417
3317675
9225243
3310340
3317418
3318600
1660368
12418928
9228831
2061252
1059230
9293276
3320422
3321381
358231
3320995
1668641
411601
3322659
3322667
3322812
3322832
501394
548985
509316
445022
3328862
1660209
440020
444467
13389595
599784
2041136
1654690
3323488
3784124
1089717
3323862
1646711
3322908
3324007
594819
3324193
3322909
2576087
3323804
442275
534396
458440
3364797
7526663
549266
3323935
3325009
3325381
2568893
593306
11090439
509946
2573344
374416
1693084
3323710
3323711
3326466
2569794
3322663
2571385
2572396
2612913
9301641
9300486
367745
449899
11086435
1072775
3327658
375650
3328033
2077150
3328130
1072349
1072707
3326655
3328458
1695953
3328485
2005189
1074596
3328797
3329817
603396
3325788
3330457
3326798
254101
609533
528733
2068124
1696367
474777
3330360
3328365
489244
479636
10837243
3332914
9303874
512100
509341
507851
2610091
2572568
1088930
3326474
13362957
1083402
3343259
2586420
3334427
516302
3329246
1089257
1080098
1080103
1075423
1074386
3337122
3332381
3337132
3337721
3337757
1082381
3330593
3337126
2037767
2036915
3340053
8453807
2617788
2079904
3342002
3342172
3792205
3342700
8480323
3342801
3341422
3341443
2619077
3343118
3336938
3342463
3341908
3343234
3343401
8471409
3343482
3342902
3342274
3782793
1650507
486992
3342225
3343899
3343938
3343952
1769309
534614
3343750
3344104
5289419
3344308
3793099
3344361
157009
10847640
7679574
3344491
322785
3343874
2575102
3344650
3341373
474764
1672960
515723
2610790
2061534
2062282
3345444
2574276
436250
124255
3345747
3346143
425806
2606984
217141
237543
3346434
1677714
1683299
3346684
448800
309420
60700
3347462
3388571
8463
252161
3347752
2041791
3347908
2604376
2580406
2600481
1650981
2608436
3348641
107469
3772234
298842
12777652
5276441
617999
1666529
3349376
3349448
3349449
91468
2046130
9419385
3774293
221523
1118002
230601
7687513
540500
501774
575172
1654129
3350882
432335
12738948
1654140
4597833
554447
491967
4595065
1683408
3351792
1662687
3351844
464649
4613186
3349082
4548732
2613035
1117408
325618
199439
195253
570656
3352878
3352947
1103870
1126497
1123439
3353096
3353130
12753941
1126721
1122516
1122624
3353220
1669711
1703111
2613158
475356
437705
591921
3353131
3353492
202687
1703973
3353661
3353669
12755372
3353688
12427300
614186
2614038
1124169
10185964
1126833
3353984
3353994
1670894
2074514
1655376
205820
509169
601280
1668501
629481
3352445
206974
12731810
3354467
3354511
2057240
1118407
569715
3354604
544868
10177610
547670
3354385
12443603
557404
318841
545911
5593695
2055208
5595007
3345894
595121
3356165
3324860
3356504
2057291
3357520
3357547
3356939
3356953
1679661
5148896
3357146
3356373
582925
155148
324508
3358788
306916
1670136
592605
3360037
1656650
1711715
1682296
555101
4763628
595748
1657575
3365168
560742
10192297
3365363
306363
1084823
13380169
3365876
3366165
3367087
2039055
3367427
10193920
7675599
191277
510095
3368121
3368260
3368319
3368641
556034
3368902
1688180
4658842
4613458
602907
309067
3370416
321881
3368343
604498
1676766
594935
3365425
1690459
375007
3775887
2577846
1684640
498064
1682893
605433
2037055
3367092
611221
3373596
3373790
3373820
3373945
1647070
3374385
591571
8403823
145297
106471
12747339
2061520
597298
99975
8475968
596904
13401770
284656
3376503
12754684
3352176
1106680
3377212
127862
106494
1086595
3377924
3378383
1648144
199294
3378984
383017
3378983
54146
2579822
195026
304183
3375467
2580141
617041
5588009
1099236
12443202
2043238
2043323
259170
567210
3375828
3382137
1102365
512066
541776
3382569
263183
559837
3383103
3379689
4624550
13886873
95560
3382426
8418233
4615396
3383754
369099
2048986
3383058
1110029
9052613
4684256
15045
7677058
452918
12724830
3781928
3377569
3384446
244367
1106379
3383765
435239
606125
381993
336308
542254
3380336
5570734
1696943
5578860
3388291
561582
490078
128096
24078
118567
65793
3385364
99984
560516
3347071
113746
258057
368459
571842
542618
3386087
607466
557221
8279859
4692408
554699
1681309
3347341
12780931
381497
1683026
285178
330075
2610989
380064
185866
3388551
69111
3388596
2593070
111828
82630
3388669
51062
27022
3388793
3388474
428840
3388965
3388966
12781435
3388979
1666144
4689728
328187
332305
3387870
244683
601125
3389323
151868
152690
40499
1107472
239661
8402025
3782032
521327
337415
106559
3389781
259413
3389870
3390002
3390019
164656
14823
14588
227183
3390308
186085
381595
452233
3390820
12781118
191624
3391269
222468
544983
496903
3390967
510765
3391690
4761377
1688621
624220
2057109
3392310
193124
3392604
200976
630300
35649
273912
3392893
224780
2579568
613860
192751
3393724
557368
560188
633861
629281
3342823
3787243
3343315
3791503
3343980
3396692
3396251
3422582
3394966
3418949
3395032
3406161
3404763
3396512
2613904
3424857
3425706
2588157
2573036
3425839
2587864
3343140
2574672
3426276
3426303
2613681
2587740
2614544
2587170
3426514
2063080
2589439
3430011
3395621
3395582
3398107
3396535
3427626
3427381
2058884
3397055
585997
3430936
1658394
3432929
3431943
584196
3353327
409838
3430134
3433390
3430450
3436252
2614108
2610682
3434769
2068514
2613889
3434929
627983
1663625
3353454
3434277
3434353
3435348
3434375
3435589
3433676
3434533
3428945
3791133
3435949
3434685
3430692
3436099
3436153
619607
3428926
3433966
2613848
3436317
3436327
3436352
3434925
2568471
3437017
9065667
3792513
3438013
3427832
3434915
3342970
3436385
2615841
3438562
3439277
3440065
3435712
3433616
3791915
3792596
3436045
3438025
3791315
3438099
3438260
3440507
3793586
3792728
3440635
2616780
3441339
3437170
3793013
3434378
3437579
3440154
3440012
3438079
3805586
3442786
2079052
3442945
3444374
3442436
9070451
2616007
1134248
3445381
2081598
1135300
3442920
3435382
9118122
3446408
3441267
3448280
9110058
2616313
3448602
2070854
3448709
3448965
3449115
3446428
3447697
3795727
3796527
3446620
3449952
3799883
3450250
9092505
3449460
3450659
3799283
3450839
3450853
3450919
3450994
3451163
3451225
655158
9113170
3451433
3451499
3451500
3451517
655173
3451802
9120862
11122705
1136118
3453109
3453113
3445270
4794042
3450044
3453301
3454086
3452196
3454278
3454603
3454659
3453324
1150341
1150532
3455236
3455301
3454222
1157808
1152342
2529487
666175
3454576
1156350
3456320
1151709
1147139
3458828
1163887
1165565
3458488
3458615
3458823
1172078
3458870
1164893
9358805
1161440
9362994
1171483
3458808
9364716
3458879
9367604
1174748
1172537
9361791
1178865
9362957
1168518
1170229
3459366
9365864
3459405
3459160
9361761
1175417
3460874
1180450
3460293
3460304
1192457
3460848
1182309
1176975
3460943
3460716
1173105
1184335
1176474
3461100
12829258
1188998
1186469
1173562
3461954
3462376
1179271
1182938
3462935
3461947
3462617
12826603
12827747
3463516
3463068
12828776
3465174
10267095
3464563
10256215
3464620
1829907
10266249
1821493
3465213
2640301
3465688
3465784
1199196
3468613
1822130
1823005
1821182
3467245
1830079
10261224
3467447
3467781
3468386
1816651
2638086
1824236
3466714
1817000
3469916
3470050
3470104
3468918
1824508
7823816
12495250
3470949
3468458
1828493
3471039
3471041
1824155
3471227
3470163
3471463
3471481
1830369
3471842
1825922
3472276
3472288
12495282
3472429
12495285
1825297
1815383
3473173
2643830
3473672
2643482
3474096
2641206
3474670
3471988
3475158
3475614
12493317
3475815
5748448
3476730
3476054
3477582
2641719
3478116
3476646
2645770
3478636
2645645
3479586
1831835
3479970
3479987
3479302
3478419
5753746
3479619
3480363
3479623
3478201
3480498
3480518
12497509
5756998
3480683
12498122
3480271
3480942
7822722
3481641
3481946
3481965
3487824
3480187
8565449
3482587
3483095
3481691
2645325
3483514
5760466
2645323
3482993
1832129
3478980
3484211
3484212
7848400
5760377
5755571
1220792
1219787
1217741
3484232
5764235
3485012
3484632
3485490
1834779
1214367
1225220
3485791
3485877
3486124
3486678
3486711
3485776
3487019
8566945
3487046
5764763
3487172
3486351
3486468
3487397
3487399
3486497
5764914
3487678
3486707
3491189
3485176
1218712
3489645
3487356
3487414
3488465
3488481
5765264
3488635
3488684
3487949
5766962
1837390
3488054
3488100
3488927
3485429
3484322
3487328
3485580
4999631
4999017
3489424
3489441
2649890
8569619
7845828
3487951
3489628
3484708
3489950
3489991
3490296
3490303
3489475
3488848
3490560
1228976
3492205
3492734
2649872
3492970
3492105
1837972
3493231
3493035
1229532
3493517
3493574
3493607
3493245
3492923
3493921
3492511
5017750
3494097
1221600
3493758
3494160
3494226
3493836
3492118
3494439
1223206
2650671
1237290
3494568
3494571
3494367
1239170
3494856
1240055
8572324
3494951
3494971
3494972
5030158
3494694
1236612
3494765
3495078
1840294
3494465
3495311
3495348
3495375
3495404
3494727
3494742
3501202
3495632
3495701
3496214
3496228
3496242
1239400
5036241
5051426
3496433
3496461
1241667
3496635
3495436
3496827
3496847
3496325
3496933
1245127
3496642
5040520
1243548
5036279
5042928
1241365
3497871
1235793
1841409
3497992
3494887
3496608
3495782
3498788
3498185
1244179
3498280
3499308
3499354
3500016
3498692
3498740
3499539
1245436
1246610
1842274
3499513
3500482
3500117
3498006
1243903
3498781
3498782
3500230
3501110
7860343
3508303
3501433
3500209
3504541
3501884
3498939
1247065
1248739
3501544
1258223
3502299
3502361
1255290
3501945
3501472
1249335
3500198
1249839
3508152
1249943
5058188
3502752
3498832
3501798
1250495
3499333
3501389
3497513
3502652
1252765
3504269
3503960
3502494
3504649
1248244
3503622
3504695
3501549
3503792
7861098
3504911
3505003
3504521
3504126
3504172
3502000
3505200
3505203
5072418
3503160
3505493
1252024
5061872
1844996
1251652
3505698
3505796
3505797
3506023
1250089
1251637
3505627
3505742
1257484
1258667
3505447
1256604
3506581
3503540
3506610
3504079
1254446
3501386
3504639
3505620
5072414
3507062
3504613
3504164
5065123
3501388
1258906
3507591
3505824
3505953
3504625
1255729
3505558
8581285
1257918
1256919
1257184
3506122
3507574
7867260
1257481
3507753
3507133
3505981
3507840
3506557
1259970
3508344
1256678
3508503
3506833
3500863
3508622
3508688
3508768
3508774
3508806
3508329
3508990
3509016
3507924
3508418
3506782
3509134
3509276
3509308
3509317
3508914
3507343
3508359
3509482
3509511
3509084
3509621
3509315
3508122
3508832
3509397
3508903
3508906
3508907
3508291
3509863
3509887
3509425
1256769
3508408
3509932
3509936
3509943
3509061
3508084
1258435
3509307
3509749
3509455
3509846
3510237
3509899
3509040
3509068
3510383
3510432
3510464
7871558
3509658
3509671
3510230
3509743
3510650
3510813
3510828
3509759
3510633
3510625
3508340
1263593
3507445
3511267
1262144
3510496
3507735
3510218
3508458
3511648
3509690
3508085
3510586
3510569
3510262
3510492
3508405
3512505
3512789
3512277
3512830
1261257
3514830
3512228
1271365
1269399
1268943
1270798
3517598
3518513
3517565
1270848
3517287
3518264
3518659
3516697
3518666
3518690
3518694
3518715
3516792
3517664
3516911
3516834
7876477
3518837
3518838
3518322
1272898
3518665
1271899
3518248
3519049
3518805
3518420
3517051
1273429
1273451
3519213
3521891
7879800
3519337
3519367
3519406
3519417
3518842
3519452
3518782
3517758
3519489
3517064
3519568
3519597
3519902
1273869
3519977
1272671
3520165
3520295
3519130
3520402
1273717
3520240
3520262
3521185
7881977
3522248
3521713
1275883
3521876
3522002
3521200
3523398
3522659
1277455
3524479
1278073
3530877
3535392
1294135
3537420
3538128
3538675
3539770
1435310
1447828
3540214
3540754
1431343
1448117
1442979
12297475
1310032
3542038
7919802
3541748
1446083
1299963
1316276
1306404
3545836
1305130
1307336
3573501
3573611
3576448
6901491
3576574
6897123
3578097
3578115
6895606
3578649
3578743
3578815
3578982
3578989
6871545
3579100
6959939
3579342
3579454
6869877
3579790
3579877
6955001
3579940
3579956
6870897
3580560
3580955
3581040
3581104
3577776
6955512
6955722
3582091
3582334
3582644
3617529
3617918
3620110
3621907
3621934
3621935
7266884
3622263
3622354
3622669
3622908
3623102
3624797
3621606
3621812
3620796
3625043
3623593
3623646
7268625
3623698
4473498
3621865
7274654
3622255
2224247
3624230
3624505
3619332
3622918
3624576
3623101
3624635
3624718
3624728
3622948
3623321
3619596
3624879
4474038
3623547
3625089
3625097
3625453
7272240
3625530
3625551
3623965
3625795
3624645
3624538
3625946
3625958
3620485
3621493
3626116
3624792
3624686
3624904
3624886
3624907
3625092
3623942
3626630
3626752
3625685
3620338
3625867
3626049
3626050
2224343
3627580
3627657
3627730
3626340
3626364
3620780
3627909
3627912
3626577
3628296
3627022
3628325
2225272
3627330
3627429
4475722
3627718
3626147
3628758
3627712
3627742
3626352
3628848
3626385
4475807
3628867
4475850
4476392
3629148
3629223
3629548
3628418
3629769
7273692
3625738
3629937
7275446
2223263
3627416
3624599
3627583
3626291
3630569
3630596
3630825
3629474
3630983
3629850
3631248
3628718
3627720
3630230
3628783
3626429
3631929
3630701
3631177
2225348
3630172
3630261
3632505
3632683
7273531
3632884
3632890
3630668
3631789
3631924
4476182
3632338
3632384
2224909
3632448
3630289
3633751
3633753
3632550
3634138
7276147
3630899
3631140
2228976
3634676
3633652
3633628
3632420
3632442
3632487
3635156
3635383
4477470
3635582
3632709
3634280
3634501
3633258
3634511
3634453
3632255
3634722
4477329
3633695
3636301
4480084
3636628
3636770
3636778
3635570
3637110
3637167
3637186
3637242
3634660
4479061
3638136
3637097
3634552
3636068
3636138
4480031
3638677
3637696
3638901
3639021
3639103
3639255
3639267
3639298
3639383
3635875
3639439
3639465
3639517
3639529
3639531
3637302
3639787
3639915
3637633
3639933
3639959
3639971
3640009
4480739
3640053
4477909
3640158
3640163
3640207
3638943
3640315
2231363
3640329
3639056
3640419
2231364
3640432
3640456
2233273
3639454
3638223
2231234
3639535
3638339
3637357
3638476
7280128
3641030
3640370
3639213
3640520
7279384
2230629
3641345
3638467
3641598
4480577
3640092
3640255
3639215
3636936
3640373
3641693
3642891
3641223
3644143
3641351
3644687
3643935
3640130
3640924
3643095
3340659
1753263
513619
542676
605487
1767005
1749124
1749123
3378756
2038139
1683543
3783687
541666
3369355
1648565
1086610
2592376
540611
601347
3367033
596607
1690675
542585
582341
559482
3779484
569567
600699
2057177
521238
417707
1694869
2035781
36494
324297
2581456
585778
350033
2572725
1098341
1656777
547514
2075701
3769366
3386310
1679792
12344800
3769952
378275
1671649
2056850
492973
2054734
2041559
523754
1673313
33969
3770153
3769880
110076
2572982
3770453
9418776
3770643
440853
543712
3373760
151602
2068716
531947
2610083
3770912
129312
538311
1687520
3354848
4763395
475540
3771290
554149
321670
106986
297304
8417394
366960
2612057
8263264
2066212
326427
1642253
442280
1639610
1105908
3772827
4625462
1669224
3773193
2043374
139388
66954
3375047
339058
1701888
230501
116491
551808
3774104
175744
3774121
9306469
4656431
4705574
72541
8401712
1092259
591652
2037926
193813
240559
193830
327832
12781807
1089235
3774961
373058
3775014
425866
564218
1697533
1689869
10174828
140160
375141
492289
194570
508063
2577705
535740
2576835
3374912
304842
1682688
3775673
538978
536275
551248
185223
3783660
117102
3775924
3353349
1124073
4740364
597265
3771879
177800
301738
3382831
2608234
542684
12737411
3776391
2000552
62811
108819
417660
3350568
2032955
3776625
529119
322282
3776777
3776796
3776851
3776617
3776911
3776926
3776676
112578
3776991
3778835
332304
3777081
3777091
3777107
1682219
3777135
116502
3777173
3777505
547485
3784181
12760087
3777674
3777732
3777825
3777874
3777927
4569603
151810
3777946
2066683
3343400
1117327
3778137
202268
3777533
3778212
3778359
1684373
3778463
3778464
3778476
3778480
3778492
3778560
3778566
3778580
3778583
3778646
8470167
3778664
3346588
3341789
3778727
3778730
3778773
3778145
2590254
3343654
3344198
3778267
3778859
2610100
3778886
3778902
442487
392588
3779037
3344800
3778414
3778626
3777283
3778733
2571414
3776762
3778810
3779124
2568832
2606246
3779291
9319881
584428
72808
2037821
182593
3779452
3365155
588033
2613387
1648562
12751283
3775675
2614603
3779824
3779830
3779889
2068070
3779958
3352554
3779983
144768
3779837
144396
2064384
3347157
2577529
2576671
2056390
244701
3780178
3353617
7674514
221326
519165
534251
1693304
3353949
552384
3772609
1695364
436889
153831
392802
384539
2042012
130419
118366
2575728
8633573
198974
3344051
3780876
12092005
10177928
3776488
9052770
129458
9047142
594537
3781543
2575176
2587751
3781629
3776984
154110
3781700
3781563
3781815
3781838
610337
109950
3381705
3781898
3781920
84516
8622705
3781995
3782052
3782327
4674316
595678
3782525
3780505
314004
3782635
3782636
3782666
3377326
3782685
1093785
7679434
581568
2063281
3779922
3783083
3783097
309052
336027
228213
1672913
10183507
594569
3384018
3783269
3783333
1704076
3783495
2045702
3783592
3783595
555889
3775909
419584
236327
375680
3380311
3783704
11198608
177686
444863
9304032
2060634
4760447
3783867
253448
3772785
208799
609033
3784129
3770184
117535
3784245
3784266
3781580
607996
419007
3784383
3784403
3353230
3784421
581334
342706
3784487
1683037
310640
554954
3784460
3784638
2590429
3344802
4637783
3784785
1685086
3353350
426549
2573804
3785438
3784934
448319
3784937
2609834
3782880
184029
3784987
357611
10177427
1694410
1694322
3779912
3785146
364079
2037447
2574135
11088907
529008
2591886
3785377
211788
522435
5569547
5569546
3780539
2065436
2608177
99328
419791
3785994
4763225
3343641
453924
3343658
3343670
9065306
1688616
1648926
2037573
48973
1089233
3343594
2573474
3351914
444682
3787024
3353367
3787095
1696786
3787565
3783012
3786477
100053
194543
3787709
1668318
2578020
3785971
3787213
12422816
3788079
390660
143935
74487
378222
469377
531329
1692812
3788449
3397549
3785508
3786788
2594126
86759
158281
471540
34445
478565
8285686
3788635
343739
1695166
3788705
322516
62878
3780627
3773218
202919
3788837
1084104
322970
3788516
3788943
2058106
1684669
3343845
441950
4613434
2003535
525962
1089714
3783029
1647756
301882
3785450
2003718
3785254
495078
3785513
3786727
3788931
474803
1693249
3789732
309244
530271
502933
3788747
611665
3789197
3790191
1691836
628450
631247
3341796
2617860
3791024
3791025
3791112
3791132
3790743
8477980
3788063
3433926
3792694
3791682
3434604
3434812
2617923
3790764
3433322
9066570
3792008
3792588
3791530
9078240
9072989
3793093
1692590
3440643
3793331
3444001
3435162
3789562
3791672
3439568
3445251
3791553
2620114
3793598
3793882
3792057
3792635
3792126
1693318
3794298
651507
3447868
3437570
2075809
1138250
3793896
2616219
3795204
3793591
3445420
3791615
2073517
650482
651401
3437001
3797856
3444477
3795762
3795837
3450115
3795884
3795885
653398
2079602
3796224
3797134
3796435
3795113
3440051
3796788
3794238
2077517
3440661
3447662
3797016
3797369
3796589
3797750
3797849
9091421
3798091
3798112
3798353
3798360
647629
9101966
3798535
3454172
3798642
9098177
3798690
3798706
3798726
9107542
3798734
3798735
2082107
3798749
9325486
9099224
9325854
3799011
3799078
3799106
9322904
3799424
3798393
3799551
2080153
3799711
9107270
2080859
2076847
2078923
2079291
9100070
653413
9116439
3798362
3800799
3799480
1137441
3800782
3795188
3801392
2617002
3801481
2077811
2073680
2087190
3800898
2616452
2080120
1690752
2081602
3799887
3796612
3801453
656401
3799405
3800784
3798096
3800018
3446464
3453111
3802434
2082784
8485970
3801157
3452180
2077602
3802749
3800882
3800419
3451920
3802733
3789893
1138747
2077729
3449881
2073658
2079482
2618755
2032143
3792242
3803320
3802116
1649192
654705
1137986
2077621
3344024
3803416
2086813
2614262
627763
620581
654781
644890
614724
3356415
193464
3803613
3442335
634309
3803635
634770
2055935
2078199
433630
3787725
203414
3357352
640674
577244
591682
593058
3803805
3803851
2612864
631713
1697099
486983
1650438
593892
1651248
4767676
596142
301112
4768244
4742647
613850
1696406
2058918
421228
449255
2053547
3804193
637008
1696432
2611079
102069
612265
498799
406608
494767
4692062
1685058
1700797
195731
591260
244879
34841
3790466
3804396
8404228
1702889
1693606
1677561
418704
402979
487904
64349
1104520
344528
128616
1702863
3353383
622699
1120582
1686376
1658604
393351
51546
2059573
3784590
2611760
564315
12427113
632156
1699108
203287
1678779
1694244
2059740
1099061
1689372
190579
578918
4594271
1650189
391902
4638132
226539
463783
2064546
1705162
1651768
620494
2070468
1697587
4725338
22718
2066001
389747
585578
630068
619966
199955
3442054
626957
2066706
1646948
497659
507669
1691156
209265
2078741
2045703
2071124
1691399
1672536
640676
3805222
3782475
2065369
1672728
418253
3805362
501532
1692376
310798
409820
643900
1693167
1703125
620996
2060352
554143
476586
1677528
3805584
3805595
2055927
2071694
2617557
3790219
569442
1673510
2071317
2079256
8472549
3805848
3805917
1687818
2076324
510599
2076278
3802860
572516
3806010
2568911
2067108
468044
3806106
3806111
646673
3343422
1650088
2032864
1763410
2076957
1747635
2617320
2032041
3805822
3355356
3805979
3806351
2073869
2079522
9083016
9086131
3806427
2618589
3806475
2079550
2079587
2082184
2079535
3344103
2618622
2078619
2032301
3806664
3806665
3806694
2079133
2079081
3788032
1746882
2077493
1751714
3806739
2081967
2032775
3806750
3806757
3790274
2618331
3806005
3806830
8486203
3343718
3806861
3806882
3806888
3806894
3806937
2074918
2094458
3807010
3806723
2081131
2084175
2086809
3807084
2081958
2077527
3802685
2082214
9471075
2083199
3807207
2096565
2087265
2573656
3805415
2569805
2082941
3807359
3807360
1686769
2089577
2081373
2097851
3807041
3807092
2081936
2084408
3796117
2082009
2090889
8489928
3791021
2619025
2079758
3788318
487593
3788953
2035758
3802858
3790611
8479045
3344123
3804804
3807386
3807385
1088926
2040911
3344127
3370281
3370278
3805287
439847
4748010
627896
3787339
3807815
3807830
1686937
389978
3802793
1693399
488543
2076052
512292
3807916
3380794
521015
8488526
29101
87654
2066184
2062636
538907
2089873
3808343
1082372
2084763
9083505
3807929
3343031
3808608
2625724
2625723
2101476
2073489
9084234
2571569
3808146
2625787
2107327
1770666
3812165
3812171
3811303
3812174
7735588
3812481
2629285
3813833
2631861
3814003
1789050
3813420
2629667
1792959
2631376
1781797
1795347
9037707
1805621
1790020
2631700
3814809
1801957
2105927
3815565
3815728
3815905
3816187
2633788
2104547
1789444
3817979
3817664
3817195
3817910
3818096
2111109
2111110
2109254
2104562
3814372
2106490
1777851
1777588
2115376
2103454
9028725
3815799
1792123
2104101
8531776
1802002
2108326
3827288
3827427
1790347
3826790
3828235
3827474
1819456
3826783
1178062
3825768
3827704
2115790
3824542
3844298
3845057
13377882
3847018
3854791
3459656
2139886
2140770
2140069
3459560
3850129
2139145
3852204
3852265
2136888
3852245
2137282
9374340
3853081
2146228
2137111
3853381
9375570
3853589
2139176
3853751
2138762
3854024
2141023
2139633
9375675
3854460
2134556
2143109
2140540
3853946
3853206
3854595
3853807
3854983
3853489
2144503
3855047
2146408
3855094
2135486
2139832
3855769
3856086
2140496
3259938
3856568
3856609
3856642
3851161
3853085
3855374
3860465
6010896
6010733
3861074
697138
3863079
3863100
3863898
3863257
3863259
3864701
3864019
3865121
3864353
3865148
696589
3863911
3865579
3864509
3865158
3864604
3865729
11173839
3866010
3866146
3864698
3865509
3866311
3866021
3865636
3865638
3867108
3866587
3866627
3866238
3866863
3866036
3867233
3867298
3867299
3866968
3867504
3866930
6030118
3865857
699760
3868161
3868403
3868485
3868506
3868551
3868748
3868465
3869197
3869220
699345
6035363
3869087
3869094
3869668
3869767
3869806
3869879
6035578
3869953
3869972
6039730
3870066
3870069
3870110
3870150
3870151
3869089
6039137
11174594
11175465
3869844
3870383
3869853
3870393
3872714
3868828
3870538
699711
3870620
3870641
6033396
6033397
3870897
3870425
3871412
3871496
700734
11176853
11176996
3871753
3871837
3873376
3871929
3871992
3872163
703653
3873088
3872336
3872365
13836784
3872638
704252
3872687
3872689
704362
3872037
3872846
709557
3873082
3873126
3873137
3873164
3872402
13836788
6042259
6042676
704942
702502
3873345
11180206
3873589
701766
3873746
6045963
3873790
3873942
13485629
703390
3873373
3874140
11181878
3874232
3874277
11181918
3871676
11181935
3875637
3874325
13709433
3874345
6044589
6048030
13485708
3873764
703466
3873369
13888356
3874635
13836776
703469
13485714
3874774
13836782
6044393
3871488
3874868
3874290
3874909
3874924
703955
6046796
6045084
3875107
13868746
13836816
13868765
3875371
3872903
3875378
3873643
706147
3875412
705802
705396
3875624
3875629
706006
6059507
3875191
6044069
3875799
13709449
6046314
3875914
3875924
705208
3875400
3876034
13709452
13836785
3876148
706347
705799
3876299
3876313
3876317
3876336
705804
13485726
3876601
3877253
3875974
3876031
3876028
9415533
3875393
3876074
9416587
3876073
3876101
13709442
3877424
3876823
3876841
3876924
3876957
13836795
13868750
3876969
3876970
3876971
3877007
3877098
3877107
3877131
703155
6046340
3877161
3877184
3879258
3877252
3875935
3877824
3875368
3877292
6041866
3876687
706519
3877354
3875432
3877390
3877411
3877444
3877447
3877534
6049816
9410072
3877607
3877114
3877627
3877642
13888352
3877088
3877759
3877100
3877762
3877765
3876541
6064882
6049282
3877888
3877892
13888361
707001
3878061
3878083
3878111
13868753
3877105
3878204
3878206
3878208
3878226
3878242
3877792
6053217
3878273
6053164
3876603
3878309
705506
3878345
3876617
6053601
3876728
3878446
3877994
3877995
13660148
13485754
13895114
13485780
3878591
3878678
3878097
3878723
3878747
6115200
3878757
13836807
3878816
3878286
3877848
13709451
3878887
3878936
3878996
3879081
3879144
3878595
3879160
3878701
3876979
3879175
3879215
13735557
3878685
6057486
3878734
3878768
3879290
3879501
3879533
3879547
3879569
3879097
13485831
3879729
3879757
3876564
3879254
3879764
3879789
3878781
3879815
3876717
9505657
3880138
3880657
3880148
3880156
3879177
3879659
3880260
3878917
6112163
6112219
3880404
709719
6104454
3880537
3879074
6099564
3880583
3880045
3878993
3880620
3880643
3880649
3880661
3879653
3880685
3880717
3880276
3880903
6109954
5304651
3880981
712016
3879927
3881097
3881102
3881103
3879086
3881140
3880107
3881167
3880654
3881179
3878590
3880143
3881220
3880157
711935
3881249
3880650
3881281
3881285
3880255
713873
3880851
11205539
3881548
3881562
712480
709728
3877976
3881622
6115138
3877412
13836806
3878671
3881682
713031
9414981
3881139
713383
3881715
3881723
3881740
3881251
3881257
3881766
3881252
3881256
3881788
3878424
3881818
3882084
3881008
3882159
3881626
3879060
3882234
3882246
3881652
3881192
3881745
3881228
3881306
3880254
3882457
6114783
3882588
13836813
713370
3882879
3881618
3879529
3882890
13868759
3881649
713393
3881724
712750
6114188
3881798
712399
3881859
3883086
3883108
3883361
714301
3881676
712749
3882206
3881116
3883522
3883523
3883541
3883542
3880187
3883566
3883814
3883819
11218393
3883913
3883926
3883979
3883360
3884073
3882145
3882205
3884190
3882327
6118330
3884301
3884346
11218061
3884416
6118414
3884593
3884661
3884688
3883335
3884714
717055
3882336
3883586
3884948
11215299
6115883
11218569
3881625
11219805
3882315
3885589
3881558
3882755
3885705
3881623
11220482
13709506
3885753
3884207
3885760
3885848
3885852
11223315
3885867
3885870
3885934
3885942
11220321
3886046
11223583
11224520
3883875
3883538
3886226
11224621
3886358
3886363
3886374
3886443
3886452
11225096
11225093
11224416
11230348
3886516
3886538
3886548
3886582
3886607
3886628
11223671
3882947
3886755
11232209
3886861
3886868
3886455
3887031
3887032
3887033
3887085
3887119
3887139
11226061
3888112
726119
3892027
3891891
3892075
3892803
3892785
3891805
3900505
3897071
3907465
3911531
3912458
6143841
739555
3910405
3913673
3913796
3913895
3913991
3913996
6142004
6143525
3911770
6145182
3914141
3914179
738607
3914231
3913026
737674
6147030
3914340
3913135
3914724
3914991
3914993
3915003
3913767
6153216
3913864
3915097
3911482
3915146
3915176
3915255
3915265
3915276
3915288
3915468
736254
3915493
6148614
738310
3915582
3915759
737948
3915884
3915903
3915936
3916126
3916132
3916319
3913794
736723
6151513
3917022
3917050
3917190
3917434
3913902
6143866
3917665
3915362
3916699
739235
3915172
3918710
3915891
3915037
738716
3919333
3922707
3929652
739758
3918970
738644
6154048
3920556
3920730
3919706
3920999
3921140
3921269
3919117
3920638
3921847
3921952
3919482
3918817
6159715
3920004
3921138
3917197
3922233
3921369
739892
3921441
3920276
3922314
3920358
3920371
741978
3921858
3922649
3923317
3923324
3923501
3921209
3922949
3923008
3923589
3923612
3923804
3921722
3923468
3920123
3924113
3924182
6173029
3924261
3924295
741207
741253
3924587
3924018
741630
6164077
739953
3924864
6165380
3925005
3925109
3925133
3925149
3924007
3924795
3925436
741096
3925591
3925625
3925001
1468547
3925730
6167483
1465997
1468619
741330
1470940
3926182
11712625
3926193
6169724
742439
3925758
3926309
3926310
1467150
3926374
3926375
3925790
743093
3925263
6169240
6175312
3926588
3926631
3926232
6174442
1469112
1468545
3926721
6170268
6167204
3926866
3926886
3926928
3926982
3926998
6176940
3927120
3927166
1469009
1470030
1466474
3927530
3926431
1469278
3927607
1472431
3926210
3928045
6179723
3928145
1471688
3926740
3928676
6178530
1471307
3929089
3929097
1473162
3929244
3929246
3929318
6174264
3928779
1468564
3928763
3929902
3931045
6176830
3932695
3932059
3931262
3932265
3931667
3932693
3932711
3932846
3932907
3932935
3933020
3933169
6180670
1494694
3933272
1491684
3931448
1496389
3933425
3933441
3932596
6177232
1496495
6179885
3933515
3933527
3933528
3931792
3933535
3933546
3933593
6196204
3933731
3933835
3933838
3933844
3933940
3934063
3934089
1498205
3934136
3932097
3934169
3932306
3934212
3934298
3934307
3934322
3934331
3934349
3932445
6192926
6195423
3934586
3934588
3932597
3934625
3934635
3934675
3934703
1492643
3934706
3935153
3932307
6179989
3936018
3951205
1426736
3998755
3624155
4473195
7269657
3623465
4473021
4473746
4473771
4473913
4473328
3622693
3620353
4473985
4474023
3626296
4474165
4474295
3622732
3625933
3623146
4474550
4474596
4474626
3625718
4474651
4474652
4474658
3624046
3624212
4474756
4474760
4474766
4474162
3623979
3628462
3626178
3627757
4475023
3623504
3627811
3626386
4475054
4474752
3627853
2224102
4474761
4475240
7275448
4474864
4474881
4474998
4475040
4475068
3626476
3626477
3627229
3622442
7276070
4475667
4475683
4475284
4475713
4475715
4475719
4475278
4475363
3626397
4475884
3632691
3625252
4476064
4476074
3634439
3628380
4476156
3627269
4476194
4475668
4476253
3628775
4476303
4476324
3628853
7271041
3632872
4476102
4476555
3630973
4475115
4476620
3629703
4476685
3628541
3631444
4476315
4476885
4477002
3628035
4477047
4477076
4477177
4477211
3632424
4477442
3628877
4477463
4477509
4477519
4477627
3634527
3630821
4476546
3634443
7276172
4477778
3627317
3633682
3632498
4477973
4477436
4478225
3636917
3637105
4476023
4477812
4478454
3627599
3634746
4477967
4478736
4478859
4478862
3624882
3635698
4477811
4478457
4479117
4479147
3637703
4479343
7279356
3638026
4478893
4477776
4478427
4479504
3637956
7278733
3638161
3639432
4479590
4480397
4480406
4479050
3637249
4480493
3640903
4479845
4478609
3637873
4480260
4480301
4480942
4480313
3640426
4477758
4480998
4478320
4479678
4479687
4480555
4480807
4480953
4480427
4481712
4481761
4481799
4481449
4480939
4482163
4482165
4481631
4482353
4480796
4482813
4483354
4487058
4482683
4483534
4484498
4483986
4484504
4484510
4484932
4484607
4485301
7294597
4484930
4485110
4486056
4485952
4484697
4486341
4485894
4486974
4486219
4486702
4487166
7294412
4486648
7291152
4486675
4485071
4484118
4484022
7286010
7292980
4488357
4488497
7292669
4487879
7292299
4486715
4489008
7292579
4489037
4489770
4489157
4489876
4488883
4489973
4488732
4490045
4489511
4490152
4490191
4489671
7292894
4490386
4490388
4490484
4490499
4490539
4489980
4490644
4490714
4490733
4490736
4490737
4488612
2262119
4490783
4490889
4490907
4490911
4490932
4490937
4490939
4491041
4491074
4491101
4491124
7297272
4490672
4491156
4491164
4491167
7294187
4489480
4491246
4489518
4490746
7294743
7296184
7294039
7296373
4493325
4492640
4493790
4494178
4494191
4493499
4492424
4494502
4495013
4496178
4496209
4496206
7320485
4495218
4496717
4496850
4496910
4496570
4495942
4496696
4494780
4495786
4493315
4497294
4497731
4497765
4497498
4497813
4496667
4495850
4496697
4497648
4497261
7329064
4497914
4497981
4494478
4497469
4498057
4498219
4498221
4498231
4498293
4496161
4494422
4497395
4498428
4498276
4498322
4495704
4498997
4498458
4499065
4499327
4499328
4498728
4498494
4499104
4497931
4500006
4500058
4497928
4497930
4500431
4500438
4500820
4497745
4500289
4500950
4500404
4499963
4500013
4500054
4501198
4500752
4500825
4500408
4500979
4501150
4501536
4499552
4501224
4499376
4501788
4501321
4502750
4498382
4501988
4502054
4502148
4502212
4501152
4502220
4502254
4500832
4499230
4502265
4502291
4502319
4501334
4500417
4497851
4502417
4501526
4506884
4500928
4502844
4504093
4503660
4503059
4500757
4503153
4503253
4502673
4501847
4500303
4502739
4503463
4501412
4503579
4503585
4504061
4502013
4503708
4502187
4503743
4503065
4500744
4503180
4502257
4503913
4502798
4500472
4504060
4502385
4502988
4502987
4504175
4503120
4504257
4504286
4502652
4502294
4502706
4502740
4503496
4504458
4505488
4502784
4503111
4504103
4497322
4504765
4503264
4503183
4503225
4503727
4505682
4503342
4503266
4503404
4502342
4503900
4501907
4504930
4503469
4500952
4504959
4503555
4505000
4504063
4503664
4505159
4502817
4502660
4505315
4503290
4504440
4504494
4504024
4503002
4505491
4505492
4504696
4504698
4505529
4505533
4504213
4504838
4505295
4501294
4503323
4501335
4503892
4502720
4504346
4505370
4500896
4503466
4504922
4504415
4505734
4504964
4505527
4505894
4505085
4505999
4506027
4505752
4506157
4506161
4506165
4502792
4506200
4506206
4506211
4506241
4506244
4505899
4505186
4504299
4505236
4505701
4506433
4502763
4506010
4506439
4506033
4506521
4506523
4506172
4506245
4506246
4506583
4506586
4504686
4506589
4504624
4506627
4503125
4506667
4506689
4505633
4502258
4506708
4502695
4503402
4506405
4505715
4506440
4506750
4506751
4506520
4506753
4506755
4506761
4506763
4505748
7338432
4506769
4506808
7337701
4506046
4506581
4506582
4506640
4506170
4506859
4505950
4506881
4506892
4505569
4505298
4506903
4506924
4506926
4506942
4504350
4506949
4501884
4506721
4506967
4506971
4507015
4507059
4507081
4507108
4506830
4506783
4507160
4506886
4506885
4505195
4505240
4505530
4506927
4504305
4506680
4506414
4507225
4504905
4505685
4502727
4505716
4507243
4507356
4507411
4507413
4507420
4507434
4507444
4507564
4507565
4507942
4507671
1513039
1507736
4507635
7358902
4508044
1510526
1511154
4507915
4507193
4508140
1509092
1512650
1507077
7342789
7357839
4508226
1509118
7345266
4508445
4508497
1513081
4508554
1510151
1510335
1510433
1520730
4508899
1519284
4509206
4509212
4509268
1518534
7371207
4509721
4509064
4509573
4509575
1524211
1520587
1518630
4509956
1522243
4509757
4509988
4510088
4510190
4510483
1524357
4510665
4510668
4510431
12314232
4510818
4510841
4510882
4510890
4510927
4510942
4511001
4510046
1529102
4510335
4510424
4511118
1524381
4510867
4510551
4509775
4510876
4511200
4511209
1528652
4511290
4511317
4511426
1526109
4511441
4511042
4510744
1528152
1525795
4510842
4510533
4511154
4511511
1528241
12314405
1527563
1526752
1527530
1527564
1527531
4511553
1529651
4511612
1528758
4511684
4511201
4511698
4511700
1529684
4511716
4511784
4511794
4511800
4511806
1528035
4510988
4511873
1527458
1526639
4511498
1527508
1525889
4511950
4511504
4511952
4511953
4511983
4512085
12316919
4512179
1535009
4511903
4512317
4511662
4512494
4512501
1531592
4511866
4512299
12317942
4512716
4512717
4511980
4512790
4512792
4512797
4512012
1530541
4511413
4512259
4512427
4513055
4513066
4512423
4512780
4512436
4513154
4513880
12318581
4513462
4513505
1536428
7414831
4513701
4513133
4513803
1535645
4513496
4512881
4513889
4513239
4513543
4512625
4512332
4513554
4513909
1535363
4513995
4514011
4514041
4513796
4514063
4514144
4513185
1536124
1536132
4514184
4514195
7424018
1538246
4514031
4514466
4514080
4514903
4514573
12063816
4514139
4514168
4514660
1539653
4514708
4514709
4514787
4514800
4513953
4514409
1537019
4513936
1538380
4513245
4515016
4515130
4514772
12319469
12320011
4515228
1537045
4514864
4515292
4515329
1537891
4515404
4515107
1539409
4515518
4515525
1539215
4515590
7423822
4515005
4515535
4515806
4515853
4515332
4515913
4515931
7428211
4515966
4515427
7428616
4516104
4515876
4514974
4516193
4516235
4516101
4516378
1540057
4515648
4516143
12321317
4516498
4516500
4516502
4516511
1543091
4516224
4516223
4516572
4516633
4516640
4516781
4516414
4516816
1542220
1545091
4516579
4517015
4515858
4516661
4516129
4517138
4517192
4517291
4517624
1545012
1545115
4516335
4517171
1544981
4517287
4517297
4517318
4517636
4517043
7442071
4516336
4517869
4517991
4518057
4518086
4518101
4518140
4518103
4518274
1546294
1546010
4518429
1547326
1547161
4517982
1545967
1545969
1547630
1548646
4518393
1549135
1546649
4518358
1547608
4517843
4518381
1549608
4518709
4518713
1548436
4518629
4518776
1550783
4518703
4518696
4518618
4518922
4518985
4519059
4519061
1550871
4518596
4519106
1551575
4519278
1551235
4519307
4518949
1553532
7452645
4519288
4519225
4519164
1546688
4519553
4519563
1552473
4519592
4519791
4519819
4519503
4519273
4520158
4519809
4520977
4521685
4521071
1555049
4520522
4522240
4522324
7491371
1555128
4522454
4522465
12328300
4522523
4522548
4522844
8292759
4523247
4524168
4524595
4524866
4524959
4525460
4525546
4525558
4525912
1570187
1566427
4525709
1566247
4525168
4526584
4527298
1568379
5401693
1568509
5418077
7573389
5410953
1571602
4528094
5417851
4528227
7574563
5419345
7575986
9435570
7576322
4529378
8310943
7578671
7578672
4529858
8312845
5420740
9436070
4530381
9436079
4530448
7578409
4529425
4529747
4530854
7583934
4530893
5432769
7582868
7580473
7581502
4530591
1967525
7588954
4531603
5422158
4531616
7580383
4531774
4531798
4531100
4531945
4531948
4531209
4530580
4531418
9438566
4532386
4532445
5424729
5426447
5427909
4532579
4532582
7582665
4532584
4532690
4532715
4532725
4531575
4532920
4533000
4532082
4533059
4533067
9436938
4533281
8317410
4533299
4532403
7590079
4532601
4531800
7584416
4533061
4533766
9439110
4533794
4533997
4534013
4534014
1967586
4534016
1967247
1576156
1577803
4534061
4533454
5438140
4532596
4532607
4534256
4533509
4533568
1579580
4532732
4532846
1579640
4534386
4533727
1972124
4534435
4534452
4534457
4534527
5438098
5434696
4534564
4534577
4534589
4534618
5434903
7591918
4534675
4533306
1580531
4533320
4534714
4534232
4534182
4534790
4534795
4534183
4534253
1576619
4534270
1575893
4534391
4534903
9438005
1969946
4534937
5441469
1579937
9442459
7595553
4535014
4535017
1576866
1971947
4535054
5441605
8320469
4534161
1575619
1579409
4533457
5441726
4534778
5440002
4535138
4534238
4534241
4535176
4535195
4535201
4535228
5448226
5439112
4535242
1582054
4535264
4535269
1971752
1582206
1582995
4535376
1582903
5448098
1972441
4535394
1584392
1583359
4535449
1970505
1584181
1582860
1581415
1582096
1582207
4535497
1969048
1971994
1584302
1583953
1973762
4535220
1584559
1972092
1582539
1584709
1582083
1584040
1972456
1584616
4535694
1580252
1581416
1968442
1968779
1583714
1585301
1968479
1968820
4535358
1584848
4535753
1583248
1974652
4535584
1972275
4535796
1580837
4535624
1973678
1591103
1584137
1973431
4534894
1973426
1585289
1969405
1972225
1973248
1969446
1969055
4535967
5446674
1973262
1973275
1581687
1972738
4535992
5448601
1585634
5448819
1584474
4536151
4536241
1973872
1585217
1971278
1586936
4535713
1973988
4536337
7600665
4536466
5451392
1973375
4535650
4535398
1973387
1973880
1973475
1585828
1585864
4536650
7601276
4536687
9444250
1585606
8324143
4536956
1974863
1975481
4536314
4535960
1586466
1590785
7602125
1587321
1590842
4535840
8325805
4537292
1583930
4537318
1586348
1587579
4537376
4537407
1977456
4537519
5458284
4868293
1974723
1588364
1975942
1975416
1590091
4537634
1975456
4537671
1586967
1587727
1591746
1588071
1587340
4537535
4537813
4537815
1588923
1975851
4537326
5456485
4535956
4537371
1585873
4537906
4537929
4537939
5457873
1591951
1590629
4537979
1975292
4538008
4538052
1976506
5458492
4538095
1593532
4537877
1976562
4537009
4537689
4538544
4611813
4538693
4538731
559671
4539576
3348627
10187275
4540641
4541053
4542665
4542894
9040219
4543904
4543936
4544103
4544874
4571980
4545707
4546320
3772112
4572931
4548594
4564614
4646828
103365
4707193
4701876
4591816
4581439
1702094
3775764
4602569
4560212
4578063
4541874
4582798
4546339
12781345
4586451
4604378
4565607
4565610
4622311
4552256
4552312
287445
4668178
4688434
1652178
4588358
4569261
4569324
4603002
4559716
4669446
1700153
4544674
176023
4572274
4572971
4573284
4640896
4564565
4564878
97329
4650415
97454
97467
4587404
9063811
219572
9501442
4554191
44281
4555231
615052
2042924
14765
24752
4577028
4571915
4577213
4558968
4589393
4578019
4578890
4544578
3392952
4658890
4579158
4580054
4580276
4549421
4572386
4763503
3783036
4598998
40448
8447
16292
10188492
4557770
2042613
10188577
4613589
4597804
4569231
7690533
4583364
4570264
4624471
4570842
8414271
4621861
4571599
4580486
4547453
3366679
4586048
4587167
40933
40957
452893
4592525
24064
221725
4568673
3390765
4539000
4583039
4588734
4588952
4589086
7687961
4589499
4584087
4610395
4589922
4540279
4578326
2612570
4566022
4591762
4552442
365583
4592084
4592138
4592280
4582345
28841
4592777
4605191
4593200
4597111
4593505
4593684
4570732
4603343
4542290
4593934
4614108
4571321
146154
4598391
11097200
4565231
3392073
4618035
4547850
240076
4581344
218501
4598438
139613
252332
2614097
4555217
1648101
4568700
4596781
4596792
4597286
4589666
4593902
4584375
4597580
4561732
4594512
4572290
4541077
4564250
4562294
4550411
4586626
4550875
4580458
4598899
4599069
3391401
4566491
8994
9019
40893
4599432
4555176
32773
4569257
10186237
4664961
4559734
4597119
4600470
4615735
3351838
4603472
4584586
4539850
4545380
4572345
4563235
4626305
4585987
4601414
1701589
225080
4549394
4565130
4594744
4550853
119836
4604444
9049
44535
44555
105200
430688
4628504
370568
4593318
4540746
4560014
4560433
4560424
4584410
4571025
4543293
4585716
4589805
4646717
4550960
4553505
4604820
4568312
471694
29296
151489
4576922
4569401
4605655
4541125
4541871
4593826
4594048
4561034
4597626
4579964
2057905
4539757
4606308
4579430
4601163
7692040
4547839
4608417
4606599
4606761
4606800
4546478
4547322
4551120
4606922
4551168
4574824
4551329
4621170
4592213
4604845
4588318
4607789
4583117
4607887
4607889
4559366
4583762
4589518
4570919
4542380
4542602
4608390
4543019
4606572
4561922
4559835
4547150
4542646
4594889
4608817
629188
4609099
4547252
4609130
4595774
4599312
4555371
4604948
20254
212075
4538346
4609781
4609785
4609811
4610081
4541398
4600463
4541663
4610491
4584829
4578994
4606730
5583684
4545553
3781602
4585268
4610847
4626310
4542897
4543222
4592925
4585297
4564753
4590600
4611204
4547532
4601751
4611220
4611227
4595514
4757622
4593197
4566743
95631
2037139
12755285
4576781
4605400
4613746
4569526
4577807
4612271
4584008
4610319
4560257
4635065
4603307
4612339
4560520
4542755
4571208
4594528
4540458
4541537
4547286
4550980
4612806
4545193
4545946
4552901
4606942
4567217
4575225
4613370
4582162
4582779
4596989
4562334
4605669
4541903
4544549
4585131
4590621
4572769
4542735
4614780
3783192
4607005
4574785
4604258
4566318
4587268
4575183
205617
1653408
4755667
4619778
4592762
4592814
4588511
4538763
4624163
4615421
4596827
4594362
4613750
4593241
4593327
4570293
3784768
4542958
4569062
4615932
4616019
4616058
4545307
4581392
4550931
12725957
4552642
213098
4743529
4607206
4587914
2605306
206689
4596558
4616785
4592930
4539810
4625751
4541019
4617244
4560176
4560741
4603426
4600668
239492
4618920
4577182
1699213
4603715
4628739
4572660
4578110
4560606
4542520
4600908
4606818
4637554
4566349
4553397
4616552
101780
4602865
4613907
4621822
10189195
4612546
4559039
4589059
4597238
4584483
4563072
4620974
4566015
4619406
4566492
1695551
1676887
4588474
4619866
4558935
4539823
4610051
4589030
4620305
4602614
4561617
4614199
5582391
4540410
8404848
8404851
4545548
4545978
4619090
4620701
4595108
4620778
4606827
12758332
4552487
4595807
4640972
4586735
4586032
4566219
4582129
4615339
4596643
2048568
4593366
4602628
4600946
4539980
2062060
4545696
4542406
4564427
4549947
4566270
4599457
4558410
4635575
4613714
4593192
4621965
4577382
4577746
4623008
452787
5584615
4560930
405295
4569020
4623389
4560131
4538491
4617700
4564314
4545568
4545010
4554215
4555778
521523
4596629
4637845
4608108
4612310
4543895
4539758
4583345
3776110
4624863
4564386
4569675
4580550
4565028
4567104
259195
4625229
4596135
2073802
2578599
195448
195445
3352300
4625435
4649990
4596937
10189803
4625717
4584311
4625901
4606112
4588736
4638190
4614418
4584706
3775693
3374364
4574668
4581947
4554198
1678583
4626718
4588779
4626871
4627012
4627047
4630774
4589850
4582764
4615876
4627237
4628518
4596943
4703680
373013
4561934
4573936
4547591
4580467
4644268
4553059
4586559
4567163
616210
330955
4609741
4538340
4632998
4600307
4589445
4617372
4609795
4599825
4628472
4579210
4601259
4623201
4613109
4606700
4550810
4628828
4628830
4628843
4628987
4574822
4595973
4567243
630324
4616784
4607923
4628268
4629722
4539864
4610114
4593649
4624964
4566199
4546743
4630212
4567087
4630425
4630969
4572520
4573480
4631275
4553353
1647569
4581919
373784
4630544
4631636
4628016
4631747
4592779
10189031
5582417
4632065
4544420
4558692
4577521
4577792
4620255
10189964
4538695
4594520
4552093
4632454
152206
4550388
3788231
4550893
4606973
3787170
4619701
4554744
4632699
4632792
4602599
4628028
4628047
4626819
597161
4629464
4540116
4621635
2055268
4600179
4628200
4612063
4627331
4570088
4570378
4584072
4633075
4568987
4588658
4588677
4593045
4544806
4589083
4570014
4589238
4570665
4541899
4608849
4561687
2055179
4545128
4620870
4572221
4608984
3374255
4545715
4546790
4614778
4548738
4634292
4549540
4598551
4646017
4549526
4550091
1702256
4572948
4614957
4595999
2042081
4633563
4609292
4621280
452923
4557812
2044435
4618430
4605380
4633929
4700317
4634012
4607900
555638
4610807
4627655
4575488
4599255
4592318
10188544
10189631
4613550
4605251
4633835
4619960
4613677
4609926
4634771
4611979
4617039
4589168
457979
4593728
4617266
4538475
4625922
4540543
4632982
4598013
4559736
4583726
4559961
4578056
4560447
4560608
4636574
4624634
4623603
4546952
2056593
4613081
3389690
451649
4616454
14764
437714
4568665
4605307
12729122
4629785
4539495
4635628
4635630
4631754
4559127
4634777
4635684
594299
4600520
4576809
4625431
4686919
4558547
5583527
4603644
4596904
4569791
4622951
4583521
4620557
4583689
4619019
4570095
4589376
4594637
4621708
4606812
4597335
4578367
4623541
7689428
4572154
4594460
4636036
4562568
4572419
8413570
4620661
4619247
4548781
175740
4573668
450366
2611063
452260
4586523
4601928
4612993
4565864
4574792
4566081
7691024
4568672
7690133
4636445
4615471
12778247
9462985
4636495
4600313
4633045
4610271
3368428
4615548
4594238
4636597
10187258
4539804
4594372
4539942
4636628
4589109
4584110
4584231
4582799
4544349
4582986
1695623
4606442
4636792
4636793
7694625
4635999
3388365
4626367
4613267
4550459
4546957
10190451
344758
4633725
536302
4615308
4637096
4592979
4605453
4732697
4637173
4633987
4637215
4612244
4608225
4637284
4588512
4576783
2043436
4558998
1103751
4636642
4637352
4636661
4603338
4610896
4637426
4691043
4540669
4562567
4577933
4591024
4638715
4622334
2604557
4607049
37507
4553139
4637721
14724
4582394
3775860
4539248
4596796
4631806
4628173
4612132
12756505
4610320
4584587
4612432
7689173
4638139
4622710
4577127
4615939
4628553
4571306
4638338
4638353
4584593
4571428
4620710
182440
5583827
4586974
4638869
4592190
4607080
4573891
2056578
372016
4615067
4556809
4618303
4607989
12776549
4621626
4610173
4541807
4583674
572778
4639527
5584655
7690388
4605728
4618703
4624444
12754183
9463085
4639817
4628481
4639843
4628213
455063
4602822
4583258
12736168
4593391
12738371
4628625
4638566
4570721
4560595
12727589
10185324
4573190
4573188
7690574
4640340
7690599
4640364
4638224
4640370
12728632
4640561
2038360
4584970
4616241
4601522
4620712
4641218
4581155
12739172
4602258
1700832
94134
1670500
51563
340539
4641907
4631907
4642114
4642170
4642199
11098493
12747394
4617306
2064075
4601334
4627410
4584610
4732729
4643141
12777635
4591614
151945
4643731
9059756
4622222
4553828
55651
70886
369778
4613401
2072855
4625648
4629530
4628278
4645289
435875
4634004
10187621
4638051
4615741
4627176
4614043
12779119
4631903
4645418
12764463
4624289
4583495
4645600
4613896
4636496
4645614
4621731
4637197
4597261
4593444
4600393
4627085
4629569
4610359
475232
5584750
4620638
2612042
4574356
4598503
2605845
4646897
2060232
1687695
461389
118361
4639285
10190496
4645176
4634909
4639352
4647399
4647405
8416518
4647423
4612141
4630727
4621684
1085642
307382
4637950
4647520
4600434
429447
8414647
4647659
4631807
4634723
4645530
4645984
4588960
4629416
4639890
8416865
4562803
4646408
9065219
4648278
4620855
4636751
4545932
4585489
2048987
148626
4648632
5584290
4554028
590366
311378
79324
73060
37448
4596013
8400332
183367
4629295
9063787
4649643
4633002
4602949
4593638
4645299
4729410
4646065
4638055
10190104
4578401
4649827
4600373
4619952
4629348
1092659
4630598
2042626
4650138
4646070
4593372
4593385
4620670
4603837
4628974
10183294
566340
4594789
4624906
4634316
4611134
2055141
4625079
4627782
12745645
4592110
4649316
4651269
2040880
4637049
4649476
594306
312739
4609887
4615420
8417649
4651563
4633943
4594903
4649825
4652342
4588661
5588415
4648942
4644536
3774145
4592194
2073955
450604
4602234
4654886
4539551
4633408
4646035
4756074
1689498
8417461
1656879
4656357
4549672
4597853
4587948
4577307
4646793
139279
4654598
304906
375745
4640411
2601228
4573133
4579591
12756736
4618932
4641266
4586599
4640958
532740
4643871
2069002
4660079
8273566
143530
353674
4647303
7691230
10188695
4631035
4598178
4661757
4640994
443120
4662538
4563568
4653155
71082
4638946
4663653
3385861
1097225
426332
4664816
4664944
3789291
4630086
4638612
64484
4585399
4586577
4565373
489118
4667749
392053
123632
606574
1680559
4659280
501853
313711
2065943
116504
2059071
3774811
4673206
4666367
4665209
4674245
369355
453686
150034
516311
4629360
4701793
4612613
5586547
4676414
10194111
4677304
385330
329666
108220
2075750
4646199
4679753
3774798
3389321
4656796
12762907
4680139
4680141
4651013
4662264
121273
4680470
2045685
1098976
214298
554676
4583291
4680911
4681023
4666198
4681621
4682075
1677824
4595338
4629903
4682544
4682587
4683123
4683291
4627666
4611603
4645033
4684136
2043503
4684488
4561707
12757778
4603904
627144
4686352
4684119
4614360
4650173
12755532
4687783
10183425
496222
4628917
125869
4701151
4690259
4690470
4690586
4690609
137237
430690
4690703
4688851
375527
4689082
4690951
1102350
616436
4604770
3774572
450406
4691882
4682164
313773
4692479
4691272
4766462
4626380
4689206
2613247
4692649
4586517
4692767
1655789
4692830
4688083
4693029
4687127
4693095
4693116
4693129
4622462
4693337
1660761
4693504
4622608
83229
3344685
4694625
4693926
1703937
229771
4692340
4574789
421470
617710
4717365
11094740
3784614
12756624
4633476
281984
8401308
4696900
4695747
389596
4685130
4669632
4636245
4567366
13888696
4698425
453783
4689207
4636896
4697758
4564372
3381264
4691806
523862
4671108
4685750
560759
4696441
4700323
446848
4700353
11092541
4700390
4679428
4687811
4700851
8476095
550382
4671015
4604813
4664053
1695682
4661533
4701925
4701948
4702010
3775599
13401810
4677595
8407727
548681
4592388
4703375
4689818
4703774
4703795
4703816
551402
4679604
4703856
4704149
197773
1650927
4704213
4704252
4704253
4704292
4704298
2574996
4705928
4704604
544478
4704636
4704661
8411167
4703714
4661763
10195222
4685042
241248
10195393
7697538
1116395
371905
312058
4704421
4705233
4705540
4705542
4705544
4685246
10194801
4705754
10194418
4705801
495670
142576
4706094
4706103
4688185
4690090
4706326
4706328
4657221
4663700
1700619
9059766
4700844
4703812
4701864
4705679
4706799
4688852
494854
129808
4562753
4706542
4574382
4595110
378117
4704671
4674927
4682867
4707236
4707255
4702410
4706343
3384152
1670456
4708703
2041223
3785386
3782797
328929
97499
4707199
3379347
2612984
4700457
7687757
4599535
3807883
4678171
1693301
3788277
4670369
344111
4613467
4716115
4699075
11095463
4679394
4612970
4636243
4718928
1089128
7686962
4702261
4770170
4719815
4719922
4719923
4585694
449302
4699464
4698381
557567
4721278
1683953
1127056
510127
2060234
1676986
12745799
12786147
8412695
4706552
1112989
2045061
10192152
1085057
2570544
4724827
407285
4752574
176512
172241
91992
1681472
1111280
4594171
10189947
4564106
4726694
4569198
444202
4598045
13362466
220809
4729036
8417716
12726694
5583810
4598290
4600193
2042773
4597036
557209
4646245
3772456
4586691
2576844
4636745
9304549
4650783
4698352
4679992
2059672
312059
4581851
1680030
4615090
4689045
4590892
4676166
4630973
4730800
4730832
4603091
8414599
4669472
4647572
4658632
543504
12752505
4731624
4731689
112192
2601179
4644437
609950
4728869
1647305
4732659
4732747
4708061
4593663
4687729
4680935
4732905
4732914
1682494
4559929
4577979
3785583
4681998
4733730
4601639
4728282
301388
530997
4730934
4727071
4701808
4624718
3771952
4725058
4683621
145957
3388562
4734970
433269
45753
2038948
4734351
361438
2058479
4738093
4738108
4731030
4736841
4677268
4731776
4738090
45737
4672848
4724121
4739370
489478
4727513
4717428
4739883
4720617
4601154
4682288
4742187
4731612
4714059
219580
4732902
4669589
4740781
453252
12092200
7690466
310125
512562
4722307
4609635
5587381
4744188
1702614
3772108
4744284
4744394
4548913
4744807
4563118
4596657
4607162
4626960
4606247
4608806
607653
4683256
4608155
5585918
1700512
2612895
138257
1702764
4746324
4766890
4749950
4746464
4746467
1124891
1651971
4746906
4611612
4592410
4715682
4747481
4747507
4575415
4668664
4747675
4676162
1689021
196488
4748897
4748918
8411049
4749918
4749940
4624929
4750508
4721781
4750933
3781166
4751463
4751491
4747978
4611279
4751654
4751828
4646002
8403889
569739
582180
4587992
2057769
4657757
4638203
4754722
4614019
4733722
4696914
4755189
3350197
615713
2611011
3781165
4735781
4740142
4588121
11102781
4733384
4577965
4756075
4669515
4742672
3779737
2610300
4756283
449303
4730364
4756856
8404825
4740691
4757087
4731799
7673557
4721152
12783784
12782397
4758658
4739345
4727901
4657103
4759945
4728004
4702751
199407
4686491
4760533
3352268
4760595
4760735
4760757
4729968
137405
4739620
4714086
4748900
4634375
4684146
4623610
4761271
369691
1679621
4751170
4761689
4761720
4726030
4761836
4761838
12427004
1696592
4756925
4607845
8412578
11100473
371206
4703940
2606614
4700817
3350436
308411
3788011
4688951
4762997
2004046
271893
619042
4763549
4763616
4761055
4763651
4610944
8410094
4574320
4763746
4665925
4727800
4697671
4763828
196422
4763930
4763940
4684936
4764048
4748719
4761181
544834
1104469
3380012
4761230
4753163
4634463
2606440
2606442
112174
4691490
1678059
4714870
10184901
112550
4741645
4764465
565256
4688403
4700163
2043701
550492
4764777
4744455
4614861
4689752
4565367
4729556
12426089
4745817
4765523
4765530
4595536
4631335
4750659
188605
630349
12426778
1676989
4766171
4633474
4745167
11099758
11091672
4767653
3353242
4767810
5588974
4767973
1650675
4768269
452986
505699
4619472
1701671
4619513
4652325
4768477
2059566
4760945
4631329
4745837
4740982
1702801
4767432
4660806
2573278
4769505
4769534
4769844
207003
4769891
4769972
4760973
4770018
12426430
4666970
4760975
4592143
351842
4728576
4592136
4767632
4770989
4576444
11095409
4588291
559770
4771348
4604112
7687582
4564545
602713
4619598
4772004
4599228
393628
1668425
4769501
4772471
4768224
5597805
4770019
2433
4772731
3779192
4770039
4614802
2054969
4772909
4771949
7545561
4772964
4773013
4773058
309767
4769303
4694476
582811
4769535
2004517
4668819
4766493
4773685
4604182
4772447
4774040
193890
4743766
4609599
4668141
529472
4616742
4721294
4613327
4776108
2006424
4776323
628077
4775879
4745496
4777313
4777490
12444371
4776305
4777643
4777968
10178647
7679228
10177808
5577737
4745497
9459218
12721025
4779412
641190
4779206
4779584
4757305
4779759
4778792
4781777
4781871
4781915
4781968
12445484
12446039
4782060
12446651
4785833
9116803
11122570
4786824
4787510
4786498
4788020
4788102
4787018
1138679
3448292
4788585
4789348
9119988
4789789
4789944
4790408
9120259
4790940
11134681
11134826
4791477
9117162
4789908
11128847
4792245
4792279
11127867
4792328
1139602
4792547
4792611
11126670
11126674
4793129
4793360
11135967
4793694
12712126
11135302
11134304
4793861
4794028
4790400
11134566
12712596
4791765
11133626
4794318
4794317
661354
4795674
4794022
4795639
4797476
4810324
4813976
11147711
4814139
676853
4815477
4815056
4815456
4817066
4814421
4818169
4819378
4816811
4819169
4814193
683199
4817139
4815485
4826951
4821801
11157603
11157243
4821897
4822228
11152611
11159898
4819076
4822389
4827568
4827569
4827601
4827662
4822689
4823246
4826559
4826563
4815882
4821384
4828823
4819767
4828836
4823277
4828870
4826562
4826682
4822218
4824860
4829035
4818502
4823485
4820336
4829090
4818527
4820335
4823573
4821822
4829229
4818846
8358110
4822070
4829240
4829248
8358104
4825073
4820768
4827250
4820757
4825363
4825301
11155339
4823797
11154703
685980
680594
4824075
4825793
4828407
686791
4823974
4826250
4828632
4832254
4830205
4824088
4830231
4830247
4825749
4826475
4824280
4830405
4823381
4828629
4828640
4830465
4822694
4826284
11159957
11156837
4828418
11164263
11157012
11153128
4826402
4821788
4819687
4830786
4830793
4824853
4830816
4823177
11152760
4817776
4830857
4830874
11160276
4826712
4831030
4827045
4816932
4831047
686535
684099
4827336
4829140
4831114
4819195
4831223
4831236
4829393
4832905
684093
4827465
4829442
4829493
4831437
4831664
11157320
4831958
11157173
685500
4826209
685273
4826282
11162073
4830528
4830681
4833905
4832747
3855770
4825277
685919
3855193
11158914
4832928
4833147
11154931
4829760
4833597
4833607
11160932
4831912
4833647
2145588
4833752
686786
4833897
4833915
3853741
4833898
2146702
4835721
4833832
2145142
2142203
8896648
4851004
4851369
8896354
4859256
4860015
4860016
3257660
3252588
8895676
4857711
4855381
4860745
4861302
4861314
4861317
8895675
4859914
4861974
4860296
4862691
8899990
4862987
4863008
4859946
8900012
4854554
4862146
4860549
3255925
4859796
8896778
4852751
4878395
4906515
4908146
4908147
4907721
5941728
4909263
5929580
12588805
5941375
4911715
4911883
5940629
4909258
4911514
4911448
4912388
4913351
12616828
4913897
12615003
4914405
12614571
4915391
12617674
4915630
4915843
12611682
4915443
4916028
4915909
12622471
4916289
4916352
4915269
4916614
4916618
12619655
4916645
12617966
4917374
4916778
4916907
4917027
4916564
4917148
12622889
12622894
4917231
4917261
4917263
12622931
4916731
12623025
12623086
4915573
4917612
12622832
4917733
4917778
12623138
12623139
4917289
4918393
12623440
12623447
12623445
12623453
4919088
4919100
12623533
12623497
4915980
4919464
12623553
4918593
4919752
4920279
4920283
4918952
4919766
4919135
4920456
4920467
4919284
4920085
4920543
12624053
4920546
12624051
4920613
4920157
4920640
12624149
4920412
4920357
4920356
4920405
4921152
4920034
4920641
12623518
12623289
4916944
4926419
4927153
4929077
4928495
4929581
4931761
12524334
5875933
12522079
11021413
4933132
4934271
4934875
4935490
4934990
4935533
4935167
4933990
4936035
4933777
4936033
4936674
4937057
4937196
4935584
4937438
4937771
12524396
4937804
4937805
12523706
12524488
4967280
4963433
4969161
4970725
4973041
4975052
4973309
4979844
4982573
4984699
4974942
4984842
4985917
4984531
8568479
4994386
4991531
4983605
1227225
4999318
5100043
5105058
12112955
5107621
8266148
457321
509880
5156042
5164281
5176227
5176646
1682507
2002624
4736594
157179
5256435
5256755
5258709
5266841
4712311
5265266
11195077
5275187
5275627
2568296
3356383
9291339
5295126
5295254
5283566
514222
12093199
1677410
5305221
5305702
7544549
5297166
5311499
5295138
5314476
12347687
42396
83321
303330
2033488
1888008
5317434
5319347
5293100
5317969
5314343
8277407
5317666
5308229
5322171
3384403
73840
73852
5221805
5323962
5324169
3807808
9427048
5287140
5324862
9512995
5201650
11195657
11195961
9427509
5264051
5303372
5291308
65273
5327452
101232
5327701
5328549
5301777
5313727
5324525
5236639
5231498
5329292
5324771
5300017
5306096
5217264
5304213
5329471
5329546
5325051
5326288
5329785
5205369
5330289
5230372
5325766
5283509
5323681
5308288
532825
5309069
5311044
5231630
5332185
553353
5327762
5239997
5305399
5283911
5333782
5313482
5309866
5328929
5209665
5329016
5334456
5334505
5208546
7545137
5326091
5334754
5306483
5324907
5302262
5331608
5335700
612675
5237673
5237675
5210730
5299822
5210937
5219291
5336361
5276087
5283020
5310664
1658029
5326500
5291896
5294924
5325145
5332206
474676
5316778
158441
5338942
5207281
5224636
5239870
5198558
5333940
5340520
5340670
5311618
9514797
5297110
7545953
9519111
5326468
5285111
5235391
5192237
5326294
5325399
5335992
5306930
5221181
8622165
5330780
5261637
5279689
5342843
5343492
5222019
5214806
5308069
9520211
5303314
5203828
5308767
5328019
5333273
5346300
5310520
5347382
9425006
5347910
6077874
5347962
5311092
9518662
5212327
5348265
5326728
6075638
5343481
5326701
5230007
5330348
5299803
5349591
5349739
5341022
5350339
5343330
5285393
5332918
5337511
5203451
5343790
5351764
5204344
5353518
5339484
129901
5301573
5346814
5324456
5355515
2072287
5355929
5221978
611114
5356014
5285523
5356053
5341807
6081256
5356094
5222451
8636097
5348787
8631848
5191223
5348876
5343976
5356256
5356259
8627069
5335682
5356286
5356287
5335844
8633569
6074165
140951
5350943
5207448
5277985
5307829
5339139
5341874
5352630
5348756
5343624
5308660
5343748
5337537
5237711
5307893
5302483
5358529
5159738
5358693
5209483
5332877
9510985
5352649
5352718
5308762
9422326
5167933
5292459
5346411
9511113
5346647
5346392
123778
5356578
9517575
5346950
5360912
5355024
5347157
5355003
5355107
5349788
5347462
5307290
5361034
5361043
5347519
5343023
5329202
5361183
5347706
5361333
608887
5355744
8635867
5362221
5362255
5342656
5344690
5344606
5356765
5354931
5328086
5312781
5312842
5187410
5362587
5362631
5349953
5307315
5208758
5362739
5350279
5357791
5358166
5339927
5313323
5308958
5224137
5351860
4654348
7546064
5358370
5330874
5352076
539409
190404
5317071
9424600
5357769
341500
5353030
5351788
5187051
5353530
5346527
5198924
5359733
5160396
5359955
9504823
5364949
309110
382741
5269339
1092577
5370845
5372955
505669
8656866
5374225
5379989
5380424
10859721
5379253
12097352
10865078
5378106
5380955
5384368
5386588
5380772
5383701
5390142
5388818
10864059
5391095
9535903
5391888
5391904
5391980
5392110
5392377
5388609
9533236
5392791
13781027
5392928
5391264
1566694
5391332
5391574
5389894
5389766
5393452
5391695
5390057
5393671
5394421
5391307
5391456
5391349
5391426
5395051
5393396
5392591
5400271
5401691
10150602
5469869
5467725
5476685
10147330
1598510
5473776
1980591
1979878
1606936
5473742
5465193
5484502
5485803
1981686
8362536
5488091
1984001
1615355
1597792
5490381
5490382
5473740
5481884
5481900
5481063
5489834
5490372
5493339
5487283
5493391
5490465
5493751
5494049
1985984
5484389
5487306
5490466
5485798
5495904
10156683
5490420
5490440
5493383
5496198
5491847
5483099
1610826
5489903
5498751
5499176
5499197
5499803
1984847
7637625
5486420
5495217
5475082
1614342
5495676
5498611
5495808
1613154
5498760
5498826
5502828
5503177
5496203
5503843
5503880
9355226
5504452
5500732
5501605
5492803
1990006
5498861
5505490
5507173
2537538
5504093
5507784
5504640
5507899
5498335
5501544
5495537
5508252
5508299
5509173
9457304
5493360
1986844
5510111
5510204
10156067
5510746
1989707
5511087
5511234
5511308
5511371
5511374
5512244
5512314
5512343
1991640
5512565
10156244
7666110
8378517
1988766
5516792
5495933
1991027
5516691
1989763
5519834
5513830
5519989
5520054
10159082
5521455
5521457
2539629
5522082
2535392
5507762
5513621
5521422
2535810
5524543
5511211
5518501
2535260
10165833
10156022
5521862
5513484
5516686
5513766
5526323
5526398
5526419
5526433
5526480
5526585
5520254
10162256
5527161
5527175
5527314
5523136
1992902
5528200
5528656
5528815
5518530
1993165
2534348
5519518
5522930
10163895
5525980
5529327
10164924
5529646
10166258
5529723
5529800
5529825
5529826
5530376
5530614
5530965
5531066
5531103
5531261
5531285
5527004
5526341
5528143
5532264
5524662
5528605
5532534
1627178
5522529
5519073
5525853
2539850
5532867
5532926
5533147
12712377
5533440
5533490
5533626
5533730
5534272
5534367
5534369
5534464
5534507
5534558
5535049
5503380
1996147
5535750
5531984
5519678
5532958
12715358
5536899
5536907
5536933
5533062
5536995
5537465
5538086
5538119
5573706
5534703
5531116
5536386
5536666
2535682
5539669
5539751
5539779
5524523
5535205
5524526
5542322
5536232
5539438
5536577
5542517
12724640
3781512
3781511
306606
5542946
9461911
4787721
5543194
5543442
5543469
5543560
5543654
306806
5543924
5544030
4787956
5544117
12712196
5544225
5544247
7670481
4789585
4789586
5544658
4728988
5544774
5520060
5545132
5545240
5545241
5536782
5545338
5545339
2578968
5546246
5158702
5543970
5547395
5547571
1633383
5547774
1635518
1993931
5548035
1633521
5545148
5548955
4721980
2576960
5550668
5546917
4719089
5511202
5551349
5157173
5545296
2572148
324159
5553165
5553191
5159570
5553945
2544692
240411
5544434
5554193
5522076
5554444
4722852
297576
5551467
4757408
4780604
5559880
330084
541429
2596899
12426375
5561976
5563181
5563421
5564257
274218
5564766
5564904
5564906
5564911
5564914
5564919
5564950
10178598
5565956
5567318
1643445
5564261
1642902
2606975
5568449
5568457
5568473
4763525
5569887
3782449
3782450
5570758
5570763
5570771
5570791
5570938
583495
583498
488213
522152
3782721
5571861
5571899
4686819
376350
4769481
1115794
5574461
5574466
3784949
5574501
5574507
5574552
5574618
5574622
179495
5575609
4767254
4633597
4555786
2002726
5571525
4745959
4626173
5577352
5577435
5578047
4755482
4611569
4761609
4604857
4567790
4721386
5578518
5582084
5573070
12725673
535382
5578739
5578749
4576050
4726157
4688633
2039924
5579071
587415
5579119
4619293
10185513
111437
10181425
5580327
82826
4773647
4631410
1649604
3350187
4539047
10183602
4571923
4545118
5580937
4608563
5581026
554376
2059660
4598468
4627477
4631137
4565857
4581824
4630259
3773011
4561421
10187120
9461781
4600977
4633178
450999
12748022
12425257
5578332
10186976
4555873
5583506
5583514
5583515
12729777
2578656
4558842
10187264
382984
4638183
4593103
4647484
4640505
4617176
4705394
4682616
4560495
4543611
5582837
2073141
4548706
5583980
5584102
4701819
4559889
4670385
4646462
4727835
4723985
4764079
3773553
4647279
5584530
217007
5584544
5584547
4605423
4729292
4637900
4600702
4608640
4560034
4649837
4731057
5583917
4651902
4738298
4599899
5584871
4579375
4646430
4601112
4640683
5584936
1084845
4733447
11098661
4650315
3351611
4549072
4683471
4727834
451537
507919
3392201
4646538
1652879
568187
8412006
83079
83082
4635438
4760399
4625583
5585236
5585237
4652214
5585255
173707
4723560
4586690
4732899
4583542
2060979
4574523
4598168
4548136
4714097
4760935
4744501
3349652
4764971
4733723
4611050
4585278
4614937
5584971
4756246
4575031
340992
4646621
4720251
12731341
3804450
2578775
1656161
2045729
2060869
1125595
4654650
5585743
5585748
4755921
4627395
4689339
4689442
4619319
4599032
4598760
4681620
1678940
4656838
569603
1680343
5584382
4656693
4667255
1684245
7689920
4761281
4678097
4685482
1680020
10187028
4649432
4568727
4686732
5586429
9305893
5582564
4691196
4676593
4697690
4687744
4627540
8410120
10193991
5586839
4711540
5587018
4670485
9305413
4611318
4671563
488381
607374
1695459
4680620
381459
1699054
4670087
4659586
4699425
1682790
2603404
5588254
4651470
4618924
4650385
1696476
1099122
1106920
3353465
5591450
5597839
5598984
5594256
5600425
5598794
12440238
12441677
5599268
5599269
5607237
2552778
2552913
5615663
5623950
5625932
5627455
5631695
5644842
5645935
5637872
5645186
5644171
5656364
11078608
5658719
10199818
5661655
5662087
5661625
10230790
8561180
5759049
3484536
5760440
5775093
5783588
5796113
5796702
5818920
5797383
5830100
5843733
5855075
5852806
5854825
5854562
12512629
5854566
5855908
5855570
5854934
5855528
5857955
5857674
5858309
5858579
5858794
5859014
12516073
5858759
5860179
13852744
5860797
12514185
5860884
5861117
5861166
5861787
5862381
5861987
5862015
5860977
5862212
5862019
5861334
5860963
5860625
5861050
12520657
5860621
5862971
5861811
5863794
12518280
5859809
5862536
5863572
5863593
12520426
5864576
5863508
5862974
13569724
5862209
5858919
5863663
5863142
5865722
5865777
5865927
5864060
5864708
5865573
5864845
5866638
5866690
5866694
5865957
5864513
5867008
5865202
5863988
5867344
5867381
5866397
12520249
5866793
5867531
5867544
5868257
5868598
5868772
5864844
5867680
12520566
5867686
5869417
5867755
5869549
5869550
5868696
5867894
5869642
5869692
5869696
5868767
5868757
5868191
5866327
5868877
5869786
5869920
12521060
5870530
5869530
5870686
5869485
5869628
5871048
5871053
5871212
12522598
5870710
5871978
5868866
5872313
5869990
5871350
5872664
5872687
5872708
5872831
5871013
5873101
5873103
5873117
5873120
5873121
5873123
5873176
5873193
5873330
5871530
4938033
5871605
5873462
5871958
5872745
5873466
5873549
5873603
5873606
12521154
5869652
5872130
5873649
5873675
5873683
5873684
5873760
5873929
5880502
4938221
5873593
5874227
5871092
5873815
5874557
12523185
5876828
5874928
4937915
5878223
5879671
5874216
5875374
5879793
5874068
5875137
5880294
5873157
5880477
5880145
5880400
5881060
5875370
5881085
5877139
5881197
5881200
5881203
4934928
12526915
4934841
12524614
5883357
5883708
5883433
5883752
5884692
5884874
12567071
5886307
5887220
5887708
5888359
5887231
5888068
5888797
12566210
5888850
5888873
5889099
5889175
5903191
5904195
8955359
5904286
5902728
5904349
5904354
5903824
5904361
8955482
5903870
5904412
5903905
5904190
5902169
5904840
5905080
5905112
5904791
5905242
5904992
5905628
5904932
5905167
5905210
5906015
5906688
5906745
5906747
5905955
5906538
5905431
5906132
5905429
5906200
5906701
5906773
5907340
5907357
5905615
5907626
5907686
5907704
5907298
5908083
5908150
5907728
5908368
5911897
12568074
5912972
5913307
5913308
5913432
5913438
5888479
5888482
5913748
5913759
5912939
5889063
5889198
5914087
5914110
5914117
5914143
5914146
12573642
5915638
5914229
5914237
5914262
5914278
5914284
5914285
5914286
5914288
5914291
5914294
5914297
5914298
5912642
5914373
5914385
5912668
5913695
5913365
5914445
5914447
5914451
5914470
5914474
5914475
5914487
5914491
5914495
5914496
5914499
5914521
5914535
5914539
5914558
5913503
5914568
5914581
12573532
5914590
5914622
12573172
5913801
5914677
5914686
5912978
5914697
5912992
5914727
5912292
5913884
5914748
5913815
5914776
5914780
5913096
5914796
5913957
5913863
5913908
5914873
5914911
5912449
5914033
5914064
5914065
5914989
5915022
5915038
5915092
5913633
5915102
12572396
5915126
5915139
5914401
5915150
12573653
5915218
5915220
5915239
5914550
5915249
5915259
5915268
5915270
5915272
5915348
5915356
5914602
5914750
5913827
5912363
12572489
5915470
5914839
5914859
5915499
5914025
5915518
5916931
5915580
12573625
5915587
5915621
5915627
5914202
5915647
5914248
5915664
5915686
5915762
5915779
5915159
5915041
5915787
5915169
5915179
5915812
5914406
5915155
12573692
5915907
5915175
8983387
5915200
5915328
12573734
5914565
5914567
5916008
5915375
5915323
5914645
5916074
5915420
5915353
5916099
5916108
5917633
5916143
5916147
5913848
5913190
5914878
5915482
5914916
5914946
5915534
5916266
5916321
5916372
5916385
5915001
5915737
5914197
5915634
5912969
5915256
4898759
5916649
5914755
5915970
5916673
5915131
5917429
5916705
5916720
5916042
5916738
5915986
5916092
5916046
5916053
5916842
5916191
5915528
5916234
5916927
5916936
5916950
5916953
5916956
5914538
5916995
5916999
5917000
5917003
5917006
5917012
5917027
5917029
5917037
5915605
5917136
5916508
12574714
5916394
5916557
5916671
5917287
5918049
5917335
12574521
5916677
5918138
5917462
5918250
5916750
5916772
5917606
5916871
5917788
5917871
5917096
5917925
5917156
5917157
5917946
5917963
5917262
5915863
5918046
5918052
5918103
5918136
5918140
5917319
5916757
5913075
5916767
5918230
5918377
5918396
5918415
5918537
5914175
5918565
5919033
12574393
5916972
5919135
5919266
5920120
5919380
5919399
5919619
5917610
5919759
5919773
5919862
5919876
5919111
5919938
5919949
5920017
5920044
5918579
5919280
5917872
5920172
5917567
5919634
5918901
5920548
5920595
5919819
5919879
5920828
5919230
5920162
5919859
5921634
5921871
5919079
5917876
5919272
5920081
5922400
5921193
5922659
5922704
5922705
12575458
5922769
5922781
5922801
5922928
5920675
5923032
5923043
5923046
5923140
12575224
5923207
5920825
12575018
5923337
5921612
5919605
5922339
5923521
5922581
5923783
5923816
5923945
5922986
5922765
5924039
12575461
5922028
5924084
5924100
5924102
5924257
5924298
12575253
5924370
5922196
5923289
5922290
5924467
5924469
5921154
5924526
5924540
12579487
5924607
5922535
5924967
5925102
12577256
5925150
5925252
5924216
5924247
5923294
5925368
5925369
12576422
5925377
5925382
5924520
5924601
5925655
5925832
5926151
12578546
5926274
5926287
5925468
5926471
5925517
5925615
5923607
5926792
5925990
5926016
5924427
5927258
5928518
5928889
12585938
5932177
12584509
5935265
5936706
5937305
5937134
5938372
5936702
5940240
12588294
5941562
12586372
12585943
5990308
5992639
5989750
11172082
5993845
5993679
5989647
5996300
6003049
6003103
6029880
6004452
5997733
6000968
5993639
5990185
6007558
5999186
6008639
5995940
6009584
6011010
3859360
5994903
6009658
6007506
6005245
6007177
6005892
6001352
5995154
6010032
6005874
6013742
6014683
6011995
6011101
6008648
6016480
6008394
5997909
6008618
6002614
5999752
6012174
6015468
6007531
6016074
6019047
6013914
6016673
6013352
6017251
6009553
6020340
6011578
6018653
6008068
6018989
6021320
6019876
6017185
6020060
6019884
6021934
3866091
6022049
6019172
3861888
3864435
6024536
6024537
6014822
6025048
6025240
6021864
3863714
6003132
6026528
6025345
6027253
11173330
6026620
6026336
6026457
6023412
6029850
6031231
6031374
3868152
6032552
5385616
6022518
6030648
6032080
6031376
6032316
6034304
6034355
6032313
11173774
3868017
3868486
3868035
3869416
11175353
11175448
11176314
6037600
6035908
6036860
701222
6038063
6036562
6036613
6038321
6033381
11178460
6038817
6038820
6038949
6039000
6034155
6035106
6038609
6040673
702824
6035850
6039678
11180798
6030487
6038330
6035781
6038894
6034264
11180140
11175214
3870813
6035233
6040222
3872673
6040416
6040454
6040458
6040476
6040574
6037242
3870510
6039636
6036511
6040670
6039474
6040679
6039528
6040684
6040813
6040818
6040826
703740
6040887
6040902
6039854
3872168
6039902
6040957
6039889
6041019
6041379
3873365
6041622
6041623
6041671
6041682
6041685
6041688
6039758
700746
6040637
3874189
6039757
6041971
6040984
6041003
703131
6043263
6042459
6042738
6042744
704266
6041573
9526430
6041945
6041947
6043413
6042227
6043762
6042779
9415693
6044268
6044412
6044413
6044948
6045124
6045151
6043757
6045173
6039372
6042503
6045290
6045463
6045579
6045727
3875742
6045808
6045833
6045842
6045860
6041158
6046090
6046103
6046141
6046160
3875743
9418272
6046296
6046392
6044127
3875369
6040708
6046505
11185649
6047001
6047011
6047130
6047434
707372
6044951
6045152
12327384
11186221
9531035
6046289
11184663
6046258
6044231
6047826
6048407
11186470
6048759
8644994
6050703
6049861
8653839
6050411
11188435
6049886
6051287
8647973
6051662
5371244
6052174
6052324
11190502
6053125
6053170
6048644
6053292
5344575
6053734
5344730
6052206
5347274
6054034
6052217
5373699
5367108
6054744
6051257
6053178
6053179
6055551
6055581
6055849
6055861
5354762
5374457
5367315
5336581
5355285
5355290
6054098
5370474
6054164
6056462
6056659
5356359
6056732
6056736
6056743
6056749
5320108
5320017
9516550
6054752
6056956
6048240
6057153
8658509
6057219
6057225
5359868
6057438
5313404
6064867
6055815
5347181
6058197
5355070
6052187
6056074
5347204
5361152
6058409
5343001
5357336
5347577
5334953
5365974
5357292
5341293
6058676
5362785
7546569
6058771
8662830
6058879
5353190
5313305
5362249
6056907
5356755
6054776
6054167
5355361
5371648
8660879
6059395
8646937
6059431
6059453
6059456
5339914
6051545
5339452
6055092
5359093
6051553
5312824
6064805
6057000
11188830
6059740
6059817
3879699
6059896
5372201
8664880
3877752
6060037
6064936
3875983
5332774
5370307
7552280
5307279
5347721
5347727
5347685
6060690
5310764
6060729
1681075
6063213
5343217
6060802
5341366
5370406
5355231
6060850
5350419
6060862
5347115
5361262
5350344
7550741
5336994
5300869
5337131
5335164
6058486
6061011
6061018
7549978
6061059
6061095
6061099
6061122
6061140
5374076
6064194
6061170
6058545
6061228
6061233
6061239
5366291
5366588
6061265
6061269
6061279
5374688
5258361
5309429
5338329
5372459
5365280
5362646
5345826
5350019
5358441
5354852
5312212
5359431
6059201
5347297
5366111
5341065
6061671
6061675
6061676
6061695
6056419
5371461
5352180
5361323
6061728
6061730
6061731
9421510
5361291
5366217
8659664
5322127
6068442
5332385
2567685
5368231
5351940
5353968
5372744
5344854
6056924
6062051
6062052
6062053
5350226
8664076
8662768
5367437
6055330
5363828
5299226
6062240
8662495
7557974
5359309
9419086
5363846
5301608
9514571
6062384
6059829
5363783
6062398
5368738
5359776
9417674
6062512
5365179
1091222
5304791
5322468
5336627
6062752
6060437
1665597
6062832
2054813
5326932
5300077
7545560
135184
6069612
5165368
5366442
6063028
5303675
133305
5355850
6063192
5343430
5355942
5331308
6063253
5341341
6063280
6063284
6063290
6063315
5341483
7554839
5361283
6063383
6063387
8643188
6063408
5370713
6063442
5343613
7546690
6063458
6063478
5329913
6061061
6063529
6063569
6058056
5224428
190374
5358169
2568181
5342754
5368325
5154975
203191
5310598
6063818
6063832
5168483
5364003
9514958
9514957
5358028
5347465
6063926
5362837
5357303
5355825
5300996
6064035
6064053
5271077
5331371
5366383
5341418
5331756
616041
5341410
6064158
7551406
5344446
5338442
5344766
5369284
2567660
6061517
1121711
5344677
6064397
6064411
6064429
6061588
6064463
5364049
5347553
5338680
5309304
6064483
5357285
5155670
5358659
6064491
8636748
8638755
6064524
7554017
129923
5346321
5268912
5309498
5364106
5357150
5357118
6064712
11187808
6062018
6064760
5354183
5365000
5333844
6064814
5364839
5346749
5168994
5301902
6062381
6062387
5360163
2033344
6064903
5360264
6064970
6065212
531214
5313463
6065281
5352388
5350680
6065355
6065362
5329339
1689036
5325342
6065447
5182136
5165345
5203262
140830
5341734
6065516
6065519
6065534
6065536
6065541
6065560
5329496
5340886
6065587
5293401
6065635
6065646
6063184
6065680
11190741
6065685
6065693
6065699
6065717
6065726
6065736
8620830
6065753
11190638
8286172
6065802
11190748
5366723
6065811
6065828
6063240
5344976
5338711
5339615
5345008
6065994
5203909
150932
6067892
6062804
607447
5347531
9512040
6066073
9498649
6062897
5362674
6066099
6066102
6063104
7545231
9514265
8625049
6066140
6066173
6066175
6066184
5337477
5363296
6066197
6066203
6066206
8630876
6066230
6061025
6066234
6066251
6060658
6066260
6063220
5320948
2052795
5362600
6066377
1121633
5344786
145489
9519759
6066418
9522675
134628
6070230
6066471
6066487
6066495
5367327
5358752
6066510
6066511
6064459
8636706
5357548
6060970
5332931
5361860
5296191
5363051
5351469
5335017
2066134
6059035
6066616
11191583
6066673
5332503
5345912
5345724
6066684
11190435
5167913
6062006
11189423
6066721
6066726
6066740
3782902
6064682
6066812
465867
5217898
5240490
5178995
5329014
6066876
2033340
2063092
5324501
6071294
514925
5230789
6067126
6067175
9516224
5313121
6067224
6067238
6062921
5181327
1664001
6067321
5222683
444052
6067363
5199732
523224
9517087
5335695
359024
60602
5189892
153199
6067521
6069706
6065578
6067632
11191771
6067706
6067775
5352587
5345103
6067841
1657119
6062991
154095
6067908
5343557
3781840
6065537
6065542
6067953
1121455
128237
6067980
9509534
5205588
6068106
6068145
5334879
5323991
5339610
5313823
5368883
6063084
6066086
6062883
6063825
5327908
5358917
5232561
5359965
6066355
5368790
6068502
128834
6068558
5324358
614338
6068626
6068685
5225489
6066910
6064978
3355350
6068761
5331177
6068834
6068838
5326154
5239147
11194141
6068933
6068948
5229985
6069004
5238581
5326684
6069043
5195687
580765
5199841
6067350
2056824
6067472
6067463
8614646
6069203
6069232
11193210
5219758
6067630
11192459
11191097
6069410
6069422
5345894
5327185
5323755
5243889
5343565
5343591
6069542
9506830
5331706
85301
5215018
5363428
5207653
6069633
5361599
6069638
5331854
5343828
150513
6065602
6068030
6067557
6069751
6067665
498977
6069899
5328082
6069944
5239790
6069994
2567844
6070029
9502208
6070048
6070076
6068131
6065673
5292079
145831
6068284
5339005
6070238
5372217
6070293
6070301
6070323
5357923
6070350
6064354
6068515
5359595
6072571
5334067
5301847
5173535
5340524
5324527
9518229
5348097
6070669
6070706
6070708
6070710
5350979
5335677
5330601
6070790
5195648
6070795
173773
3776079
6070974
6070981
6069247
6071015
5260750
1091937
5323370
5339045
5338522
6071352
5325276
5316814
6069572
6071398
6071401
5326044
3788990
5331919
6069637
5351173
5343857
6071547
6071574
6071589
6069877
8625621
5231976
9517564
5232214
5350523
5337506
5343396
6071863
5231385
3783335
5349118
5213665
6071969
8625661
6072151
5333656
6068234
6072186
5345231
6070258
6070082
9500227
5344003
5337912
8621079
5324298
6072368
6072369
5339541
9517891
5203725
5309289
6070292
5318833
5352882
6072599
497288
5233336
6072669
9428599
5354645
5350255
5341066
5322747
5244267
5322826
5342071
6070774
6073103
127371
5330267
532072
5171617
6073563
5230671
5322793
5331796
6073673
5335856
6067292
5222647
5335717
6070793
112351
8615441
6071137
5302892
5343691
2025209
6074105
1666695
519792
5330597
6074143
5186221
5342086
5231686
9515948
6071125
6074328
6071824
6069533
6068250
5328358
5328353
5333079
1121646
9517168
6074429
6074445
6074487
8627633
12335101
5327270
5339524
5333500
5324227
5333043
4699592
5233154
6072540
5301846
5233348
402598
5340481
5187551
5218348
6075010
6075011
517502
42491
5194775
5222036
6072918
6075598
5325175
6073649
5335455
5183875
6067101
543230
5292070
6075924
5335520
63995
1695661
5208542
5213026
9513150
6069032
412027
5180015
5231909
6076125
5343638
5238579
5190968
5214970
5343706
8624678
5345915
5232094
5191867
3783024
3774193
5289773
6065934
129958
5340412
6074790
5329261
5304185
6076568
1121163
2595114
2595118
3775319
5318762
5341156
441599
112597
72571
6077153
6075782
6073572
6077319
468149
205565
354878
2609621
6073825
5251066
1665477
86204
6075933
5334811
5331341
1121656
5313809
5196782
5300851
5238629
5311060
10831466
51081
5301041
5313940
5240538
5247070
7526313
6077956
6078179
6078215
6078216
188578
6078221
12345015
6078296
12338788
6077045
5230173
279864
6075103
5265527
188548
43090
1680149
7539220
5234649
2587968
5324820
339440
339436
134388
467864
5312034
4737090
6079156
216400
393227
6079224
145255
195050
5208556
5312107
5341591
6079366
5358493
6076263
1663258
2056975
110493
5316758
5313002
6071406
8282676
11192059
6070347
5333313
6079478
5328103
224622
224455
378657
87361
129283
219028
537110
5313432
6077768
5347197
5169130
5298305
6074885
6080001
6080087
214777
447689
79224
4707295
97260
12344276
6076983
5324681
6080516
5242514
10839670
188606
6078230
328163
91766
5315273
98494
5324608
6076982
5295868
568370
6081013
5316554
6081200
11196706
2053387
6081244
3787217
6085860
5345693
5251324
6081326
6081329
6081330
219116
3788190
5198164
6079464
2025339
1663409
444436
6081438
76428
27456
135703
141703
6081481
1657485
1659043
95930
95935
88047
6079573
6081550
6079588
6081667
6081692
5306035
5314463
6078479
3775201
6081771
6081795
5297750
6081919
6082069
5233610
6082131
6082256
6082257
124452
8474102
3776935
5334570
6082496
5212494
6078535
5220670
5315859
8281737
6079959
12341011
5311774
5235154
91493
5226515
458689
6082921
6076945
5347479
5322032
5220293
6083027
5324733
6083049
2058072
5273561
6079146
6076088
6083270
6075857
9428113
7520701
6083362
459761
6083394
5287434
6071808
5231745
48355
6065904
5322260
362537
8617733
6072537
87966
6081534
5313744
130041
6081575
195958
6081574
5290135
5252374
5225582
6078024
6084212
603352
2063156
1685350
2579825
6082021
6084901
353917
6085271
5316538
5334611
5244911
6085336
5249894
7536829
284215
5244198
5304898
5273607
5187644
4718094
150745
5195207
5239220
8275664
2586096
7521082
7528475
101939
7521812
6086588
6086601
6086628
365462
6087067
6087301
11194952
6082566
449814
115929
6085103
6087933
5234138
363561
80712
138980
10845011
6082981
5250492
139130
57630
92052
5327176
6088475
12338254
444253
6088746
531862
141141
273531
6088892
6088916
6088944
6081875
6089221
6089243
6089279
6089301
6087110
6087450
7533671
6087105
6082444
6085428
5278916
6090190
6090237
6084979
6082151
7521271
5210928
10843304
6088464
5344957
5308227
6090944
412630
5271786
10844304
6091051
367725
6091200
5225567
5233459
6091376
6091533
6091671
6089421
7514786
6086579
6089782
6092486
6090002
6078571
7527640
5235665
5246414
5280421
5304976
6088893
6091624
6091871
6094970
6092782
10842652
6095392
5322817
6090179
6096390
6092956
8280009
6093559
6093038
6097203
6097392
6093753
6097798
6094046
6089137
6094168
6098208
6098224
6098305
6098319
6098369
6094680
6088953
5335335
6098807
6098809
6091471
6099136
5241975
6099546
7505261
10840900
6093420
5307637
6097121
5245426
5308474
5338787
6100911
6094940
6094159
6101285
6094502
6101705
6101754
6090018
6094055
6087907
6102277
6102316
6102334
6099822
6102585
6108042
6102782
6096110
6096371
6093505
6104462
6100700
6104895
6101226
6105253
6105293
6105327
6101831
6105563
6102167
6105829
6105839
6105946
6105947
6106184
6106185
6106465
6106572
6106581
6104153
6100375
9516570
6107003
5337862
6097517
6107128
6107249
6107254
6097900
11203755
6105047
6098054
6105262
6094527
6098307
6101692
6101741
6107585
6101793
6101865
6101958
6107759
6094866
6107802
6102239
5335900
6098894
6102483
6108019
6108031
6106042
6108094
6108125
5325127
6106668
5304590
7499168
6106400
6103435
6108568
6106753
6104382
6108770
6108848
5305651
5327472
6108904
6107007
6097480
5346382
6093892
6093953
6109187
6097810
6109216
6112544
6109281
6107358
6101492
6109401
6101604
6107565
6101759
6109554
6109591
6098604
6102097
6109647
6101188
6102328
11204046
6106356
6090890
11205407
6105249
6098497
6109782
6108068
6106011
6099325
6106254
6106434
6110085
6108641
6108863
6108680
6108882
6110290
6100423
6108786
6104335
6097004
6110361
5327687
6109110
3881283
6109279
6110685
6109425
6099357
6107612
6109470
6101774
6105552
6107256
6102195
6098732
6094161
6110899
6108411
11205545
6110973
6102852
6106135
6094988
6103394
6108466
6106563
5323625
6110196
5338926
5309036
6100891
6110484
6104647
6111427
6107195
6105328
6109380
6111546
6109438
6106141
6105567
6107677
6102305
6102410
6094873
6110890
6106365
6106777
6097434
6108935
6111813
6100655
6097359
6105061
6105120
6105279
6107499
6112074
6111536
6107967
6111719
6102539
6102571
6105939
11204131
6110005
6107978
6103860
6112202
6108686
6109157
6111464
6112437
9519908
6112519
6104855
6112917
6112990
6104843
6108643
6110836
6113112
11204013
6113138
6113375
6113475
6113491
6113495
6113500
6113509
6113514
6113520
11207418
6113530
6113545
6113560
6113561
11209471
6113597
6113602
6113751
6113781
6113820
6113828
6113950
6113983
6113993
11205479
6114081
6113149
6114126
11211037
6114596
6114633
11209693
6114845
6116163
3880906
3885238
6115062
11211725
6109154
6115386
6115479
6115530
6115564
6115644
6115685
11214449
6115712
11214457
6115725
6118497
6112418
11210097
6115946
11214494
6114956
8246328
6115123
6116291
3884882
6116472
3884393
11216749
6115785
6116889
6116951
11215593
3883932
6117060
6114811
6117145
11215000
6117195
6117212
11216284
3884923
6117441
6116686
3884118
11220581
6117563
3886236
6118390
6118557
11224397
3885091
3886070
6119023
6119363
6119365
6119333
6120748
6120790
11232336
6119871
6139863
6143105
6147024
737628
6148492
3913032
6143104
6149104
6149191
7362180
6149551
6146173
6149604
6148337
6149801
6149815
6146789
6144024
6148479
7352093
6147181
6150718
6149256
6149608
6149809
6150047
6153404
6154080
7349345
743928
6165861
1502369
1468429
1466588
3930720
6173017
6174127
6173028
6173758
3931722
1469118
6175662
1468618
1467916
11700618
6174060
1469773
6174203
1468614
6177711
3931709
6179087
6215330
6272500
6267507
11739327
6279014
6282431
6282361
6283434
6283437
6284444
6284694
6285273
6285360
6286989
6285686
6284200
6281984
6282421
6286164
6284742
6286282
6286686
6284185
6285674
6284188
6288051
6286623
6288389
6282068
6286736
6288440
6288542
6285343
6288655
6288767
6288786
11743962
6288797
6288934
6288945
6289036
6286292
6284832
6289815
6291848
6289854
6290025
6291723
6288941
6290470
6290755
6290761
6290885
6289041
6286313
6292165
6289718
6288495
6290182
6289658
6291214
6292628
6290351
6288663
6291303
6293340
6292644
6293376
6292380
6295202
6292658
6285664
11746324
11745949
6295302
6295324
6295325
11746212
6295729
6292498
6292497
11745753
6293996
6295964
6295989
11744850
6297574
6294436
6292919
6292116
6296318
6287446
6296647
6296676
6296759
6296778
6296891
6292465
6296947
6295398
6296962
11746200
6295758
11745750
11745816
6292053
6296401
6282703
6294631
6293092
6303745
6301635
6303771
6304573
6304585
6297789
6299896
6292095
6303662
6300425
6305472
6305565
6305572
11748210
6296577
6297075
6304803
6295037
6305857
6302488
6306041
6305073
6298613
6295582
6305143
6304220
6302851
6306608
6303137
6306661
6306671
11749127
6296658
6306865
6306912
6307004
11748493
6307444
6304786
6305806
6307617
11751478
11750415
6303164
6306260
6302704
6285564
6309352
6305441
6308526
6298869
6283398
6304446
6309452
6300479
6309651
6306566
6309786
6312435
6292233
6303522
6299214
6310004
11754794
6309487
6306518
6311063
6311412
6310065
6313984
6320763
6490542
6511070
6557492
6554693
11869004
6563613
6565519
6576397
6579498
6583035
6586992
11898471
6587952
6587955
6587975
6588788
6588790
6588906
6588973
6589008
6589011
6589398
6589047
6589056
6588055
6589235
6589858
6589680
6590751
6590015
6590161
6590649
6589763
6592640
6591199
11597228
7297881
7303376
7301464
11595109
7300380
7306706
7306789
7297495
7306539
7307230
7307899
11766088
7306618
11765028
7310018
7349417
6164562
7348216
7349457
11706864
7345700
7351131
7351199
7351258
11707844
7351355
7351387
7351420
7345757
7348263
7351501
7348989
7351596
7351600
7350572
7351611
7351633
1507537
7350484
7349306
7350402
1509242
7349577
1507732
1515509
7350656
4508082
7347483
7351994
1508775
7352006
1511150
7351410
7356695
7362896
7362463
7374575
7371967
7369098
7373964
7371096
7374074
7375337
7376301
7373608
1520397
7373587
12033981
7371293
1518037
1521693
7378998
7374514
7367815
12034133
7377839
7373801
7377882
7377888
7377977
7378450
7378500
7378745
7377378
12034412
7370863
7376343
7376270
1520218
7377868
7379304
12038259
12034051
12037753
7378708
7377676
7374974
7380392
7380399
7379129
7377770
7379266
1523586
7376486
1524888
7378202
7381130
7376858
7381267
7377558
7381427
7379096
7376319
7380612
7380614
7380903
7383121
7383193
7383706
7381158
7381447
7381159
7383947
7384004
7384016
7384021
7380297
7384105
7384106
7384266
12043887
7383920
7382726
7384873
12044160
7385117
7385357
7385644
7385649
7385884
7386076
7386283
7384881
12048217
7388447
7387357
7388093
12044975
7389926
7386921
7389955
7389958
7387454
7389190
7389182
7389565
7387735
7389544
7389562
7389580
7389212
7389807
7392010
7392015
7386699
7388278
7390055
7388668
7388920
7391153
7394050
7387997
7391885
7391900
7388399
7389899
7392854
7395433
7393601
7395883
7388821
7388817
7389070
7394180
7391390
7394391
7396877
7394345
4512110
7389910
7394405
7394682
7394679
7390394
7395811
7392788
7395841
7399069
7393990
7393712
7399446
7395455
7392833
7399007
7401025
7393415
7394046
7394593
7402297
7400447
7395884
7395110
7398374
7395923
12049582
7402855
7400640
7400641
7400764
7402956
7395171
7398868
7402981
7396049
7403049
12049929
7396368
12049854
7403154
7399249
7396847
7401128
6132676
7401176
7396951
7397087
7395836
7404330
7400399
7404378
7398399
7404403
7400507
12048003
7402971
7398422
7404641
7398877
7394449
7396834
7399442
7397081
7405391
7401612
12051988
7401477
7404319
7400431
7406075
7404010
7404002
7403995
7404352
7406157
7404065
7406199
7404160
7404507
7402214
7404333
7404339
7406323
7406328
7404364
7402388
7404429
7398276
7406455
7406462
7406504
7404582
7400719
7400963
7402902
7402908
7402910
7404520
7404701
7403187
7401203
7404782
7401229
7403359
7403504
7407551
7407563
7405122
7407609
12318042
7407924
7403965
7406024
7405598
7405594
7407976
7403515
7405137
7408117
7405964
7406001
7403954
7408191
7406036
7408209
12049047
7402066
7406272
7408317
12052367
7402636
7404631
7403079
7408489
7407359
7409388
7405421
7405420
7407368
7407373
7407950
7407607
7407628
7407636
7409681
7406032
7406284
7409869
7408481
7410731
7410826
7410828
7409611
7408182
7409864
7410460
7411589
12053056
7409814
7411056
7411546
7411536
7412861
7412184
7412590
7412063
7413627
12051438
7415999
12055624
7416191
7416225
7414590
7416358
7416396
7415056
7417076
7415937
7417356
7417629
7418547
7415812
7415880
7417491
7417488
7416691
7416966
7415619
7415949
7418630
7417299
7418721
12054890
7418479
7418623
7418722
7419785
7418762
7419522
7419624
7421319
7412833
7415074
7418763
7421298
7422376
7417557
7419972
7422690
7422280
7417048
7422378
7421685
7422386
7422072
7422604
7422674
7422675
7422106
7422234
7422190
7422758
7422719
7422348
7423032
7423868
7423521
7423434
7424855
7424482
7421444
7424835
7424944
7425756
7425963
7426250
7426263
7426273
7426276
7423897
7426384
7426442
7424876
7425647
7426690
7427091
12320289
7427400
7427405
7425004
7425302
7425208
7426296
7428093
7428112
7426559
7428653
4516184
7426983
7428697
7427371
7429240
12068913
7429423
7429427
7429632
7430307
7429004
7430726
7430790
7430969
7431018
7429398
7429041
7429047
7427412
7431426
7429717
7431476
7430783
7430619
7431058
7432995
7431158
7429435
7433118
7433648
7430840
7432057
7434088
7435513
7434223
7431320
7431323
7433569
7433921
7433783
7435268
7435372
7434095
7433810
7434034
7431046
7434116
7433185
7433598
7432499
12070158
7433983
7432898
7437589
7435744
7437553
7436577
7435322
12069224
7439587
7440096
7440349
7440519
7441166
7441707
7441759
4518503
7442465
7443831
4517964
4518435
7445131
7445261
7444088
7444847
7448644
7449833
12078620
7450976
7449681
7451092
7451122
7452263
7450794
7452073
7452230
7454086
7454305
7453785
7451715
7453807
7453815
7454021
7456364
7454028
7451998
7452169
7455971
7458289
7458290
7456115
7456116
7456332
7456372
7454321
7457811
7457882
7458136
7458132
7456399
7458451
7460966
7461450
7457551
7462677
7460265
7462872
7464113
7462991
7462868
7467591
7467655
7465356
7466608
7468103
7461648
7466674
7466876
7467124
7470932
7470279
7467995
7468033
7474582
7478432
4520971
8247664
6104653
7480671
12087349
7481302
5303710
7484222
7484942
7486975
7485240
7479994
7480057
7487410
7483280
7480637
7480220
7485494
5287701
7485632
7485741
7484084
7488168
7487822
7490945
7490955
7491606
7488318
7493200
7487917
7495132
7491099
6088282
7498031
7498032
7498092
7498616
5269380
10833937
1675312
7500430
7501239
6091003
7500025
7504044
7497277
1097456
10830118
7504813
5325723
5208849
7505932
7506759
7506763
119103
7507463
7504573
4687755
7508252
110735
283666
3349019
300466
7509003
7510056
7510071
440973
7510417
1674309
5299531
4569173
273505
5271798
7510908
1644716
5269346
7509650
5276568
7509239
2005820
516755
7512840
529183
7512886
10833178
5272394
7511623
7511725
7511230
7511229
5263140
491228
7513690
5274051
7514171
3382610
7512658
10835608
7514778
7513221
7513632
7515411
7515701
440525
5263753
7516104
1652421
2038965
5327981
7512528
5327988
7516455
7514592
594257
7516741
7516830
58651
6084200
6087081
5252318
7517943
7518299
5273532
7515769
5307141
5278319
446333
5196471
6093326
7514557
5251606
7516429
7519443
10838275
5252519
7517024
7519782
233133
5269499
2605185
7515227
7517584
7520226
5234910
242604
173701
7520390
5267126
5273359
227247
5310871
7521150
543809
106905
7519220
7516650
7520132
7516901
2594317
5267013
5241917
6081241
5248576
408698
379321
72519
5276787
7523247
5236350
517362
215991
366491
611768
5261560
433302
5245828
2590536
1643046
5255283
598707
481155
7521685
5315925
7526269
7526446
24024
499992
7523712
7527748
7528675
7526163
7529849
328096
7530610
7530626
120247
7529842
414059
126697
7526364
6075792
7536056
426874
426872
7530375
7527498
1644231
7534916
7537306
7535840
7532032
10846846
5278748
7532157
7535332
4705620
7535836
7529859
7533106
5273024
5297879
5314801
10848888
6061492
7538176
5283200
6079461
7536958
123399
7525001
5247422
602735
7541539
218863
9503438
5302103
7542371
4658389
5320073
7540208
3773870
7543786
10853102
12782708
5294228
5300004
9517090
5297098
2055202
7543696
3375818
7685777
7543635
7546314
7544975
7546343
10855848
7543706
7546420
7546435
5347281
7546495
7546563
7546969
7546986
7544142
7547020
7545781
7545444
7547041
7547045
7545448
7545458
7547098
7547104
5340771
1649887
7547732
7547741
7546018
7547755
7545441
7545445
7547775
7547789
5336415
7547827
7547830
5349544
5312684
5312054
7546160
7548378
10855051
5363558
7548497
9427396
7546215
109668
406884
5158511
7550509
7550518
7550520
7550529
7550535
7550536
7550612
5321621
5158507
7551091
7551119
7551159
7551192
7551211
7549211
541102
7547055
7551730
5155412
9423648
7552113
7552121
7552142
408121
6057491
7552438
7544849
9423386
8666667
10861921
5150615
7550525
7550819
5369683
7551736
12095589
9421965
5372335
7556119
10862079
7556228
7556269
12094794
7554589
7552828
7548862
7550743
10862049
7556637
7553099
7553228
7553251
7555549
7556968
5374874
9428676
8664912
5368153
7553141
7551164
7556387
7554687
7555421
7551321
5158208
9426043
7557866
5370108
5336385
7557907
5374274
5344846
5368999
7558653
5347405
7557267
10860157
7558359
7559096
7557375
7557377
7557404
7557440
7556253
5365528
7556374
7556373
7558725
8665536
7558962
5365345
7558660
5360796
7554321
7559066
5383302
7559738
7559740
7559786
5376144
7558361
7559851
5376984
10855232
7559981
10866035
7560110
10865154
5383932
5382189
7560189
7560286
10864722
5382959
1889519
12097327
10864030
7560506
5381787
10862191
7560564
1890494
7559861
7560877
5382795
7561054
5371827
10864025
7559648
5387943
7561583
7560591
5376067
7561379
7561416
5387593
5387330
7561464
7560368
7561474
5387320
7561508
7561099
10864131
7561195
5384086
7561825
7561943
5379215
7559455
7560996
5367951
5388000
5388034
5384080
5385870
5378435
5387249
7563583
9537287
5389400
9537541
7564483
9537625
7564089
7566619
7565905
7564018
6032146
7566405
5392565
5391119
5389260
5387936
9545156
7567316
7567749
7567198
7566628
7567992
7567785
7569686
7570290
4865676
5473475
7604151
7603976
7605483
7607482
7609328
7611906
5486170
5478559
7612498
9170926
7610552
7610557
7610657
7615458
7612004
7612330
7612473
7612606
7615967
7616190
7614313
7612756
7613551
7612095
7611186
7615786
7615798
10150752
7619402
7616706
5467517
5508155
7619610
7619701
7621873
7619341
7619569
7622051
7619663
7622065
7622076
7617583
1984245
1606949
7620298
7620197
1606947
7621376
7621408
7621463
7623429
7618791
7621137
7618898
7623781
7623787
7623792
7621833
7621861
7624042
7624051
7619653
7622060
7619697
7619714
7622190
10152001
7625988
10151706
7624209
7624210
7622295
7620283
7620286
7618147
7622345
7624348
7620295
7618259
7622408
7624507
7624719
7618433
7624936
7618562
7624989
7622946
7625025
7625107
7620966
7623062
7625143
7625156
7625164
7625186
7625232
7625235
7625242
7623484
10154175
7618543
7623659
7623690
7621106
7625613
7621238
7615693
1605404
5492135
7612400
7625792
7621702
7625923
7625930
7619455
1982917
7624146
5486622
7626012
7624111
7626048
7626051
7620221
7626111
7622355
5495801
7624375
7618258
5493328
7627876
7630090
7626265
5496346
7630157
7628084
7628083
5503137
7626431
7630367
7627112
7626504
7630460
7624672
7626574
7624751
5501139
10154111
10154174
7631523
5492612
7624282
7631711
7632733
7626187
7631009
7628976
5497430
7627013
5489869
5492836
5486460
7629861
7633512
7631713
7628008
7631976
7628051
7634267
7630385
7628475
7634423
7630592
7629144
7631169
5498300
7633488
7631905
7632805
7626332
7631485
7636693
1985810
7634966
7635009
7637145
7634280
7626184
7635560
7635915
7635919
7633114
1985882
5503730
5498040
7636201
7637963
7638692
7639073
7637981
5502161
7638741
7644733
7639729
7641530
7639795
7641634
7641778
7638301
7642221
5511758
7640432
7639860
7642330
7642355
5508798
8377089
5510464
5513346
7640929
1988958
7643250
7643351
1989277
7643459
1988548
7642534
7640735
10159835
7643248
7644684
5507330
7647787
7650573
1990368
7650958
7649653
7648481
7648616
7651383
5522932
5513889
7650325
5513295
7652428
7652477
7653155
5510354
7658152
7656274
7656275
5536003
1991481
7656811
5521489
7653697
5529043
7657144
10161470
7651711
1624212
7658667
7653924
5523251
7648423
7657934
5531237
5541279
7659866
5532430
5524813
7661449
7660146
7662610
7662635
7662668
5529709
5529710
7662819
5518992
7662882
1990322
5509591
7663354
7663493
5529635
5529648
7663638
7663792
5528780
7663812
7663884
7664235
5527758
9454301
7654986
7665564
12775045
11096731
4713854
2607317
594363
7666575
535622
4754517
5631622
4592965
541668
7668516
293630
7669076
1633765
7668094
7669196
2577443
7669648
3375457
490245
4700178
10186906
5516632
7670463
510086
7670561
10154942
4689351
328097
239042
12731458
7674158
7674287
3775731
1698563
7675893
7675894
2608889
5151094
4774662
5573677
1095094
1648838
1095739
5569612
4697446
7679132
605997
1689344
12427865
5579389
4635141
9421345
213041
213046
137084
214495
10190516
9066441
366490
5580617
122401
176506
5585488
10185161
7684691
4740554
9312545
4677467
7684390
5581320
1661447
3373877
7687434
4605308
4582836
7687872
502079
4564163
7688222
7686858
4677857
4636812
4730554
4632763
7688729
3384394
7688791
12729154
5585241
4633058
4637414
4578926
4624833
4650451
7689438
119168
3344281
1700326
4586245
4595985
2060285
2612235
5578874
7690044
7690067
7690074
7690075
7690079
7690082
7690084
7690085
4633112
4625371
10188962
7688738
7690126
4633124
7690136
4633108
4588393
10187093
4619845
7690183
4576690
4568913
7690228
7690237
7690264
4569905
7690299
7690337
4612359
4642129
10187460
4610323
4598247
540771
7690467
7690480
4597673
7690498
7690499
7690501
4633285
7690508
7690509
7690511
4604082
4606043
10188969
7690526
4624532
7689288
7690529
5583933
4635120
4621873
4538278
7689363
4610526
4571571
3771188
2074028
3381637
7690736
4543706
4590977
607469
7690791
4628688
4580611
4563060
7690895
4746522
4586869
4772822
2043640
7690923
4686140
4747046
4751022
4706382
4627886
4761716
4631458
1648785
1648783
7691063
4688845
4766072
7691092
3776229
3383070
4699778
1649189
533469
8410274
7691774
1684177
2611540
183358
2063942
3389614
4647773
4621550
4607906
7691952
7691341
7692036
4624350
9065054
4602860
7692124
7692136
4594605
4701209
7692207
3776509
4620964
9315174
4590783
3789099
4681066
3390107
2605657
4595886
4643905
4567290
4649077
1694283
4762746
4667906
546022
4671596
4703296
4602350
1686398
4661186
4625427
4630701
7692614
4570612
4691209
7692772
4594730
4601443
4709152
4626415
4618157
4685909
10191940
7692145
4631858
7694035
3389648
12757450
4705982
7693633
4726480
4704645
5586740
3775059
4729915
4661424
4706703
4706249
4671890
4676686
8421647
7696271
4703320
10193921
7697208
10194156
10194838
7697228
7697237
7697247
4703797
5606125
10194892
4706668
7697296
10194894
7697302
7697321
4688119
7697551
4702343
4689879
4689903
4705684
7697823
4705003
7696481
4705675
10194311
1675702
7696461
4706253
4703489
10195179
10197768
7698739
7698935
7698969
7699070
10195450
4703933
7699158
7699230
7699303
10196442
7699763
7699807
4705933
7699878
7699958
7700081
10196640
7700162
7700195
7697148
10196689
7700646
7700650
7699018
7699012
7700784
7699217
7701069
7701377
7701402
7701710
7701794
7701797
7700093
7701798
7698389
7701821
7701831
7700135
10197605
7701851
10197364
7701933
7702048
7702069
5628991
7702344
5650853
5617515
7702495
7702528
7702564
7702572
7702600
5630792
5615701
7708131
7702852
7702918
7702947
7702969
7703054
10198522
5611381
5611296
5613370
7703181
7703198
7703206
7703331
7703470
7701985
5635211
7703827
9301377
10199743
7704710
5650968
5650982
7705556
5657425
2549096
7703489
7704153
5621914
7700922
7700528
5654290
7700977
7701007
5651053
5617264
9299956
5635689
7703452
7709082
7707504
7704117
7706619
7707525
7710707
2550394
10200846
10204820
7713607
7714237
7714378
7714379
10201044
7715393
5647963
5644246
10201375
7713201
7708423
5645931
7718782
7719935
7703386
5656589
5647364
7720876
7727259
10205180
5656758
7719926
10204717
10204626
5659726
7709258
5655511
7723688
7720676
5659372
5649334
7723912
7721409
5656399
7724132
5654199
5657255
5659152
7724843
7728200
10204423
7725181
7723040
7725607
10205393
7726054
5647308
5660062
10206114
7725209
10209674
7727747
5658268
7727964
7727991
5662574
7728625
7728676
7725324
7721200
7727966
7723911
5665005
7730004
7724561
7728735
7720201
7730668
7721100
7725473
7730040
7726456
7728777
10207130
8440826
5680269
7721202
7732390
5640289
10208791
8433138
7719557
7730420
7733344
10209339
5676892
5654540
7733942
10202324
7734173
7732601
7734213
7732602
7734379
7733043
7733276
7734752
7725453
7730971
7735223
7732673
7735390
10212156
7735552
7734470
7730047
7736201
7734729
7736229
7721177
7730963
5684047
7736834
7737025
7730692
7733984
7734780
10211458
7737542
7723746
10213094
10210778
7734113
7735790
7738049
7738136
10207846
7734652
7734683
7738760
7729775
5680209
10214390
10208933
7740662
7741000
7734899
7732271
7741120
5677619
7739972
7742194
7735042
7742807
7742824
7741739
8434242
7743763
7737670
10214268
7744288
7744329
7744424
7744488
7742331
7744651
7744659
7742363
7741269
7744866
7745386
7745502
7743531
7740694
7743476
7744746
7745698
7745706
7745708
7745709
7745737
7744832
7743810
7744951
7745909
7744188
7746244
7745033
7746347
7744453
7746381
7744469
7744177
7746504
7744472
7746582
7746600
7738714
7746626
7742349
7745604
7746857
7745889
7747515
7747636
7741035
7745713
7743606
7747867
7747214
7748907
7749512
7749540
7749544
7749546
7749814
7746442
7749863
7736318
7748930
7747183
7749862
5686403
7751790
7751797
8520685
7748868
7747487
7753120
7751700
7754648
7754692
7754706
7754724
7754873
10221053
7755215
7755302
7755472
7751804
7755608
7754350
7756818
7754563
7752491
7753050
7755120
7757543
7757863
10215999
7754271
7759616
7757298
7757407
10223886
7760031
7760312
7760432
9494424
7760442
7757907
7753347
7757984
7761204
7761615
7759617
7761656
7759627
10227533
7759810
7754882
7760304
7762143
7760345
7762219
7762260
7760456
7755582
7762263
7759005
7759108
7761488
10224939
7761724
7763839
7763967
7761762
7761493
10227628
7761985
7762097
7764318
7764319
7765587
7761850
7764008
7765633
7761257
7763234
7767662
7765908
7767724
7767747
7768028
7766663
7771666
10228011
7765271
7765279
7765695
7767546
7762159
7771026
7771029
7768455
7771144
7771410
7765707
7769434
7767522
7771873
7771882
7773127
7773210
7769116
7769213
7773742
10228963
7767475
7773899
7769773
7774009
7770016
7774201
7774269
7772297
7773057
7773137
7771118
7775763
7773018
7775970
7771431
7776068
7776072
7776077
7773653
7773664
10228739
7771680
7773902
7773930
7773639
7776335
7771493
7776336
7776337
7776415
10230903
7773946
7771845
7774312
7777618
7777622
7772997
7775609
7778342
7778377
7773568
7775998
7778652
7771675
5715291
7776565
7771955
7778028
7778088
7780856
7768913
7777935
7778438
7781294
7778638
7778901
7779160
8549059
7775344
7782220
7780016
7782713
7777988
7783226
7777995
7780743
7783952
5719232
5713937
7781586
7782079
7777551
10232048
7785341
7785474
7785594
7785601
7777334
7779989
7777902
7780482
7785952
7783691
7786037
7786373
7786380
7785306
7787762
7780748
7780722
7786394
7818385
12494535
7821533
10264822
7823907
7823924
7822299
7824550
7824955
7823515
7825589
7825819
5749888
5751711
7827377
4980044
7826517
4980052
12497528
3487063
7831836
2646746
7828352
7832503
7830614
7833330
2646101
12497077
7830631
4978926
4979775
8565244
7835430
1225034
7837224
7834676
7837411
7837492
12497790
7837579
7837594
1219430
1217267
1217638
1217641
7839292
7839384
2646099
2645833
1834976
7840944
12499564
7846747
5792992
7841786
7839109
1220442
7841074
12505595
2646408
7843485
2646367
1225828
7841746
1211200
7839191
7838309
7845507
2647643
1212269
7847343
8569266
7913374
7914479
7915071
7915551
7920726
3540530
3540678
7917939
7918673
7918740
7918857
3537922
7918274
7919442
7919878
7919906
7919922
7919157
12294442
7920216
7919625
7921071
7921296
7921316
7920421
7916128
7922051
7921288
7922101
12294590
7920905
12296871
7922202
7920968
1435155
7922258
7922271
1431582
7919415
11693312
7922536
7921348
12300582
7919618
7922820
7915983
7921724
7921856
7925697
11692642
7923227
7923228
12299974
1436628
7922207
7922607
7923442
7923540
7923694
7922527
1436902
7921354
7923744
7923756
7923777
12296593
7922556
7924089
12296651
7925898
7922913
7921822
7919700
7924375
7924548
7924549
7924605
7924624
7924634
7924658
1432603
7923212
7924740
7924755
7926251
7922550
7924975
7924978
7925022
7920058
7923974
7923971
7916823
7919934
12301290
7922817
7924172
7924164
7920472
7921672
7921729
7925331
7925335
7925355
12308553
7925593
7923249
7925705
7925748
7925762
7925812
7920538
7925891
7924193
7921618
7922815
1434648
7925276
7922927
7925330
7926158
7926196
7925763
7925626
11691637
11689733
7925627
7924782
7924653
7925846
12300992
7926282
7923647
7923347
7922597
7923895
7925062
7917247
1430362
7924036
7922604
7925813
7926498
7922856
7924299
7924381
12300292
7926589
7921941
7926607
1428072
7926125
7926618
7923151
7926626
7925550
7926640
7925532
7926675
7926676
7926695
7916807
7923112
7924596
7921109
12299607
7925790
7920833
7922642
7923873
7914037
7916073
7927397
7926303
7928005
7918680
7935936
7963629
11349275
7965044
7965346
7965354
7964912
7966644
7966891
7967633
11350758
7968651
12180671
7971536
7965830
7975651
8123845
7978357
7976550
8060077
8075610
8068494
11456475
7983765
7983984
8121349
12189301
12189516
7987488
7987881
7987939
7993294
7993464
7994180
7992008
7994265
12190195
7994278
12190194
7994283
7993747
7994292
7994297
7994394
12190175
7994449
7993691
7994473
7994492
7992033
7994504
7994579
7994587
7993462
7994624
12189928
7994685
7994708
7994716
7994717
7994024
7994733
7994745
7994754
7994064
7994766
7992888
7994075
7994852
7994873
11533043
7994971
7995045
7994432
7995064
7995090
8010487
7995295
12191086
12190560
12190903
7995676
7995703
7994621
12190963
11544499
7996783
7996823
7997889
8001149
11539700
8001225
8001443
8001762
8001820
11535153
11533996
11535716
11546424
12106354
7993263
8010496
8010497
8012137
8016661
11381468
11383146
8042525
8043663
11453919
8057699
11457701
8058718
8060165
8062251
8063337
8063017
8071158
8073910
8073779
8075858
7982606
8058797
8076614
11456363
8076684
8075141
8075165
8076845
8064095
8070542
8076976
8065552
8063428
8072763
8068299
8073815
8075425
8059614
8077166
8077170
8072857
8075723
8075864
8051204
8076118
8072921
8060859
8073724
8075343
8074062
8075264
8062609
8080259
8077235
8075896
8072286
8079191
8081120
8078745
8080557
8057605
8058220
8083122
8080896
8083590
8075338
8079329
8085147
8082634
11458265
8086708
8096331
7982377
8090411
8090619
8092182
8095726
8097508
11516181
8089637
8096674
8096887
8096240
8097049
11460846
8087535
8092049
8096427
11513622
8097378
8095783
8096498
8096744
11513988
8096895
8097953
8097965
8097968
8091887
8098033
11462306
8098047
11461611
8098109
11459575
8098282
8098425
8098527
11459089
8098620
8098650
11459771
8086024
8096838
11458270
8099009
8099139
8099218
8120280
8099317
8099359
11457897
11458526
8099502
8099514
8099555
8096651
8099989
8100071
11458550
8100181
8098536
8096720
8100244
8100301
8100311
8100313
8100314
8100363
8100646
8097845
11458728
8100840
11458178
11456946
11460164
8099083
8101000
8101001
8101005
8101006
8099153
8099158
8101302
8098417
8098154
8099454
8099882
11458515
8098754
8102373
8098087
8054929
8102996
8099451
8103000
8103005
8101017
8103017
8101718
8101731
11457584
8103992
7981938
8102286
8104357
8104446
11457372
8102437
8059410
8104599
8101207
8103832
8103466
8103462
8105123
8103595
8105216
8103362
8101899
8081381
8103886
8103879
8103880
8103898
8079139
8104154
8082476
11457354
8105740
8104316
8104297
8104411
8104535
8105906
8068684
8104576
8104584
8105981
8104905
8103077
8106138
8106334
8104045
8106430
8105792
8105934
8106742
8106897
11457193
8107066
8107068
8106503
8104106
8105721
8107200
8106640
8106642
8107297
8104482
8105880
8107543
8106947
8103689
8107435
8107437
8107106
8107506
8107217
8107225
8073349
8072388
8073787
8110021
8110901
8108602
8073250
8112321
8076849
8112472
8075835
8113625
8109913
8111123
8083843
8115601
8115851
11454859
8059818
8072654
8052766
8118051
8073840
8077292
8076884
8067699
8109057
8119589
8069898
8075992
8072024
8074038
8061654
8074258
8063072
8072134
7985165
8070108
8073287
8061465
8068371
8058849
7981472
8068779
8121623
8051970
8053101
8059311
7984190
11455605
8046018
8066264
8075634
8116747
8123592
8073621
8124190
8123450
8058536
8124297
8123365
8123366
7980542
8123511
8076836
8124181
8123901
8072631
8125709
8061711
8123627
8124771
11454140
8083525
7981819
8077077
8124309
8123930
8077374
8125838
8126823
8125480
8124758
8124183
8126852
8076881
8125917
8058548
8127120
8125141
8125387
8124679
8126425
8068049
8127510
8069864
8069878
8079523
8083842
8123927
8127867
8077140
8126585
8071925
8127889
8125567
8127893
8074346
8079516
8127924
8124894
8066435
8127928
8070907
8127891
8126621
8126664
8079533
8127171
8111317
8125271
11964268
8140303
11967012
8140941
8140964
8145623
8146641
8149021
8149780
8149948
8148261
8149914
8152363
8151356
8146890
8150608
8150613
8152639
8151519
8150607
8150480
8150330
8154411
8154875
8153707
8155174
11968423
8151322
11967187
8155795
8155172
8155375
8155363
8154922
8148794
8160209
8158921
8153351
8160381
8160536
8160537
8151429
8155319
8153465
8158863
8156893
8162700
8161324
8152122
8161645
8161504
8159104
8161771
8161863
8165444
8209257
8209835
8212837
8211730
8213985
8212792
8214299
8217661
8220551
8211518
8214200
8214929
8212572
8215625
8219285
8218618
8218619
8218915
8217197
8217210
8217386
8220690
8219909
8219952
8217240
8220194
8220696
8221885
8222435
8215589
8220355
8220486
8220631
8219429
8219364
8219455
8226426
8219608
8221628
8224697
8227802
8219446
8224614
8224608
8223461
8229208
8216854
8227805
8229241
8223624
8232744
8222248
8221780
8224884
8230568
8222660
8233308
8233371
8233437
8230768
8228318
8227094
8233863
8233987
8234022
8234180
8227983
8235605
8235834
8235901
8235921
8235949
8235997
8235998
8236008
8236021
8236026
8236029
8236441
8236593
8236629
8236636
8236710
8236764
8237043
8237082
8237165
8237192
8237380
8237386
8237431
8237470
8237497
8237641
8237672
8237673
8237699
8237804
8237821
8237919
1883728
8262444
12727593
5142019
7503916
5147447
543759
555025
547341
107067
543012
9425750
7501753
7497392
12723310
8264300
304100
7493852
5244754
235883
545510
8264745
244542
114234
5244446
5236091
5237464
8265758
2611796
10827001
8266211
8266212
6074442
328863
8266823
5331622
5268527
10831383
3368214
5270192
8267500
7536969
7536751
8264683
8263347
555789
293546
5145906
5333945
1677867
4634809
5149291
1685020
7538547
8262613
1098139
508482
7506154
7508168
5243524
7500960
7510281
4774681
5362985
5222680
5204382
5300892
5209046
2072426
106443
5168872
2610795
7518264
456481
7503861
7517937
7509194
7509842
8273291
8267625
101389
364449
8273456
7505196
5190916
5198738
8273746
8272510
8263622
5263768
144931
5277357
7509294
5278415
5243008
7503787
8267393
5164035
3771303
4600281
3780533
1677662
1086468
8275532
8276735
8274301
5234671
109601
8277051
4672314
8277324
3784276
8272145
8278078
5266862
2003110
4649167
2073795
3781552
8277751
1100353
7507046
7510745
605300
5280558
8270200
7511896
5241864
6095650
6099286
8280103
5241796
6092451
8280124
5241921
8280139
5588123
8280161
6092579
5237258
5277324
8274589
8280280
10839908
10831581
8271952
5244831
5182535
8268324
8280457
7495101
8266404
521974
7505663
8268487
3347476
7519958
7506408
5211538
5249756
5213504
8278743
314433
8271295
8281160
7516758
7516822
7517733
323683
70488
5243060
5311197
5237936
5290692
5303478
8281268
7530560
8281291
5271330
7520284
257283
7514049
451952
43380
5284569
1686782
7515834
7518681
2594188
8281602
8281610
94876
5192789
8281638
5263906
6088672
52391
7519109
3783801
8281722
7526979
8281856
8282322
3365028
7531496
7528569
7530007
8282115
10845625
7536121
446093
7535626
7536176
2591773
8264622
5243629
8282908
5310929
8282320
8283501
7538530
7539907
6083744
7537889
5312134
8283819
5297118
7535294
8283831
7539453
7537581
6078809
6080785
3355836
7539665
8283135
5326667
5312200
5270909
5244665
7530595
7531444
5325482
8285789
7543442
7527797
8285820
7528351
8286013
5313968
7532566
7525447
7539546
5335212
5297498
6081107
8286827
8282722
5191420
5335614
5323355
7538375
7536761
8287474
4736729
11196630
5316586
5323772
2043675
412051
364822
101972
3344575
86893
5296691
8288008
7532571
8288067
1680092
7532856
5281775
5181802
40249
8288561
5300321
5299665
5293747
6071562
8289074
8281880
12779329
12777396
549385
8272823
5301407
105517
5342243
8289465
12345788
8275690
10846369
8289683
8285856
8283774
5240527
8289974
8285017
8288318
7535496
8287074
8290581
8285011
8283272
8267832
5332693
5149513
8290934
8289365
7536863
5144711
8274681
8286308
8291772
8288789
5383888
12345997
8286934
8287622
7537244
8292993
7560973
7560308
7560489
8295477
8295595
7561816
7563147
8296753
7560988
7561521
8296336
8296386
8295592
8294479
8297071
8295709
8296540
8296766
8296891
8296189
8294547
8296389
8296421
8296449
8294621
8297771
8296961
7560469
8298065
8297044
7561469
7563149
7562605
9528355
8296896
7567370
8303885
8303336
8304200
8301548
8303549
8304262
8304394
8302968
8303772
8303929
8303331
7564758
5392437
8304734
8304797
8304808
9535798
8304288
4525317
8304223
8301736
8303811
8304959
8304400
8304471
5391527
1562770
8305016
8303238
8304470
1565917
8305066
1566189
8303416
7564192
5395444
4525190
9535969
8305452
8305487
8304895
5392943
8305510
8304828
7566651
8305018
7566682
1565814
8305065
7565075
7565918
8306239
5390065
9536023
8336202
8352066
7613844
8363983
5483669
7621663
7627593
7616961
8364863
7623607
7623780
7624202
7624271
7624370
7627357
7634451
7628062
8370936
7625615
7623593
7627747
7623718
7624183
7626317
5494592
7627492
7623909
8371324
7627741
2528452
8373722
7639331
5507567
7623483
5501194
7629127
7633439
5501819
7633707
8374247
7635513
5503985
5501141
5500880
5507669
8374561
8374572
7629799
5506973
7631893
7633755
7635064
7635628
8374212
7627053
8375068
5504620
7631364
7634751
7636019
8375444
7642733
7637111
7634261
5506991
7636260
7634453
5500536
7637964
7636478
8375279
8374704
8375914
8374143
7642559
7640439
7640753
8375943
8375313
7634899
8375311
8376109
8375506
5507494
7635557
7630203
7639289
7632801
7642968
7639506
7641192
8375806
8375894
7642535
7638927
7637927
8376932
7638119
8376956
5514956
8376456
7641714
8376442
8375305
7642924
7639093
8375512
8377230
7640922
8377234
8376893
7647832
8378518
8378946
8378954
2534518
1992151
1989931
5535993
8379954
8378883
5527517
7653070
5523563
7651043
7657985
7645942
8381904
8382069
7650590
5522171
8380883
1622270
7647127
7657517
7649899
8378757
8379187
5524902
8383564
8380770
11140429
7657569
8382780
8384266
5535261
7651604
7653582
12706828
7656955
8380149
8383517
11138073
7660461
7659353
7651477
7650517
7659683
7663701
8381526
7653713
7650491
7653777
5539412
7662838
8380653
8384868
8385920
8383816
8386853
8386934
10166085
5541570
5538630
8385444
5535041
5539256
5535146
5532331
8387758
8387911
5543171
5540296
8386830
5562603
5544099
7663461
8383783
8389453
8389548
8389607
8389653
5543392
5543398
8388083
8388129
8388158
8388193
8388324
8388267
7665626
5544401
7661746
8390156
8390169
8390170
5543072
8390191
8391682
8387953
8386770
5543337
8390283
8390288
8388141
8390334
8388149
5544282
8388243
8388303
8390402
8388351
8390532
8388114
5544680
8388181
5541906
8390600
8389047
8390637
5544572
5544535
8390693
8389140
8389166
5542201
8390734
8390757
2539234
5541793
2543174
8389293
8389273
8390898
10167135
5545157
8389416
8389420
5542478
8390947
8391083
8391084
8391095
5547267
8391166
5543350
8391235
8389695
8391249
8391256
8389797
8391309
8391352
8391366
8391414
8391607
8391619
8391627
5546986
5547115
8390203
8391688
8391696
8391699
5546428
8391744
8391746
8391771
8389787
8390341
8391807
8391887
5546916
5544013
8391900
8391908
8391916
8391922
8390172
8389516
8391939
8391949
8391955
8391958
5543088
5547946
8390202
5547728
8387256
8391978
8385797
8391979
8391984
8391985
8392019
2543812
8392095
8392105
8392106
5544552
8390194
5547942
5547960
5543145
8392161
10168719
5547900
8392230
5544801
8392245
5551606
5548129
8392267
2540647
8392317
5544525
5542279
8392343
8390864
5548044
8392369
2541997
2543015
8392399
5548329
5548358
5548341
5548361
2543385
2540914
8392430
8392435
7672345
7672588
8393450
5573472
7677554
8413581
547628
7669954
46708
8400368
530627
1682446
1683700
8399769
5583425
4757854
592502
4645142
8401679
7687078
4730633
4741673
7505306
4626135
7686465
4632130
544031
8404259
8402542
502952
4707498
569483
1663814
4622307
4705234
8402911
3776485
1653879
4620965
4566588
4567285
3771186
213737
9516960
332270
4762766
4719569
10185021
4615895
4672639
3784822
204215
2598856
5581604
8409924
3382160
2596087
452098
2596167
1688633
149134
8403446
579347
4596155
4601095
8403607
8477169
5582408
5581172
8403800
4580582
3776033
4587882
4587682
461765
479647
8403955
4755905
4617081
8403984
5581183
8404040
8404042
7686014
12720768
4540114
8404114
7688469
4591799
4554257
4605026
4621426
4599928
4617537
4559050
4631910
4629645
4629774
4733516
8404106
8404107
7690851
4617942
4631353
1703075
4616671
7692107
4596882
8404641
4578769
4770173
12783189
515911
4740421
4755330
8405023
532542
8404960
2593753
4712776
152207
1672891
8406248
8405394
4550536
7692333
4657607
8407632
8405937
8406824
10197070
8406927
7708473
8406053
4580275
4682022
8409188
4595147
12726595
4700769
4683113
1679373
4699822
75760
4713436
1106693
4709619
517857
8409877
4717730
4711344
451465
366761
4690213
272585
539792
2045105
3777044
8410069
4764046
1100537
4708653
363394
4762176
4665495
4659969
4634201
10193648
1098952
2039414
537536
447532
4626602
4727811
1680135
8410357
4684389
1677560
1679760
4659217
4684474
4594174
1680530
367966
1679371
1114583
4705430
4701815
4688084
1647531
4693195
2605007
4613179
331599
8410620
1098806
3785790
8410319
555479
8411691
8410734
8410737
8410741
8410743
8410754
4626846
4633867
8410917
4615726
3780635
9316219
4676167
447630
365225
4676283
8411048
8411052
4628551
4691579
12754294
8411153
4585824
564771
197301
8410580
197053
4675366
271985
4611601
610903
8412037
375758
337908
7688752
4680820
8411376
4635607
4633193
8411410
8410783
8411466
8410412
8411477
4633966
7691322
8410918
4634026
12746873
8411665
8411673
4681454
4680947
4726553
4689226
10192618
4646375
5585315
4638770
8411090
4560783
4593937
1652501
4726816
4680891
2043165
4640867
4706521
2055443
4579594
4687683
1655848
556490
372771
4574995
4566525
4611360
8411969
4688177
4581723
8411186
3382613
158380
4741918
206756
1697626
8412128
4596795
8412181
8412185
4658026
4643179
4615488
4594768
4682445
8411514
4621627
4700288
4601271
4682559
8412333
4628353
4590912
201313
8412473
4597846
5586440
2047839
8411753
4562963
7691292
8412601
4676477
4600540
8412674
5584770
8412688
4656367
4684907
4581500
4727837
198717
4625106
8412789
4726795
4677179
4738023
4761151
4659101
4641744
375391
1116472
4613424
2056073
4730772
5564279
12777011
205724
4598821
8413162
8410853
8413174
4621715
8413188
8413189
4731089
4618674
4639659
8413335
4593023
4596777
8412525
4626869
4729335
4649742
8413465
4681582
4605710
4647907
4640180
8286950
4679366
4711055
4640727
4700487
3365204
4606291
4683236
8413693
4663197
3779380
4614979
8413721
404456
8413756
8413766
533673
307319
12735112
12748597
4664878
12746332
8413957
8413990
413556
8413546
4566910
4746270
9062646
4607320
4711130
507578
4683603
4709955
518226
3772252
4645591
8412195
10190535
4642139
8414345
8405995
1688575
9319799
4630734
4685295
4737478
4729635
4629846
4729795
8414711
4729981
4699401
5581724
4752121
8414211
4733713
8414824
3349529
4733964
4609250
129788
7692328
3352490
4664332
563929
2060624
4747723
8414969
4639305
4642539
8415003
8415004
4642004
4642001
4645197
4645230
4638232
4645236
4643186
4637216
4541589
4638034
4634216
8414434
4595397
4740350
4645332
9308115
8415128
12735602
8413848
4573120
4610362
4583306
4645371
4756819
8415217
4740718
4643678
4625546
4605500
4637204
7687623
4699063
4719921
4683516
4649980
4762230
8415481
4591411
4730059
4699658
8415511
4695933
8415569
4575578
8415588
4628762
4651182
4651177
2063394
8415669
8415715
4719212
4637790
8415765
8415769
8415834
8415913
5583042
4763671
8415930
4594824
4542918
8415944
4742255
8415155
8415991
12752529
4584627
4612480
12343105
12752428
9462237
12754953
4640560
4603956
4669271
4634988
4640887
4716214
4646435
4763101
4762495
4749107
12752621
4635896
8416353
4761401
11098002
467475
4580836
280699
4588017
8411255
73051
269247
73169
63060
534592
4576300
4622596
211894
211895
4568454
8415778
8416532
8416542
8416578
5584694
4640148
8416585
8412435
8415201
8416601
3784043
4706595
4603776
4649651
8417734
8416632
8412602
4646453
8416659
4593057
8413373
4636653
4643427
1652876
1665290
8416316
8416732
4623870
4643241
4721307
8415667
4651216
4765994
471670
240147
4612277
4642094
8412592
8412326
4643316
4730880
12757722
3352267
579236
4624659
8415334
4658053
8412620
4677356
4646139
4641116
4731808
4593120
5586970
2057615
4741509
8416764
410827
4615927
4632901
4658106
8417025
4668983
4651579
5585850
4633247
8417050
8416106
4756060
132374
4763602
4636209
3784617
4654136
10060
4663364
4698436
229924
4675811
4649209
3772907
4622507
7677072
4582568
4676190
3808084
4758368
8417757
4681518
4655773
4609289
4646781
4638919
614187
4625293
4596313
4592501
5583671
4611895
8417659
4648217
391140
4595255
437766
539977
4636190
4596005
188497
4680566
8412044
4602347
8403280
8415281
8418075
4645640
5570837
4623349
286851
286848
4581277
4672644
4701889
4760819
4658337
8422417
8422843
8409570
11071064
8431846
8432684
5665124
8433519
11072173
7724143
10201089
8435216
8432653
8435726
7724886
5669968
7723261
7720457
8435019
7713659
7724051
10203237
8437192
5671113
7716645
7714002
7726771
7717098
8434775
8436484
7714915
8437447
7728908
10205078
8437587
8437595
8437612
7723937
7732873
7731648
8437042
7718866
8435169
9217119
5674049
8437187
8437167
7726177
7717451
8437898
8437899
8437431
7712343
7720879
8438258
10200141
7736114
7728445
5660434
8438543
7730209
7718615
8438054
7714095
8436764
7735494
7729814
7716018
7723351
8440023
8439436
8440325
7730033
7714321
7716926
3343943
8469261
8468775
3784784
4724817
12752674
4625964
8474335
9306135
4697987
12425467
421894
9062200
4765276
4694764
8475256
11097561
4587199
9310238
3373642
3350045
4759296
4694272
205040
4592133
8475530
8475535
8473974
1675856
4706860
425001
4694537
211983
108934
560334
4682348
4599667
4758725
8475835
4742866
305672
4581898
8475285
8404746
182595
4748543
8476440
4683345
4689396
4746986
4759735
4764154
12424432
4759475
4767344
2045044
4683804
4541557
8473976
4683645
4680273
4582143
4758168
4758362
546364
3347485
213999
4568157
568260
8476275
4636260
4675705
545270
4582204
556686
8476365
11097579
4768738
5582880
4720648
11097166
4749347
4752657
8476405
4689624
7679120
4767036
4587396
4720087
4746086
4773713
8476460
4547592
4610689
4687802
4743513
4587738
8416671
8476643
4598169
4601144
4695728
4725739
2045426
4694877
4721541
4671853
202256
4764394
284248
41083
4626598
4674760
620991
49179
2575062
4688915
365004
2573330
3390949
4576591
3352136
4766447
1122225
8414755
8475905
4777496
4747389
218387
4711559
8477106
4777461
9072718
91079
8477187
9064579
8477211
8478307
7681872
10186013
11099672
8477358
4751924
8477359
4752953
4752967
8477422
12758991
4630091
4694670
4749958
4581782
9063406
3430814
3430813
7692956
12781105
4747320
4747038
8476713
206539
8477687
614425
8477744
4722886
10173892
4697513
5560787
624968
4750602
4753740
1689043
8478222
494047
4693818
4568740
8478432
8478650
3779595
8478831
12426728
4769095
8478988
8479162
8399847
2037790
2057468
8484560
3807834
8480597
8494324
8491963
8498272
1806131
1792451
2629225
8501018
8493621
8496867
8491953
8502753
8497825
1805180
8506242
10251759
8507954
8507962
8508142
8508441
8508671
8506719
8509265
12483285
8509442
7751757
9493898
8511338
8511477
10228332
7767841
8512572
7770092
7766237
8513371
7776024
7772007
8514276
8512527
8510182
8511547
8510994
8506543
7774318
8513918
12481875
1803601
2113515
1800149
7767955
10227892
8521136
8516731
2116172
8517887
7778995
9494589
8524398
2118116
8522255
8524521
8524835
8525576
7775354
8525884
7784231
8526591
8520439
12490482
8523807
8518796
8526148
8520107
8528407
8524778
8526776
7788396
1811401
8525269
7776706
7801739
8529629
12486671
8544536
7778931
12488305
8523908
8528124
8530567
8530736
7791865
8531657
8527939
7799561
8532791
8529749
8528160
8527678
8528349
8523231
8531539
12489398
8531608
8533849
8533856
8533870
8532660
8534005
8532003
8529129
1823750
8530774
1195995
8528565
8533357
8531162
8528928
8529160
8535374
10239133
8535429
7799724
8529152
8535830
8536258
7814050
8536807
8536837
8538782
12488629
8536935
12488724
8535737
12487381
12487396
12489086
12493870
8537471
7786280
8537823
7788314
8538034
12490082
8538090
8538682
7813849
8536921
8538920
8538988
8539020
8532261
8539259
8539418
7784103
12491621
8539927
8523364
7788456
8540965
7794234
8541834
8542031
7823882
8539898
1816895
8542750
7785934
1825477
8544040
12493363
7802465
8540118
3468621
8545366
8543647
10239340
8541768
8539623
8539981
8535815
8537796
8534892
8533252
1820892
10236753
10241729
8551557
10239128
8540861
7799346
8548193
7793278
8550889
12489820
7793417
1820585
1824028
8549010
8549433
7794334
12493286
8550122
8550142
10251726
8550159
10246241
8550278
8549328
7801998
8547433
10251752
8550729
8550859
8538835
8550869
8544422
8550978
10249976
7798515
10245874
8551828
12492350
7790491
8550194
8552162
12494292
12491047
7814144
2638241
7816239
7815801
7794777
12492733
8552925
8553120
12491209
2640363
10248390
8544953
7813436
10256110
1831764
1825030
7807972
2639338
7793281
8556700
8556992
8557436
7810786
8557426
3475086
7825304
8558393
7823610
8559092
7817315
8558350
8560664
3478815
3476325
7827011
12494747
8560396
5747636
7821537
2643126
8560655
8560837
7814093
12495561
3474031
8559678
12495591
7828294
3472803
8559745
1833283
3475880
7823797
7835193
7831216
7831217
2644097
8562733
7832009
7832660
8562951
8563206
7828305
12497642
5756928
7841455
8563615
8563616
8562634
8563895
2646168
8564006
7844873
7838133
8563652
8564138
7843903
8563512
8563618
7840323
8564370
7836886
8563131
7836914
3481387
12498468
12498847
5756982
7836039
8565061
2645285
1218375
5763065
7838342
8565322
8565646
8565664
4988966
7840993
8565198
7840994
7839495
7843910
7843904
7837678
7844245
8565945
8565953
8565990
2646195
5758163
7837684
7842366
8566420
5761097
1213173
1215125
1833993
8567973
8607824
8610663
8613348
8613581
5176651
8613993
133506
2050762
8616931
315685
8626046
5335172
8626728
8269137
8627155
3772329
8625981
7549055
9520558
183978
5361342
5343234
5271987
8630233
6065771
8624343
5335806
8633387
8630277
8630356
8627788
8630369
8630373
283370
8630381
8624773
8630411
8630438
8627854
8630443
8630459
8623633
8630472
8630476
8630480
8627913
8628711
8627994
8627982
7536335
6073733
8626201
8628478
6067469
5177171
6070159
8630917
8630918
8630929
8630934
5348914
5348913
8630936
5325746
8630968
8628555
8628576
8628624
8628639
8628671
8631041
5348995
5197213
8628697
8629271
8627942
8631099
9517221
5173227
8629128
9500326
6072244
9515679
8631597
8629197
566567
8631616
5357778
5337363
8625086
387278
9495473
6072429
8632012
8629889
8629634
5153155
339890
8629277
8632046
8623812
5353639
8632233
29325
135780
8629643
51395
579810
8632376
8634851
8632377
5328298
8632404
2578572
5193202
8630097
5328837
8625542
8632525
8630183
1657271
519340
8632677
8625802
8632767
8632785
8632864
8621138
8626377
8630557
8632943
8636021
8632952
6071253
8624819
8630619
8633010
8611336
8633078
7549603
5325573
8628458
8628640
8633438
8633440
8630389
8628679
8613356
8633600
8628782
8611233
5348752
8633628
9521994
8633657
8615005
7551594
8628927
6072245
6065702
8634050
8631638
8626860
8615230
8629252
5270619
1114482
5162808
518077
8634195
5303527
5331873
7551584
5355592
8631952
8629160
9508742
351884
8627206
8634470
8632010
6063815
5292672
100986
134995
395916
5204044
5332903
8632248
8632261
13400968
29462
8636921
1645250
5296421
6072444
3364497
8627398
8629926
8629927
5358551
5364913
5328304
32855
66953
5359394
9505574
8634985
8635016
96204
8286875
8630432
8635268
11190840
8635316
8625784
8632789
8633493
8635361
8635370
8628004
8635385
8635393
8632805
8633549
8635418
8635420
8630523
6061357
8632882
8632883
8635459
8291654
8633627
8619095
8631262
8625996
6065712
6070167
8630421
8625892
8631051
8624879
8631121
8631088
8633531
8633551
8635936
6076316
6063452
8290924
8290223
8626426
8628862
5370783
8617473
8633655
8628905
8631246
8636292
8636332
5362063
5344163
8631686
8634117
8636469
8631767
5363334
8636492
5367884
5303145
5351147
5337189
5343457
8634380
8629274
8636672
8631602
8634472
5162712
5357534
8621846
5358809
5198506
8629745
8629912
8634753
5368890
5209474
5298962
5352242
8637007
8639005
5156043
8634859
8634955
8635046
8625560
5365114
8630200
8625756
8637260
8631036
8637285
8637301
8635823
8635271
8627932
8624474
8627833
8633472
6063484
8632813
8632804
8635378
8635377
8637425
8637430
8291640
8631229
8633661
8632973
8636020
8633690
8612771
7549129
9514264
8630890
8637776
6063358
8633384
8637825
8633435
6065807
8637854
8633434
9513461
5349127
8635844
8637897
8635853
8631044
6063518
8284326
5344075
8629413
8638051
8269072
8291921
8626483
5356210
8636030
8631265
5351088
8631284
8633663
8631186
8291888
5270240
11190881
6063968
6070316
6063982
11190113
8638268
6064084
9505163
8636262
6061717
8635821
9501454
8635858
5156948
8638354
5363402
8629279
8636427
8634188
8638463
8636468
8631719
8631740
8638479
8609992
8612892
8636549
8631876
8634313
6056130
5359059
6068546
11191595
8634051
8634726
8638696
8638711
8629276
5352418
8638765
5173776
6060808
8636654
8632223
6064686
8636868
8632037
9509099
8638911
8615320
8638954
8638956
6059828
8627499
5280768
6061969
8634951
5365038
8637126
8635048
8637153
8627580
8635092
8635108
8639184
9509790
9517526
8639268
8639280
11190800
8637256
8625828
8284634
8639381
8639408
8635272
8639447
8635314
8635369
8635405
8636019
8638061
8630881
9501419
8630262
8630235
11190114
8639980
8624705
6072324
8633417
8640113
8640126
8635846
8640297
8635950
8636431
8633507
8640307
8631799
5157354
8635963
8640313
8635951
8640413
5351141
8637528
8628830
8631213
5356231
9495184
8640622
9507863
8640668
6066228
11189699
6063932
8636329
8635836
8634167
8627445
5363403
8635903
8643178
8628919
8640912
8634156
8634207
8634096
8640957
8634208
8638462
8636490
8638116
8630910
6064519
8632308
5154914
8634552
8636722
8627313
8638468
5337605
8634775
8641359
8636858
8641463
8636918
8638889
5151191
8637111
8634969
8632471
8641718
8630103
8641761
8630209
8635225
8635223
8637286
8625839
11191237
8620697
8628974
8632787
8639527
8635375
8639606
9522017
8637437
8628081
8642414
9498603
8627920
8639468
8637922
8635319
8635471
8639543
9498844
8637935
8642707
8292738
8642734
8637983
8642767
8631178
8624872
8640411
8635512
11190890
8643078
6052442
8636420
8635870
6059366
8640873
8640874
8640884
8631771
6059642
8640916
8637973
8643223
8643228
8638438
8636754
8638063
8640455
5157431
8638716
8293251
8641445
5158917
8636390
8634568
9423115
8636737
5350930
9496666
8629882
8641435
8643674
8630051
6051583
8643690
8289694
8632299
6062428
5364882
8632424
8289758
8643881
9497973
9419934
8643999
8639161
8639251
8639334
8639356
8627919
8631238
8639506
8635379
8637510
8639690
8639760
8644571
8642556
9521331
6049960
8642582
8631237
8639489
6059445
8290666
8638345
8640260
8633619
8630595
8644790
8642698
8635986
8633612
8642820
8642993
8636362
8285663
6059415
8293255
8290678
6056523
8629753
6058661
8636434
5358001
6061738
8631809
8626466
8634191
8643262
8645280
8645359
8285888
8289591
8640814
6062319
8294472
6056335
8645508
5367878
8643436
9497539
8629945
8629916
8638741
8291268
8632400
8641776
8630184
8641827
9509783
8645992
8639269
8267367
8639284
8644085
8639301
8637336
8644084
8640121
8637438
8637420
8637443
8639652
8642241
8640004
8644546
6049930
6051175
8646342
9521076
8635904
8638320
8285675
8633587
8642590
8626510
8644316
8644328
6061845
8644806
11190306
8640283
6049866
8646695
6048849
6051473
8640709
8271028
6046131
8645046
8631764
8635896
8629371
8642647
6056533
6056538
6059370
8640309
8294337
8644899
6047381
6057137
8634539
8289339
8292165
6062132
6051885
8268457
8641394
6050445
6047803
8643652
6059616
8641725
8272613
8643901
8644004
8647518
8647539
8647553
9498818
8645998
8639257
9514290
8647575
8644095
8647592
8641975
8631194
8642060
8647864
8646582
9495456
8647928
8265639
8647944
6051483
6058909
8642588
8639425
8646188
6058836
8646564
8630586
8644787
8642659
6050114
6051436
8648159
8261793
8642972
8263192
8642995
6049887
8646715
8645044
8638308
8643060
8648307
8644777
6061868
8631750
6062145
7468182
7468190
8645329
9501977
6044846
8645430
8647082
8627438
8647119
8634140
8645184
8648521
8648531
6051778
8643637
8636883
8285991
6054854
8636905
8641647
8643596
8648715
8645777
8641770
8647450
8643922
8647477
8632504
8641831
8648940
8648943
8642017
6049054
8642394
8646317
8645987
8647920
8647918
8649421
6056706
8628845
8642073
8641103
6051209
8261496
8649941
8649942
8649956
8648366
8650015
8650017
8646678
6050287
8646980
6056626
8627312
9522141
8292295
6059705
8641367
8289773
8645653
8287831
6059912
7470890
9497969
8650469
8265077
8648904
8637272
8644090
8644058
7479618
8651111
8269735
8640090
8646008
6049955
8646349
6046303
8646334
8267938
6045913
8643043
7470028
8651564
8651565
8648144
8638693
8271266
8264538
8651636
8648277
8646982
8648272
8647184
6049245
8648765
8652250
8652253
8648937
8644123
9498955
8650716
8652293
8644162
8650761
8640145
8640186
8652553
8649017
8644224
8291145
8643053
8644644
8636740
8646793
8649856
6044919
8650266
8653134
8640158
8649011
8648921
8652364
9530937
8648182
8649831
6048834
8655369
8656120
8649857
8656357
8656883
8647356
5378368
5370113
7559471
5375048
5376934
5377904
5374337
5355113
7558784
7558810
8662216
8660054
7557744
7556995
194731
1690026
3786670
7554455
7555435
8665054
7549261
8661475
5365790
5377106
8666539
8666557
8666563
5132538
9431243
5133079
9429177
8666751
8606381
8666884
5374809
8668314
12096990
8603950
12098013
8606214
9429579
8667739
8667839
8667957
8668084
9406940
8668113
12101277
12097692
8669951
8670019
8670024
12097625
8671095
8671162
12351518
12351517
8671539
8672908
8674310
8674498
8674181
8676026
8676333
8677088
8677195
12353037
12105405
8677314
8677417
10873334
8677489
12106054
12353590
1894445
8677671
8677805
12353654
9403274
8600502
9403544
8678325
8678623
8679043
8679086
8679176
8679186
8679425
10876019
8680278
8678344
8678383
8680557
10876950
8679503
8681108
8679548
8681387
10876983
8682101
8682356
8682530
8682847
8681893
8681588
10878150
8682051
10877183
8682214
8683105
8683112
8682404
8682443
8683223
8683237
8683251
8683370
8682774
8683663
8683786
8683817
8682940
8683949
8682263
8683123
8684085
8684187
8684329
8684459
8684581
8683637
8682840
8684677
8682887
8684697
8680291
8684710
8682668
8681613
8684755
8683002
8683999
8684965
8684092
8685034
8685035
8684158
8684179
8684296
8681485
8685260
8685341
8683539
8682559
8683473
8682912
8683795
8685481
8680366
8684818
8683931
8683807
8682738
10879701
8684001
8684831
8683946
8684892
8685646
8685649
8684153
8684134
8685077
8684168
8685084
8685704
8685745
8684315
8685857
8685141
8685428
8683783
10880063
8685591
8684947
8685625
8684070
8685021
8686502
8686603
8686655
8686790
8686353
8685658
8686925
8685448
8686994
8685155
8686382
8687535
8687186
8687233
8684988
8685146
8686257
8688401
8689364
8709939
8711459
8711470
8709695
8711999
8711234
8712706
3127589
8712262
3124856
3128446
8713229
3128842
8712924
8713498
8713499
8713516
9754160
8713340
8713818
8713377
8711637
3127954
8712971
3128591
8714302
8711092
8713443
8714412
3128697
8720879
8714455
8714653
3130682
8714764
8714768
8714782
8714795
8714266
3132124
8714962
8713998
8715032
8714274
3129023
8713374
8714356
3129108
3129839
8715011
8715496
8715644
9750602
8712133
3131614
8715781
8714951
3132793
3129592
8715497
8715505
8715064
8713846
8714387
8714445
3131700
8716258
8716259
8714943
8713900
8713531
8714984
9864831
9750200
8715437
9754241
8716539
8716588
8716676
3131976
8714642
8715928
8715498
8716763
8714272
8716620
8722676
8717009
8717124
8717150
8717167
8713817
3128243
3131798
3142022
3130176
8717291
3129572
8713983
8714846
3125863
8717413
8716312
8718092
8717598
8717157
8717678
8717746
3127443
3133473
3145565
8716913
8717842
8717932
9942691
8717973
8718044
8716122
8718275
8718289
8721101
9753634
3140446
8714851
3130743
3149786
8718539
3129075
3138899
8717825
3138896
8718650
9763299
3117929
9764653
8716684
8719814
8717389
8717435
3137491
8715036
3129022
8719042
8717021
8717126
8719172
8719186
3122456
8717191
3122466
8713875
3135508
3143565
3118080
3130975
8717368
8718852
8717500
9767328
8719683
3144474
8718720
8718997
8717944
8719945
9763752
8716533
3118438
8720091
3120255
8719223
3125534
3151207
8715976
8720231
8720232
9761534
8719414
3127906
8716844
8720351
9768362
9754641
3118079
8720411
3118712
8718584
3133524
8720474
8720498
8718023
8719799
8720708
8718028
8718031
8721280
8720783
8720856
8720862
8721552
8718233
8720945
8721607
3123776
3133792
8718342
8720229
8719349
3131590
9770677
3137451
3132704
3135697
3123906
8717287
8720440
8716631
3133154
8721299
8722710
8721421
8721548
8720939
9758155
3126520
8715735
8715785
3133133
8721817
8717832
8718616
8720520
8721919
8721926
8716426
8721388
8721986
8722016
8720579
9763511
8721591
8722175
3144649
8715037
3139378
3139941
9757787
8716823
3122503
3143964
3118590
8715778
3123914
3131440
3130206
8716646
8718615
8718617
8722615
8721980
8722642
9764087
8722758
8722781
9764004
8717685
3130097
8718232
3143123
8717198
3148903
8722999
9752346
8721170
3127838
3130587
3139630
3142434
8722115
3145704
8721507
8718467
3144694
3144365
8716095
8720646
8718293
8723142
8723480
8720222
3147396
9765670
8721050
8723813
8723603
8723940
8724056
8724109
3147192
8724184
8725938
8724454
8719630
8724698
8719824
8724725
8718931
3153019
8723970
8724841
8724842
8724880
8720275
8725094
8725125
3138444
8725138
8723060
8725317
8720584
8725386
8719911
8725466
8724942
8721565
8723700
8726018
8726028
8725284
8725283
8725353
8724577
3148571
8724770
3139311
8726424
8717137
3142259
8719137
3152509
3130321
3130999
8726814
8722575
3140977
8727142
9754531
8727176
9769063
8727340
8727366
8727385
8726254
8727555
8727692
8726533
8722259
8718965
3125346
3129267
8728185
3135075
8728425
8728689
8728797
8727265
8724812
8727682
8727534
8727778
8726581
8729494
9935046
8729586
8728146
3142366
3127061
8729711
9768839
8730217
3153625
3151042
8724865
3143713
3141243
3157563
8730633
8730717
8730819
8730820
9776111
9756879
8731168
8743080
8731311
8731538
8731784
8731803
8727903
3134708
3157564
9774027
8732049
8732069
8732269
8732341
8732637
8731214
3148065
8732903
8733205
3149017
3144872
3146660
3138687
8736875
8734326
8734331
9763066
3132720
8734563
8732804
8734693
8734708
9943639
8734893
8735128
8735165
8735287
8731105
3148505
8735478
8735564
8735582
8736027
8736064
8736155
8736185
8736281
8736392
8736574
8736626
8736693
8736694
8736829
3135973
8736980
8737154
3137027
8737259
8737492
8740983
8737507
8735198
8735259
8737564
8737575
8729967
8735411
8737722
8735329
8735354
8738271
8740533
8731440
8735398
8738295
8735420
8735421
8735445
8736040
9854986
8738542
8738591
8738771
8735818
3145036
8735974
8736004
8736453
8739038
8736571
9776719
3151003
8724965
3149685
8739381
8730508
8739518
3150152
8739624
8736730
3155342
9770220
8739818
8737052
8739902
8730693
8737217
3137012
8729665
3152796
8740165
8740235
8737726
8737898
8737423
8735062
8735075
8734613
8734631
8735156
8740445
8737541
8740450
8740451
8735232
8738209
8731348
8740518
3137907
8740557
8740743
8740824
8740837
8738091
8741029
8731353
8738155
8738202
3152081
8733423
8738269
8738291
8731439
8739117
8741458
8738692
3151560
8741587
8738839
8730154
8731700
8722145
8744351
8739496
9775372
8739551
8739300
8739335
8739635
8739271
8739834
8742474
8740076
8742624
8734296
8742675
8740022
8732170
3134375
8742828
8742837
8742839
8742844
8742857
8742869
8737640
8742890
8737762
8742946
8742972
8743006
8740336
8743019
9774480
8735020
8743047
8743049
9772892
8743070
8734612
8743092
8737505
8743097
8743103
8732784
8740469
8740466
8735236
8743150
8740494
8737568
8743154
8731077
8732346
8741143
8732372
8743198
8743203
8735397
8743210
8743212
8743215
8735462
8743320
8743324
8743333
8743342
8738448
8743421
8743543
8743546
8743562
8743598
8743670
8743690
8741034
8737540
8741639
8743775
8743776
8743785
8730142
8743800
8740530
8743830
8736017
8746985
8743979
8743983
8743991
8744002
8739070
8744078
8744105
8744231
3149569
8744250
3155309
9777975
8739282
8735861
9779922
9779184
9856874
8744498
8744502
8741876
8744541
8730556
8742002
8734035
8742018
8739347
8739651
9775840
8739389
8742086
8744755
8744790
8739716
8744802
8742150
8744832
8744839
3140700
8739573
8739576
8744903
8739674
8744974
8745006
8729583
3143165
8742561
8742575
8745115
8742487
8742528
8739931
9780420
8739953
3145944
8745191
8745206
3150247
8745281
8745306
8737235
8745402
8745408
8745414
8745415
8745418
8745425
8745439
8745440
8745464
8745481
8745564
8745611
8737334
8745617
8745624
8737337
8734967
8745785
9780177
8746089
8746128
8746144
8746168
8746177
8746240
9780142
9779008
8735481
9779860
8746336
8746342
9776557
8743384
8746441
9777169
8746598
9779054
3145767
8746704
8746725
9788771
8746917
9778817
8746974
8746989
9777848
8747049
8747050
9780287
8744119
8747305
8738916
8750936
8747543
8747548
9777934
9778829
9779554
8741685
8748028
8748034
8744825
9781743
8748263
8748265
8748325
3160138
8748461
8748580
8748656
8748822
8748839
8748845
8748846
8745385
8748854
8748865
8748878
8748882
8748887
8748907
8748928
8746212
8748938
8748945
9782247
8748957
9780506
8757550
8749028
9780513
8749079
8745635
8749088
8749089
8749090
8749106
8749137
9782106
8743512
8746533
8749249
8749258
8749270
8749291
9780908
8738248
8732983
8749350
8749360
8749370
8749399
8749406
8749429
8746807
8749474
8749481
8745998
8749501
8749521
8749528
8749551
8749595
8749601
8749621
8749670
9782037
9779544
8749713
9780215
8758926
8749791
8749799
8749872
8747161
9782096
9773554
8749939
8749962
8749980
3146532
8750046
8744228
8750092
8750109
8744281
8758504
8750150
8746734
8735965
8750179
8750192
8750206
8750333
8746877
8750351
8750363
8750373
8750400
3153138
9782402
8750518
9782406
8750563
8750565
8750568
8750580
9781595
8744510
8750723
8747764
3145007
8744575
8750776
9781059
8747400
8747850
8750824
8750839
8747419
8750912
9781105
3176216
9782473
8751026
8751037
8751038
9783343
3153809
3137433
8751235
8751243
8751246
8751251
8747398
8742275
8751270
8751312
3167484
8751341
3180971
3179874
8751431
8751438
8751468
3134804
3134805
8751528
8751580
3148342
3147913
9771997
8751657
8751663
3160112
8751763
8751787
9781838
3139529
8737136
8751884
3160283
8751977
8751997
8752030
8752037
8752043
8752064
8752089
3137577
8752117
8752141
8742711
8748756
8752196
8752227
8752271
8748841
8752274
8750319
8752364
8745578
8752418
8749903
8752526
8752541
8752542
8752544
8740374
8733211
3180306
8752597
8741000
8741641
8752706
8733450
8735468
8749345
8752722
8750207
9772940
8749432
8749435
8752863
8752903
8752904
9781245
8752987
8753010
8753064
8749879
8749935
8753107
3151457
8753192
8753195
8747359
8727586
8753301
8750221
8749496
8753383
3183958
8747901
8747494
8753488
8753557
8736112
8753615
9948465
8753672
3157802
9789864
8751107
8754077
8754095
3143480
8754179
8754183
8754220
8754270
9781744
9780048
8754333
8751441
8758129
8754396
8754399
8754420
8754592
8754616
8754663
8729656
9782678
8754737
8754776
8754814
8754837
8745318
8745319
8754929
9784453
8754963
8754965
8752272
8754985
8755006
8752971
8755027
8755040
8755078
8755081
8749127
8752641
8755172
8755177
8741705
8727559
8755198
9834330
8752828
8753368
8755258
8755343
8755369
8753184
8749274
8755457
8744676
8731904
8755496
8722788
9784795
9617877
8755654
8755684
8757030
8744680
8755769
8753738
8755796
9839672
8750955
8753944
8754356
8755972
8750698
8754063
8755988
8751422
8756196
8734201
8732102
8756246
8728109
8756287
8758205
8756354
8748408
8756411
8757503
8748612
8756609
8755042
8755059
8749113
8743605
8755101
8756677
8755149
8755140
8738157
9769045
3150414
8733520
9783852
8752405
8737743
8741450
8755368
8756880
8742289
8755681
8755709
8755707
8744665
9955614
8725601
8757085
8757121
8757143
3157915
8755968
8757181
8756004
8754499
8732018
8757246
8757300
9631497
3142352
9779313
8757427
8720303
8757446
8748621
9629375
8734456
8735502
8757569
8753070
9782904
8749015
8757591
8757615
8757645
8718920
9782259
8757707
8743913
8757716
8752568
8757759
8746545
9789567
8757785
8731514
8742053
8757804
8720047
9781577
8750506
8757834
8757835
8751055
8757886
8757919
8750782
8757959
8757091
8732044
8757967
8757974
8757277
9856299
8751047
8754043
8757183
8751249
3146707
8758088
8724137
8751754
8758109
8758113
8758124
8758134
8751164
3137937
8754359
8758210
3160015
8758255
3145534
8758293
8753011
8757713
8758377
8749853
8758383
8758384
9775178
8758406
8758424
8750007
8752624
8745778
8757786
8758529
9774614
8758534
9778354
8758546
8753298
9775336
3152085
8758559
8758562
8720551
8758573
8758577
9774946
9781570
8749007
8758623
8749769
8758631
8749818
8758664
8758675
8758687
8758733
8758736
9780614
8758751
8733712
8756842
8750773
8758830
8731920
8758869
8731933
8758875
8733879
8758899
9782266
8758917
8758938
8758939
3149206
8747777
8759044
9770211
8759075
8759076
8742283
8759104
8728102
9777954
8744821
8759238
8759252
8759262
9783432
8744991
9769717
8759350
8760931
9794027
8759387
8759442
8759477
8759480
3137925
8759513
8759539
8732141
8759605
8737034
3140126
3148469
8725677
8759680
3158184
8730762
3145985
8759973
8760313
8761798
3150810
8761249
8732161
9941015
9865469
3141345
8745093
3143579
8734361
8751987
8737232
3148630
8762737
9751419
8764120
8742552
3160333
3130968
3133637
8763990
8751425
8763320
3124933
8763499
8762430
8762521
3139237
8738876
8763396
9923674
3123874
8765446
3132768
3132769
8766214
3134853
8766286
3158244
3113773
8732185
8764824
8766814
8757563
8767049
8764260
9854212
8767336
8767935
8762893
8768025
8768045
8768540
8765858
8768875
8769383
8769442
8765247
8765389
8770056
8770150
8770336
8767033
8771247
8771249
9786166
8762171
8771422
9906020
9801166
8772071
8772288
8766906
9926833
9809379
3166138
9799321
8774402
9623747
8752365
8778614
9801060
8772587
8775907
9923122
8776175
9921450
9923121
8773214
9923405
3173866
8769339
8771630
8777895
9800949
8771938
8775610
8762927
8778626
8774527
9799817
8779246
8779291
9842763
8780768
8777321
9838948
8781977
8778535
8786044
8782067
8782069
9799687
8782971
8779306
8775184
8783024
8783114
3169170
9803048
9843881
9867729
9969605
8784812
8784925
8784971
8785569
8786106
8778128
9805458
8786224
8786230
8782721
9802811
8783858
8788159
9834587
8792061
8792314
8793320
9619509
9805683
9808831
8791329
8794855
8794934
8792742
8795071
8795079
3192407
8792637
8795830
8790389
8796450
9969529
8784064
9814754
9814755
8784121
9811224
8796914
9964530
8797450
8797641
8798166
8798217
9817133
9833732
8792206
9810400
8799324
8799419
8799848
9846914
9970471
8800159
8800160
9849289
8779297
9840615
8801658
8801668
8801670
8792643
8791984
8798348
8801895
9823096
8801979
8802002
8802135
9971582
9806878
8802326
9949534
9973948
8786447
8799228
9842410
8802750
9823311
9969727
8802911
9828685
8799782
8803441
8803469
9828319
3171090
9973022
8803609
8803690
9602498
8784269
8803902
8803977
9868759
9966143
9616531
8804274
8804353
9850240
9803377
8804431
9830265
8804541
9844935
9833489
8799039
8805107
9826178
8805142
8805145
8805155
8785535
8805186
9972815
8801790
9820378
8805304
8794972
8801930
8792161
8805518
8789243
3196652
8805570
8805611
8778775
8795368
8792516
8798068
9826282
9972527
8805959
8799802
8801821
8806089
8806106
8806131
8796412
9972132
8806159
9829521
8790524
8776637
9819108
8806366
9966714
3198105
9973350
8803350
8806819
8802846
8806944
8806990
9901676
9973075
8807236
9972324
9849020
8807456
9969891
3201881
8807712
8791289
9819636
9919555
8800967
8801344
8808079
8808109
9971925
8801441
9845039
9818136
9974376
8801942
8808946
9615824
8809097
8801662
9847619
8809577
8809591
8809711
9972034
9829022
8810099
8806761
9973004
8790809
8793543
8810552
8810562
9819613
8810647
9974726
9867669
8804185
8811184
8801221
9972396
8811266
8801352
8808168
3199022
8811929
8812068
8813019
9958785
8814608
9824500
8811376
9977121
8881771
8813515
8817657
8809490
9902989
8819281
9986470
8820279
9583752
8864088
8820661
9984484
9987065
9983423
8809247
8809246
8821754
9900811
8814111
8823011
8808041
9889488
8824675
8824875
8824959
8824990
8825032
8825055
8825082
8811450
8825117
8820484
8825137
3210665
8820506
8815727
8825154
8825162
8815763
9977534
8825179
8825189
8825308
8825413
8825466
8816330
8816265
8825787
9979375
8811740
8825834
8825841
8820555
8825847
8826051
8817126
3210653
8826490
8826550
9591466
8817540
8812676
9594809
8796110
9977733
3221307
8818522
8827009
3210992
8827153
8827165
8818112
8827183
8813763
8822807
9902922
8827593
8814394
8827834
8824502
8824545
9897284
8828936
8828989
8824943
8829002
8829011
9978845
9983551
8825023
8829047
8825052
8829367
8829412
8829454
8825103
8829846
3215643
8829973
8830006
8830165
8830215
3208541
8887120
8817943
8830450
8826943
8823216
3208874
8818060
9904917
8831078
8831251
8831338
8841207
8831873
8826909
8834596
8832754
3224075
8830508
8828976
3215385
3225238
8829756
9592504
8826639
3208575
8822608
3223715
3223694
8832403
9896122
8834992
8834996
8835029
8835160
3222947
8821895
10924147
9889624
8835974
8831968
3228036
3223102
8836513
9598084
3209083
3220501
8837151
9906952
8837312
8835245
9981153
9982861
8837625
8837648
9988179
8837849
9985636
8817347
8838061
8838232
8838371
12376787
8838526
9898255
8831954
3223090
3224267
3216141
8832096
8838939
3214292
8818708
8839237
3228087
3220271
8823920
8845074
9986866
8840457
8835192
8829580
3212793
8840807
3208409
8834053
9992000
8833179
3216127
8841458
9897951
8827077
8841656
9878283
8841749
8834038
8822292
8833016
8834595
8839355
3230331
3222517
9894789
3216799
3219927
9993908
8843149
8843150
8843164
8835790
9914085
8813964
8883835
9897056
3229302
8829599
9871455
8835978
8871505
9885770
9912454
9993610
8844207
3208716
9878656
9900063
8844365
3227476
10923491
3229433
8848355
8888477
8885961
8833251
9904582
8842616
3214451
9876412
3212062
3232555
9877946
8845458
8845494
8845559
9913421
8845704
9902940
8843394
3222092
9914285
8841748
3225742
8846367
9910766
9888104
8846577
8846578
8846633
8827918
3232502
9911841
8845157
8846882
9900618
9881167
9900115
9880244
8845455
8843473
10922727
8847653
9912139
9915784
9914318
9875621
9989864
8847713
9913594
10114559
10922694
9911691
9978394
9893404
8847844
8847846
8847929
8847943
10923244
3229371
9909969
8848065
9888087
9912382
9875665
8848236
8848237
9879027
8848325
10116952
10119266
8848371
9880575
9909758
9915886
9913878
8848501
8848510
8848511
8848526
8848551
9880964
9877712
3227475
10114096
8830107
9882416
9879959
9879983
8848792
8848798
8848804
9914016
9880719
9908091
10115169
9877770
8848965
9880096
8848985
9877958
9879432
9901060
9880769
9881264
9876356
9879452
8849152
9908141
9913398
9879444
9879571
8845410
8849304
8849305
8841324
3219994
8835900
9878291
8888595
3208364
9881569
8880907
9891083
9587431
8849690
8849708
9882732
8839310
9892115
8849853
8836899
8849998
8833347
8834799
9882548
8850176
3227255
8843538
8843535
8850343
8850408
8868232
8822823
9887291
9888654
8850555
3224844
3206151
3214023
8850834
8850838
8849705
8850966
3229493
8851297
9582047
8830835
8851523
8884145
3226523
8843961
8845600
8851867
3216315
8851964
3222996
8852114
8852240
8838513
8852342
3209211
8836088
8849680
8852928
8834676
9891227
8853305
8853409
8853412
8831809
8826267
9984962
8826581
8850515
9880404
8854707
8841795
9892533
8830623
8855153
9884628
8849802
8855633
8855919
9883834
8856373
8853611
9588221
8856905
8856906
8856942
8850478
8857118
8853972
3216709
8844410
8834127
9585049
8830375
8842165
8858011
8839276
8872036
8858171
9595538
8852871
8853101
3214656
8815243
8824648
8834945
8859149
8843901
8859244
8859253
8859307
8889789
8850502
8832974
8859521
8859537
8859584
8859674
8859695
8838974
8855288
8823745
8860566
8839835
9580038
8861811
9587287
8862222
8854469
9591635
8884442
8862709
8836704
8863115
9592842
8857891
8852151
8867360
8864144
8838259
9587103
8864604
9586440
9588381
8864689
10009696
8865048
9586567
8858006
8851532
9587631
8865687
8870603
8865924
9591575
8852022
8866230
8859467
8866257
9585618
8860079
8830218
8850532
8862688
8862752
8864836
9890616
8867970
8866533
8866617
8866620
8849969
8862591
8866637
9888006
9590784
9589564
8868184
8866804
8855911
8865302
8865331
8867023
8856089
8851589
9581140
9586060
8867093
8861541
8861563
8867253
9585389
8867270
8867284
8867315
9589174
8866031
8850383
8867440
8867541
9588038
8838409
9596411
8867792
8865023
9599339
8857904
8867981
9579612
8868028
9590678
8868079
8884499
8857970
8860936
8830639
9590819
8868325
9587686
8866806
8868347
8867029
8868371
8863761
8868514
8868519
8868543
8865875
8868774
8864309
8857220
8868838
8868842
10009093
8868994
8826905
8869068
9585684
10009537
8866691
8860684
8865005
8857285
8834720
8869380
8865337
8853685
9581237
10008884
8853653
8865739
8869890
9582494
8870001
9890123
8870115
8869327
9590868
10009206
8869309
8865515
8868520
8870511
8870524
8871642
8869636
8870544
8869925
8870719
8869960
8870769
8870780
8860158
8866156
8870881
8870917
8870979
9586423
9585683
8851354
8871266
8871426
8871433
8869504
8867006
8871470
8871492
8871586
8871626
8870540
8871647
8869772
8871675
8863994
8871790
9584016
8864176
8852595
8864474
8866185
8862845
8870112
8872014
8871102
8872093
8864909
9584872
8872157
8858224
8872204
8872345
8872472
8856793
9584626
8872492
8872493
8861754
8869837
8849318
8872533
8872628
8872683
8872688
8872693
8850549
8867858
8849322
8872748
8867707
9902132
8870988
8872852
8872855
8866556
8872867
8872890
8872911
8866371
8869206
8864749
8872981
8873028
8865137
8873041
8868970
8873072
8863165
8861227
8863268
8873162
8873174
8832474
8873241
8869300
8834837
10008542
8824546
8873358
8872394
8873534
8871673
8832973
8843456
8867539
3224894
8862151
8872715
8861854
8873649
9585397
8873704
8869924
8873788
10005025
8854174
8873827
8873831
8854290
8862691
8872993
8870097
8870986
8871000
8866883
8874219
8873050
8862984
8830971
8865204
9582597
8874402
8873264
8874454
8873234
8869499
8865190
9582087
8872335
8869562
9583706
8874801
8872452
3225757
9586448
8874944
8874993
8859829
10009183
8875031
8875063
8872634
8875126
8875127
9587031
8862100
8875159
8833156
8871740
8870884
8875274
8875311
3228074
3225878
9598089
8875461
8874250
8875504
9581833
8875604
8875606
8875608
8875612
8875613
8875618
8866578
9886189
8856279
8863676
8875741
10009135
9584376
8873357
8875787
8873380
8874909
8845993
8834325
8854336
8864443
8876089
8850443
8876108
8841757
8876218
8838793
8876262
9888620
8842233
8830108
8836466
8875533
8854946
8857870
8852980
8876610
8842247
8880575
8876706
8869042
3219126
9591958
8876815
9886886
8876933
8876934
9883047
8876937
8859021
8877178
9889031
8877209
3220258
8877260
8877261
8877265
8851836
8841321
8877309
8856869
8880871
8852548
8877512
3228774
8876214
8877608
8876282
10119616
8877775
3218912
8855300
3228156
8877863
8877869
3228117
3226548
3212024
8890662
3228107
9887328
8878177
8860962
8836992
8868363
8878657
8878661
8878747
3216316
8877456
8878800
8834077
8878936
3216202
3223118
8850016
8864590
9880045
9588638
8879451
8873215
8858805
13132660
8858836
8843900
8879785
8837684
8879817
8851892
8871094
8880952
8879920
8879939
8883923
8880177
9582574
8842396
8836657
3214128
8880344
8880346
9895922
9586692
8880398
8844756
8848912
8824449
8868095
9594154
8867167
8880835
8853845
8877263
8843160
8835412
8859366
8876217
8838809
9895832
8881276
8881301
8869249
8882224
9891373
8881428
8867896
8881453
9892651
8834904
8856819
8833608
8843430
8841384
3216246
8852258
8881819
8877406
8881821
8831717
8852104
8842510
9984143
9891110
10002374
9588517
9883590
9886642
8882182
9584119
8881228
8842696
8875427
8824187
8879415
8882331
8879552
9578396
8832848
9894518
8883717
8876069
8850654
8827230
3218811
8879197
8815655
8832427
8883094
8858999
8840737
8840919
8882110
8885500
8831825
8841290
8841411
8883453
8883468
8876571
8883494
8836796
3211918
8881450
8881679
8842977
8829320
8852209
8821718
8883865
3224219
8838856
8883354
3211564
8883998
3209503
8819618
8842706
8884189
8828995
8831923
8884297
8829441
8865893
8838243
3216708
8884468
8870827
9908415
8884603
8830612
8819794
8875667
8872515
8829295
8862114
8833999
8884823
8817484
8884432
8854904
8840005
8832576
8872553
8872552
8885268
8867857
3215768
8864045
9588903
8881042
8885560
9899594
8856886
8857203
8887194
9870477
8883858
8887614
8885878
8884899
8850833
8881253
8879179
8857763
8842090
8882880
8884184
8853103
8858446
8831172
8884208
8850330
10008253
9883406
8877430
9890093
9891688
8885808
3213993
8836234
8885113
8836843
8824088
3225009
8851698
8884771
8886629
8886634
8853998
8886640
8839032
8862780
8880980
8882009
9594277
8860168
8885510
8885921
8884093
8885047
8886427
8857954
8886910
8833222
8886919
8886920
8839802
8876711
8881425
8880606
9880702
9889466
9873073
3212127
8884729
8861338
8883715
8887087
8887088
8836661
3208639
8879030
8887147
9901864
8852547
8887252
8862170
9887831
8874366
8867899
8887322
8872949
8842492
8887329
8852979
9908084
8887371
8887384
8869275
8887408
8833326
8881421
8856644
8878444
8887497
8856982
8887522
9587185
8832310
8887637
8863053
8887703
8887409
8853519
9874826
8834879
8884746
8861565
8841341
8818653
9892890
8835693
9900382
8873295
8884282
8835746
8885707
8848159
10122656
8854273
8883350
8886446
8852504
8870637
8879356
8870774
8873606
8888364
8840534
8880900
8873632
8888376
8886171
9901250
8827328
9585755
8854339
8877695
8884019
9895994
9584210
8888464
8836300
8877929
8881599
8833008
8874967
8884453
8851933
8854074
9891010
8888639
8876046
8857855
8862867
8882005
8859808
8858163
8833241
8880516
8873344
9582977
8832855
9588852
8888803
8852238
8862805
8885343
8888819
8883825
8889026
8882020
8876356
9894701
9892956
8869891
8842734
9590324
8884564
8880379
8860552
8842844
8867165
8888997
8825359
8854486
9583179
9585558
8889040
8889052
9899902
8868183
9886747
8819213
8887354
8882990
9892409
8855765
8862112
8884806
9583185
8849971
3219073
8881520
8882303
8880481
8878346
8888071
8889651
9591409
8870646
8887319
8836934
8888289
8834471
8885072
8866894
8890096
8890200
8890204
8887599
8880143
8836686
8890304
8870801
9591840
10007324
8879534
8890469
8880787
8887537
8883369
8888218
8890551
9888300
8890609
8855450
8877681
8877900
8890039
8875855
8878980
8889516
8857929
8878150
8880486
8890366
8889554
8871407
8888115
8879724
8884120
8884928
8891443
8875686
8853171
8870816
8891215
8892435
8893019
8893178
8892389
8894126
3251570
8892062
8892587
8895156
8892976
8893129
8895063
8895158
8896205
8894506
8896553
4861257
4863269
8897118
8894675
8897204
8897547
8896558
8897613
4862705
4864107
8897831
4861686
3253326
8897910
8894433
4855444
4852909
3261896
3256562
8897191
8898220
4862284
8898602
8897528
8898640
4861294
8898691
4859927
8898721
4862709
8898777
8898920
8898007
8898954
8898974
8899013
8896790
8899018
8897839
8899040
4859975
8899059
3260854
8899080
8898021
4860552
8896235
8899227
8899234
8898166
8899360
8899370
8899390
8899460
8899462
8897196
8899529
10136392
8898310
8899580
4856113
8897349
8904225
8902724
8906648
8904563
8906161
8908733
8908739
8908744
8904517
8909029
8909184
8909334
8909375
8909376
8909379
8909443
8909466
8909708
8905400
8907525
8907558
8910431
8908376
8910770
8906602
8902635
8908984
8906607
8909056
8907165
8907312
8907859
8910653
8912519
8910885
8912709
8912735
8912753
8906431
8906684
8904686
8911008
8909127
8912969
8909289
8911182
8911845
8914237
8910747
8912245
8914849
8909110
8912857
8914621
9178353
8912671
8914653
8917457
9182245
8907041
8922899
8927822
10995745
8943631
8945260
8947544
8949129
8956080
8949101
8949763
8949770
8948436
8949784
8949787
8949791
8949794
8948506
8947795
8941287
8949967
8955616
8953617
8950156
11002754
8950165
8946487
8937556
8950256
8955861
8955659
8950390
8939656
8954895
8950575
11000224
11002755
8949240
8950811
8950813
8942280
8950829
8950839
8950976
8956895
8954129
10999594
8951144
8934576
10997492
8951411
11001790
8951524
8951559
8951566
8951612
8944095
8951802
8951853
8946853
8949941
8945981
8952149
8950685
8952274
8950138
8950221
8950383
8949947
8949963
8949451
8949985
8955564
8951189
8950778
8951256
8951307
8952779
8952792
8950995
8952845
8951128
8951505
11000870
8946818
8951487
8953118
8951516
8953165
8940110
8955752
8951764
8949149
8952570
8950794
8955592
8952367
8954841
8952709
11002403
10999501
8952234
8953867
8952595
8953896
8950709
8950217
8952690
8950320
8949425
8955052
8952692
8952990
8954991
8954317
8953231
8951599
8954604
8952013
11002716
8954761
8954785
8954802
8954809
8953618
8950163
8953665
8954863
11002267
8947249
8950530
8954902
8952200
8954913
8952275
8955650
8953982
8953674
8955000
8946659
8946675
8952536
8951107
8951108
8954233
8954109
8951088
8955131
8951468
8951470
8952857
5904780
5904369
11002507
8951399
8955198
8955199
5904790
8953087
8955205
8953235
8951709
8951864
8951721
8951722
8951727
8951725
8953259
8951833
8955243
8951862
8951718
8954602
8955269
8953392
8951952
8952208
8950060
8953677
8951141
10997178
8953262
8955534
8955557
8949318
8955563
8953577
8941533
8947794
8949463
8952157
8953851
5904685
8953955
8944666
8942388
8956322
10999562
11000104
11001706
8955721
8951006
8955723
8953091
8954375
8955751
8955121
8955761
8951731
8953270
8954571
10997210
8955777
8955782
8955798
8951987
8949921
8949938
8952183
8955562
8950094
8955667
8952111
8950480
8952486
8955888
8955889
8955893
8954908
8952539
8955902
8950788
8954114
8952823
8955939
8955940
8954135
8951062
8954207
8952949
8944747
8954335
8953217
8955975
8951542
8953146
10999308
8953326
8951859
8956028
8952043
8956111
8956119
8956163
8943157
8943723
8956251
8942490
8940958
8956362
8947460
11001020
8956407
8956436
8956023
8956038
8956483
8958068
8956572
8956575
8956576
8949086
8939337
8956595
8956598
8956600
8956602
8948748
8949933
8957882
8956650
8945645
8945779
8957635
8956684
8956687
8956688
8956151
8956706
8940692
8956712
8956165
8956719
8956185
8950827
8956727
8956190
8956733
8948145
8949280
8939012
8942192
8956793
8943823
10999457
8949385
10999246
8945240
8956820
8956284
8956288
8956295
8956296
8956828
8956829
8956198
8949455
8942594
8943460
8947176
8956358
8956361
8956885
8956887
8956365
8952783
8956893
8956412
8947907
8944107
8942711
8956402
8956442
8956447
8956449
8956988
8956990
8949744
8957030
8957037
8957049
8957053
8957062
8956509
8957069
10999243
8957075
8942029
8957114
8946374
8957134
8948683
5897886
8957155
8944291
5898452
8957170
8949034
8956642
8945655
8957220
8957251
8957658
8957265
8957664
8957281
8947741
5898746
8947810
8957364
8956901
8957368
8949602
8956857
10998041
8948316
8942708
5897399
8957472
8957475
8957500
8949731
11035605
8957556
8957256
8957035
8957034
8948373
5898541
8957138
8957604
8957606
8957608
8957609
8957254
8957611
8957142
8957264
5896878
8947268
8957250
8948764
8949472
8948522
8957660
8957321
8957938
8957697
5898726
8948582
8957699
5897372
8947883
8957333
8957703
8949471
8957253
8948820
8957257
8957708
8957344
8957345
8957352
8957397
8957406
8947396
8957744
8957454
8957396
5896928
8957460
8957409
8957769
8957782
8957402
8957504
8957471
8948656
5898784
8957521
8949732
8957546
8957548
5898546
8957555
8957029
8957828
8958061
8946934
8957830
8957600
8957133
5896815
5897162
8957862
8957864
8957249
8948019
8957865
8957559
8957260
8957870
8957872
8957904
8948512
8957653
5896876
8948179
5896879
5897172
8957907
8957701
8957252
8948815
8958031
8957694
8957695
8957322
11004037
8948581
8957941
8957335
8957705
8957704
8941077
8957261
8957709
8957711
8957962
8957963
8957691
8957734
8957968
8957971
8957398
8957700
8957740
8957405
8957347
8957764
8957452
8957501
8958154
5896949
5896948
8948919
8957989
8957742
8957778
5897406
8957784
8958001
5897960
8958007
8957596
8957554
8958029
5897319
8957860
8958060
8957137
8948374
8957603
8958063
8957902
8957328
8958094
8958095
8957259
8957933
8958113
8957905
8958114
8958115
8948810
8958133
5896915
8948294
8958140
8957403
8957739
8958141
8957981
8957761
8957760
8958153
8948318
8957779
8958163
8958005
8958178
8957593
8957823
8957859
11012333
8957597
8958677
8948378
8957595
8958093
8957693
8957692
8957903
8957906
8957688
8957690
8958406
8957651
8958135
8958444
8957732
8958136
8957966
8957967
8957964
8957985
8958472
8958137
8958151
8957987
8948295
8957777
8957780
8957791
8957793
8957794
8958170
8958507
5897235
8958574
8958678
8958354
8958052
8958088
8958058
8958357
8958796
8958090
8957698
8957958
8958475
8958145
8957983
8958147
8957984
8957960
8958150
8958486
8958002
8957766
8958494
8957999
8958010
8958499
8959014
8962468
8959613
8958698
8958838
8958356
8958092
8959272
8959306
13129599
8959360
8958771
8958442
8959379
8959411
8958469
8958937
8958939
8958162
8958009
8959499
8966624
8961625
8959744
8958355
8958839
8959746
8960735
8958770
8960736
8958407
8958131
8957994
8958555
8958203
8960369
8960395
8959684
8958241
8959282
8960730
8964713
8958836
8959378
8963330
8987042
11024808
8961213
8962263
8961351
8962944
8960738
8959603
8958540
8958539
8962152
8962162
8961206
8958552
8962231
8968402
8962960
11008381
8963345
8961835
8961982
8963602
8963612
8962104
8960334
8962134
8963686
8958615
8960363
8965315
8958551
8960118
8962160
8960114
8963697
8960121
8960123
8962170
8959536
8959545
8961385
8965830
8959708
8964053
8962503
8960350
8964070
8964074
9002190
8959641
8960374
8958675
8962623
8959690
8960339
8959212
8958749
8964380
8962964
8959752
8958376
8959733
8965965
11020762
8959309
8959395
8958828
8958894
8966142
11005801
8959363
8961038
8961037
8959933
8961323
8965293
8965302
8963668
8961183
8962125
8965317
8965321
8965322
8959132
8961214
8962545
8963841
8966799
8961496
8962521
8965627
8959133
8964029
8965862
8965869
8965870
8966017
8966198
8966548
8966576
8965615
8964169
8962221
8966859
8960498
8966895
8958260
8965403
8964368
8960574
8962782
8959233
8965890
8967228
8959827
8966015
8967304
8964574
8964575
8968721
8961657
8967398
8968982
8961053
8967618
8967877
8965275
8967889
8967898
8959010
8959519
8962515
8967920
8967922
8967965
11008022
8965377
11009099
8966874
8961209
8961378
8967136
8964367
8968516
8959220
8967104
8962946
8966134
8967399
8964745
8967454
8969101
8969439
8969531
8969558
11024720
11016458
8963641
8965291
8969687
8969861
8970000
11007239
8970292
8965602
8959493
11005342
8970615
8970644
11008037
11012419
11015756
8971019
11005657
8964709
8993584
8971250
11009434
8971344
11006599
8971636
8971945
8971956
8969513
8989251
8972310
8972311
8969539
8972464
8972553
11010226
11025926
8970165
8972866
11024979
8970488
8973177
8968367
8970988
8973651
8971554
8973811
8973879
8974016
8971866
8974159
8974168
8971949
8974216
8974221
8974252
8974263
11025260
11010293
8972595
8969188
8973118
8972281
8965335
8974924
8973061
11009224
8974970
8969927
8975022
8975025
11008485
8975213
8975240
8975242
8989720
8967004
8973503
8962888
8975428
8973726
8975513
8975535
8971581
8971588
8975753
8975834
8975958
8976067
8976072
8988368
8976427
8976457
8976516
8976537
8976574
8976617
8974724
8987865
11016454
8976923
8975073
11009255
8977198
8977211
8991105
8977326
5885373
8977626
8977693
11008255
11024710
8987016
8972065
8988916
8997900
8974598
8967970
11025315
8974831
11009980
8996867
8970731
8978206
8994993
8978255
8959834
8987959
8978301
8978330
8978369
8998222
8987437
8978526
8978539
8977898
8978568
8978612
8978618
8978628
11024517
8968354
8968477
11014373
8979678
11007249
8972640
8961490
8979794
8963457
8998654
8963412
8974144
8979978
8979287
8979915
8979294
5920912
5916037
8976661
8985156
8985165
8985473
8985212
8985611
8985850
8985572
8986211
11025783
8960211
8985427
8986815
8987214
8986833
8987251
8987252
8987339
8988208
8988230
9004082
11018848
11019893
11016863
8992185
8988843
9000910
11016825
8989084
8989102
8989112
8989142
11019658
8989430
8989446
11007431
11019738
8989690
11025384
8989722
11018661
8989919
8977414
11018704
11014503
8967121
8990314
8990317
8990319
11019477
11019054
8990349
8991580
8990374
11016140
8989206
8977838
11011091
8990516
8992724
8990542
8990543
8990544
8990561
8990565
8973004
11011895
11011913
11011051
11015480
8990811
8990817
8990834
8990848
8991022
8991030
11014097
8991156
8991157
8991158
8991175
11015188
8991273
8991352
8992084
8991357
8991360
8991361
8991368
11016686
8991411
8991454
8993339
8991455
8991470
8991471
8991473
8991499
8992723
8991581
8965218
11014454
8990311
8990313
8991665
11017721
8991778
8989847
8991785
8992299
8991796
8990668
11017215
8992289
8991954
11016718
8992052
8992082
8992100
8992957
8992124
11004796
8992131
8992206
8992213
8992214
8992225
8991704
11018616
8992292
8990678
11019781
8992357
8992434
8992444
8992119
8992495
11016429
8992535
8992536
8992598
8992655
8992764
8992810
8992826
8992850
8992460
11019655
8989045
8992768
8993092
8993271
8992063
8990102
8993317
8992934
8993340
8992057
8992942
8993380
8993455
8993155
8993594
8993595
8992859
8993684
8990088
8993738
8993322
8992478
8994439
8976192
11027428
8988792
8993447
8991693
8972043
11016278
8994029
8994045
8991903
8996511
8994105
8994108
8994166
8991028
8994211
8993676
8994308
8994309
8993703
8994355
8994362
8994388
8993745
8993332
11015296
8993767
8994441
8993778
8994476
8993391
11016088
8988732
8988982
8994536
8993992
11008749
8989348
8992155
11016393
8998008
8990739
8993563
8976886
11010590
8995842
8968460
8987897
8977489
8994430
8994462
8995228
8995369
11018964
8994022
11024778
8995641
11024832
8996210
8989006
8996252
8994505
8993823
8988817
8996268
8994516
11015424
11015391
8996289
8975892
8995315
8994660
8996331
8996332
8967686
8978672
11015456
8976580
8993809
8995459
8996499
8995507
8988266
8996549
8976528
8996627
8960048
8995460
8994633
8996734
11013072
8996817
11026507
8994354
8967129
8995917
8975348
8997020
11011682
8995025
8995149
8996282
8995289
8988128
8997208
11016145
8969321
8968067
8961808
8996545
8996721
8997267
8997282
8997323
8997361
8972809
8997370
8995545
8994833
8996553
8996570
8996571
8996580
8966846
8988239
8972350
8996663
8995672
11016417
8997492
11018040
8997500
8996717
8964202
8996589
8996951
8993586
8995873
8997655
8996973
8996983
8993641
11012555
8996046
8994366
8997123
8969174
8994511
11020773
8972089
8976478
8975910
8974335
8997844
8997396
8995595
8976011
8997440
8996240
8997878
8997331
8991604
8995279
8996285
8994651
8997894
8997909
8996324
8965040
8977843
8996615
8997980
8995683
8979748
11017222
11024827
8988545
8996837
11010821
8997752
11016775
8997838
8997345
8995702
8998380
8997448
8975359
8989737
11007882
8998514
8966879
8977283
8975455
11011572
8997702
8966126
8977618
8967655
8998698
8962030
8998735
8966547
8997973
11007832
8978218
8979911
8999136
8999301
8999400
8999401
8999405
8977028
8996996
8971208
8999573
8997238
11027003
8976524
8999867
8964256
9000010
9000063
8999192
11027941
11004218
9000235
9000296
9000297
8998424
8967939
8992477
8966682
8999836
8998365
11028000
8978019
9000433
9000474
9000500
8998751
11028065
8977086
9000576
9000588
9000592
8997604
8993654
9000036
9000043
8996990
9000707
8999002
11027851
9000084
9000772
9000773
9000111
9000122
9000152
9000156
11028626
8961262
9000977
11008030
8970020
9000219
9001037
9001153
11007539
8999980
9001259
8975508
8970958
8971266
9001291
11026906
8998603
9001383
9001424
9001447
9001484
9001502
9001562
9001573
8998359
9001638
9001059
11029766
11029648
9001100
9000487
9000585
11029875
9000014
9001781
9001782
9001790
8964467
9001901
9000749
9001978
9001979
9001980
9001998
9002007
9001038
9002035
9002053
9002060
9002122
9001698
9002193
9000466
8998427
9002216
9000224
9001011
9000223
9002229
9002233
9001732
11029102
8968448
9001723
9001219
9001776
9001863
8973484
9000677
11029878
9002613
9002658
9002659
9000794
9002807
9000798
9001992
9002831
9002910
9002915
9002929
9001729
8999426
9001096
9003506
9003528
8998963
9003541
9003629
9000684
9003733
9003821
9003922
9002809
9002824
9002894
9002916
9000364
9004086
9004088
9003133
9003467
9003477
9002732
9004423
11031244
9003778
9003943
9004652
9004494
9001984
9012983
9013366
9014863
9014874
12418592
9015498
12409751
9202306
9211378
9016036
9016643
12418992
9013962
9017175
9017185
9017209
9017325
9017451
9017509
9212511
9016528
9016397
9018049
9018069
9018220
9018394
9018463
9017289
9017310
9018580
9018647
9018679
9018695
9018706
9018729
9018736
9017495
9015869
9019164
9017745
9019226
9017919
9016576
12688785
9017954
9016592
9019302
9016860
9017054
9018413
9016354
9015743
9014807
9020317
9018703
9017428
9014589
9018913
9019132
9019134
9020500
9020516
9017976
12689510
9019282
9020657
9016794
9019450
9020880
12411252
9029862
9029928
12416935
9030005
9027229
9030016
9030080
9028864
9030714
9030715
9031310
9031370
12418483
9031448
9030451
9031465
9030454
9030459
9031757
9292220
4706205
9033012
9033158
9033308
8410548
12732985
9033921
9034211
441378
8402453
12424847
3784980
4609677
5243992
9034785
9034786
9035112
9035121
9036831
12443303
1676401
9035164
447417
2577445
9038044
9038063
12733144
1696076
7676249
9038814
4703633
4588126
3324728
467066
3325602
2071282
9040258
2605166
9038398
9039386
9038838
449456
9038844
9041835
4760438
9040555
9042650
4604943
3324523
1649241
9045132
612059
8409547
9046184
9036521
9048781
1090992
9040209
1685448
405947
5566544
1652370
3323713
9038414
3783558
9048848
9049086
12091668
4741967
9053020
2068262
11088225
8477573
3781489
5557314
4701627
2056863
12723560
1652415
9046132
3388371
533064
9043663
9055413
8262591
4704299
1656457
9057336
9055927
383556
8401488
9052862
112383
9058380
9054639
367593
9057858
9058965
9059130
307801
9059287
9058392
9059473
9051537
9058867
9059755
9059783
9060006
9058364
445450
9059296
3373426
9059587
2060110
9060251
9059678
9059679
9056708
9060573
9060575
4728403
453064
3382924
2575844
4687824
4746304
9060410
11094063
4701863
4704017
4662874
9058956
4674743
4680420
4714830
4709624
9061401
3784572
9060747
9059905
203402
9060796
3345164
3782832
488554
4761234
11097135
547580
149375
8475381
8410151
9061046
4644296
4594651
9061907
5586142
9304551
4739724
4707456
4667856
9306754
372042
4668250
4762786
4578929
555880
9062269
8410512
8417541
9061763
12754707
4669433
4727311
9062608
9062626
383679
4765818
9062710
11096873
5567451
4624074
4746920
7694434
4573441
4714062
8415375
4766961
4657585
4607413
2571672
11101494
8405982
4767218
4682688
4682690
4753928
396859
9035968
1662300
4752067
1646818
2038567
3780959
11094330
4761745
4693344
9065896
9066305
3435795
8478885
2616260
9069348
9069349
9069070
9321212
8478912
9068068
3440598
9070181
11107365
9068297
9078415
9078691
9078917
9079095
12799312
9085386
2568030
2568029
9092143
9089911
9090739
9098588
9090293
9100861
9100955
9094057
9101853
9101928
9067637
9100019
9093047
9070525
9104968
9105072
9327857
9327858
9103683
9102262
9103753
9105576
9106161
3800114
9102727
9106860
9106861
9070718
9105243
9101484
11112927
11111553
9105589
9105621
9107803
9106201
9106208
9072412
9099562
9102756
8484108
9108923
9107305
8479085
9109287
9107714
9109398
9103802
9109824
9095060
9109932
9106645
9066628
9105572
9104335
7675846
9108660
8396688
9110258
9108812
11106340
9100494
9104946
9110543
8398401
11114152
9111026
9111105
9111128
9104403
9110272
9110436
9109033
3450496
9105521
12711552
9105571
9081079
4789547
9105645
9102393
9109810
9109905
9108168
9111584
9103043
9110199
9113819
9101679
9106181
9109921
9112637
9104631
9112925
9111574
9114271
9112795
9114366
9114666
8393247
3444802
9112584
9115145
1135120
9110085
9115237
9109955
9104204
9112889
10177777
8388768
5538545
9111889
5545061
9110679
5542553
11116958
9115711
9453806
9115886
9115156
9106749
9106286
9116134
3446752
9105496
8393611
4788399
9110071
4785824
9111868
3803079
4786720
9116761
4787742
4791516
8384445
9098778
4785363
9113355
9102734
9117179
8387777
9458395
10172745
9117499
11122624
4789320
9117733
9116740
8390098
9116766
9117813
9110837
8395424
8388876
10170398
5547159
3448228
8390544
9118219
3795890
4789997
9117276
9113049
9116447
11121837
4789197
4785103
9117712
8385628
4792918
4790739
11139056
4791398
4792849
9122418
4792872
4790783
9121397
9123284
9121519
11126101
8379969
9123508
1141431
4791979
4790270
9124138
4792415
9125432
9125523
9123720
9125997
11137077
11137078
9122328
9126982
9124407
9127118
9127094
9126455
9160195
11165468
8350198
9445278
11164766
8354248
11165377
11164597
9373748
7610863
7615556
7615550
7612145
7613424
7616540
9366599
9375885
9169643
7613764
7617103
9168235
9169856
9170183
9177051
7618002
9170345
9170660
9170709
10972771
9172402
9172490
9172492
9172494
9172806
9171583
9172910
9173235
9170659
9173770
9173773
9173921
9173923
10975191
9172972
9174322
9174377
8919843
9174686
8912623
9174981
9175120
9172600
9174073
9175495
9177395
9175673
9174368
9176345
8921255
9176420
8914522
8914657
9178335
9176548
9176618
9176621
8919633
9175212
9177173
8917407
9175452
9174040
9175681
9177389
9178304
9178322
8917041
9178341
8917062
8916645
10969521
9370654
9178771
9178778
9176985
9178997
9179123
9179124
8919710
9179284
9183092
9183233
9181442
9183593
9184074
9193561
9181649
9182157
9187002
9187050
9187121
9187180
9187860
3301046
9186483
9188124
9187835
9189005
9190284
9190010
9185973
8563308
9185272
8563967
9189262
9195588
9193349
10267090
9194237
9194514
10262664
9194713
8550567
8553241
9194778
12828316
8539741
9195539
9195542
9195618
8558577
10254297
9195643
9195837
9195858
9192984
9195876
9195987
9193200
9194941
10257024
9196648
10256538
10253433
9196669
9196867
8551358
10256988
9196065
9197106
3464932
9197554
11071002
9201355
7724997
3320347
9211044
9211461
9211921
9212050
3311651
9212227
9210556
9212253
9210897
3312967
9212889
11065397
11065402
11065403
9212956
9212965
11064806
9213084
9213123
9213196
9213211
9213212
11064764
9213662
9214533
9213675
11066118
9214553
9214735
9213934
9213991
9210983
9214106
3316228
9214244
9215550
9210538
9214803
9215896
5675480
9214721
9216109
5668413
9212329
9211116
9214846
9212391
9212599
9216830
9217044
9217118
9217151
9217297
9218075
9218120
3316028
9215875
9219669
9224270
9251136
9288112
9290040
8410809
4675943
3777609
9034599
3324370
9290785
525487
1684095
12776889
2038860
9292542
9292570
9292584
9292637
9292676
9292683
9292686
9292735
3322266
11073172
11075311
9293123
9289062
9220675
9293307
9293308
11072768
9293443
9293460
9292943
9292104
3322385
9293843
9293898
9294470
9294512
9294531
9296571
9294616
9294629
11077432
9294668
5669198
9294669
1072665
9294777
5650543
9292513
11077674
9294988
9292898
9292989
9293189
9295507
11083538
9295905
9294345
9294381
9296046
9296353
9296395
9296486
11077253
9296602
9296734
9296761
9294480
9294979
9295337
9293679
9293830
9297500
9297526
9297527
9295914
9297699
9297709
9297722
9297732
9297792
9297808
9297827
9297832
9297859
9297881
9296176
9296177
9296195
9297911
1072428
11082297
11082445
9298225
9296147
9298231
9298248
9296216
9294801
9298397
5652431
9296524
9298444
9296613
9298524
9296783
9298544
9296804
3326150
9296911
9296919
9293723
9296900
3323424
9298789
9298855
9299163
9297540
5652617
9299377
9298165
9299387
9299407
9299440
9299441
9291344
9299721
9299749
9298164
5653270
9296511
5664470
9299779
9299931
9299937
5655738
9298405
9299952
9043793
9298330
11082936
9298400
5662078
9298403
5664743
9298423
12420220
12420540
9300113
9300130
5662867
5651143
9300331
9297313
3324742
3324743
9300444
9298983
9300780
9300783
9300905
9300911
9300965
9299692
9299239
4722949
9301051
9037302
9296284
5620797
9036577
9299634
9301260
9301261
9296389
9301263
11081184
1072780
1066568
9035255
9035256
9300013
9301354
9295429
5657507
9301519
5630877
9301885
11085898
10174151
9302061
9293953
9297991
9300996
9297580
9301020
7708451
9040956
9298360
9035751
9299911
5650595
9302512
9302513
9302548
9300622
9302732
4737481
9039396
9302882
1076940
9301822
9302939
9054517
9301092
9299625
9054569
9299844
9296633
9303091
11089292
9303186
9054280
11087940
9301982
9301579
9303366
9301992
9302873
9300893
9302903
9302892
9301117
1075501
9303464
9303480
9302516
9303696
9303715
9302531
7673143
9302877
9302739
9303841
9303423
9298012
9053413
1077324
9302214
9302216
9302962
5623541
9060189
9055962
9303990
9461375
9302354
9304051
9304056
9303660
9304109
9302145
9304145
9304152
9059327
480186
9057455
9303952
9304279
9303601
9056413
9303999
9302331
9304102
9303132
9055876
4579165
5578756
9058533
9055198
9054024
9304278
285831
1660862
4595853
9059692
9304490
597907
9304905
13660993
1674188
4709226
556040
577211
556975
4693201
9305264
4705494
9304563
5583523
4747239
9305316
4611628
4693772
8475264
8476108
4627842
4706283
4709125
4710385
1654013
4694264
4702299
4741738
2577791
9061359
9305504
4766565
542802
8412798
9061861
2593393
4770882
1091159
4764230
1663960
4708041
322319
390981
542046
9059758
9059759
9305792
4678059
4692301
8474251
4657433
9037236
329049
9306124
8412606
4599991
8401925
9306519
8474758
5585150
613032
2578453
499155
499157
4675335
4686510
218885
9306759
4762806
9306930
368995
586329
9307907
8475159
1646876
8405488
9309137
9309310
9059737
9310268
9310487
3384157
9057658
8415737
8417287
9314007
9058613
2582123
10184400
4680727
159256
455800
9315518
9315722
9316005
4766197
9463067
9317497
9057595
4706138
9316396
8474074
4718535
3333864
11096884
8414794
8471836
4689196
472298
8474987
1685036
4697247
9064592
507751
596511
1693342
475724
507876
8474727
8477215
585148
8473276
3805234
9319188
8413970
9320483
8473910
9320687
12797374
9320771
9320836
9114165
11105932
9064282
9321489
9321490
9321491
3437088
9070705
3803539
9321790
9321823
9107882
3793189
9322633
8481172
9105806
9322228
3803453
9104232
9324077
9324091
9323437
9324101
11109379
9323508
9322567
9323824
9324763
9324764
9324777
9324783
9325507
9103144
9079259
9325365
3797508
9330594
9082595
9336832
9345046
8499120
9338257
9331069
9091020
9338360
9331582
9336648
9339628
9339405
9339496
9332901
9340542
9336195
9338045
9336313
2546529
9335696
9336645
2545955
9332020
12452541
9331884
9093166
9331285
9331301
12451283
12453904
12454063
12454351
9343189
9332100
9343251
9341096
9340105
9334136
8501023
9326727
9342834
9090833
9345585
8515819
9345761
9346127
9346128
9345887
9347236
9347282
1175244
9121631
9346823
8507949
9349590
9350153
1182867
3461073
9351923
12825501
9351971
9352132
9352289
12704040
9352266
9351504
9351696
9351505
9351766
9353961
9351973
9355008
9355024
9353952
9347599
8377292
9356855
12486783
8526147
9358654
9358759
9361255
9357136
3460886
9363505
9363506
3460640
9365661
1175276
9362006
9366792
9367507
9367532
3852140
9367626
3852238
3460284
9366004
9369596
9369599
9368355
9369610
10976109
9368688
9370214
9369370
9370770
10980852
9368707
9370213
3852789
9372137
9372394
3852282
3852747
10976155
2144367
9373041
9376336
9175293
9374691
8915152
8912888
9173920
9376575
9372673
9377865
9378393
9378395
9378284
2137922
10270253
9378443
9378843
9378773
9378008
9379351
2650956
9378677
2148396
2147971
2148408
10282241
2143569
9379523
9379735
1836107
9379681
12834422
9381073
9381320
9381392
9381703
9382211
9380753
9380645
9381849
1909652
8676595
9402466
9403426
9403832
10875370
9404162
8673811
8676957
9404413
9404607
9405996
9404441
8675245
8602132
8672180
1894770
9404387
9406670
5287538
8672272
9402330
9407861
1894113
9405825
9411048
9420050
9410307
11188094
6060047
9405435
10870488
9412337
9403671
10869368
9412496
9410095
9412588
9431400
9412797
9412954
9410715
9406839
9404849
9413036
9413039
9412389
6069592
9404922
9407958
9411691
6057867
9413715
10871813
10875303
9407032
6051976
9414257
9403097
9407147
6066736
3879603
9414589
9413486
9413673
5305610
9411798
9413869
3878280
9416160
9415253
6053545
9415410
9415427
9415287
9415709
3873530
6038932
9415764
6041970
9414387
3870894
9416048
9402853
11183585
9416221
704369
9416275
6046484
11182544
705239
9415568
9416607
9416625
11185377
9416673
9416674
11183127
9416678
9416679
9416749
11184671
6042552
11182941
704361
11182425
11182426
11179768
9416851
11186690
11184756
6040623
9416916
9416962
6037672
11183082
9415593
9411528
9417107
6050302
6046397
6051684
9417380
6046488
9417019
6062376
9409919
6053428
8650404
6116747
9518913
9504717
6047108
11183256
6050299
9418054
9531036
9417660
6046092
6068449
6064783
9418465
6062382
11187719
9418664
11189548
9418683
3769518
9417279
9418239
8265978
8630423
8651952
8651983
9512825
8621880
6068688
8641573
8648755
613878
8648611
9419200
9419201
8657436
3879688
5309792
8659187
8659178
8658093
5192857
9417106
8270892
9530176
7467175
6062480
2037095
9418942
9419671
6062429
8265806
9419825
5346669
9419041
2570650
6048832
6055540
6060005
193693
9418804
8645919
3770305
8637216
6074811
5216896
5358830
9420282
9420299
6068498
9420304
6072400
5345974
6070243
8266532
9523520
9420391
9420421
8643579
6061668
9419692
9420503
9420526
8643318
9421548
8646984
8629167
8648507
8645699
8645487
8638785
9420633
6052755
9418455
6066433
9420714
8643724
8641487
11189071
8650144
344621
11204212
11202726
9420856
8645828
8648714
6055538
2053601
6060128
8643864
8265067
8639121
8647431
6109939
4681264
5328154
6067929
9421143
9510422
5343616
5327707
5377040
3880598
6064381
6076292
5308698
6070271
9421252
11188181
6072422
5352901
5352898
6063965
8638640
5359650
6059555
9423019
5345589
6049416
6049415
9421423
8641125
463912
8638636
11190495
8638629
8665254
9421456
5373255
9421489
11188430
8631690
9422764
8629166
9421552
8629169
9423269
8640876
8626896
8287600
5356762
8640723
8295390
9420399
9420727
8641165
8269663
9421833
8643607
212239
8276008
9419092
6059659
3880680
5233054
5353977
5168694
9420729
8643771
8291225
8643614
8638900
9504116
3774682
5183137
9423459
11196810
8643957
9422077
3880721
9509468
5368523
9422304
158066
7518454
8668768
9506728
7556656
9422403
5178068
5158841
5337535
9522419
5134963
9422476
9422576
1682632
9422629
5345424
8636324
5346091
5352852
6058505
5352980
8638437
9422723
9520711
8634605
9422750
8636393
9422769
6061796
8634151
8643227
8643122
8636369
8645092
9422787
9422791
9522093
8638288
8636348
9506425
8289368
2035436
8633561
6059371
8648502
6059374
9422841
1095334
5138345
5339674
5358961
8629654
8632020
6062085
8643534
6062107
8643420
6059857
9419722
9423128
8645505
9423133
8635869
6097577
9423210
9522156
9423234
8634735
8632312
9420769
6059875
6057562
8269642
601844
1672281
9419545
600521
11199809
8624059
8641689
8641590
1100346
9517892
6062243
8637106
8643879
9423441
2611195
8635031
8645947
7551116
7547863
5341990
336655
5335928
215980
6063365
9509889
9424183
7555475
9421736
5303738
8622037
340850
5369140
5183015
8641759
315497
5179201
9423503
5199210
9423545
202220
5230638
5307519
5330023
122341
5362187
5300170
157924
9515790
5279906
5348505
9425241
5301162
7536691
9425259
11195789
9425313
9424316
5313555
5209133
5370023
5343635
9506790
7491361
7550202
5246763
9421967
9420823
9420935
5240537
9425962
5369746
5295061
9511311
7545816
5347295
5288424
5331858
11192769
5336049
9426214
11196532
6111792
8262766
9513177
5327264
5365649
5344633
9508617
7546127
9509517
6063867
7546112
5144712
9426624
9423432
5311557
5298471
5332381
5334842
5315173
7548176
5308355
8634517
5151022
11207780
8662590
8264275
1690398
1647197
7557101
5216099
9427612
9427657
12094506
1082036
1889366
1887850
9427631
12095042
5147937
9427276
8606678
2571620
9428475
12349701
8665534
8666463
9428736
9428761
9428763
5371068
7558741
9428890
7552452
8611093
9428496
5214386
6062008
8664000
7558589
9429297
7552544
5251052
5228479
9430917
9431019
9430892
12351059
12349651
9431360
9431718
1892786
12352488
9431746
10873582
1894125
9431855
9431920
9431958
5393255
9432064
9430315
7564613
9432231
1893016
9432631
9537513
9432640
5391260
9431974
1892366
5384868
7565987
9433093
9535029
5385887
8301958
9433585
4526281
5397618
8848847
9880154
9441717
7605815
8362359
7609348
7616713
10149770
8365756
7621497
9446025
5481171
5501582
8372365
7622559
5490004
10153587
8372674
7638690
8375245
8372113
7631026
5505998
5500366
9446366
5494678
5495428
9446462
8372658
5515656
9446973
5497311
1988718
8374362
2530932
5501852
7639835
5506047
5509414
2530652
1988032
8376783
8377263
7639861
8378265
7638281
7644335
8374700
5511879
7641603
5507539
8377241
5513600
9448733
10157007
9448750
8377313
10158269
7641496
7645059
7647770
7642927
7644509
9449141
8376892
7651098
9450300
9450692
4792165
9450320
7649773
9450361
9450439
8377332
11142492
9451127
9451161
2536690
9451210
9451215
9451216
9451265
9452346
5521596
9450143
9451641
7654940
7656852
7653032
8386315
7656295
8386541
9452984
9452365
8382484
9453061
9453081
8379861
9451810
9453177
8383337
9451743
8384629
11139417
9450448
9452670
5533347
8388714
12710620
9117630
8392082
9451378
8386011
9453523
9452860
9453525
7655754
9453529
11127555
11124788
9453537
5526318
5526319
5529737
5533633
9453601
8385330
2537974
8383906
9453684
7653055
9452845
8387116
8385080
12710746
9452899
8384308
9452999
9451675
9453794
8388909
8386351
9453811
9453813
9453830
8386543
2539350
2537214
9451823
9452505
8383057
9454696
5532014
9451922
8385609
9453171
7653740
8382284
9453981
2537705
12713016
9454065
9454074
5537559
5523483
9454574
5532289
2536678
7655434
5537096
5529686
8390390
4786089
8392473
5546302
8391049
10169460
5551032
8389768
9455650
5547111
9455759
8390215
8392692
8386834
9455794
5543752
9455889
8390658
8390500
9110207
8391968
9455263
5542115
8390778
9456018
9455331
5545572
9456236
9455491
8391041
9456341
5542768
5557209
8391634
8395184
9456546
9455196
9456671
2544904
5579343
9456291
9457097
8396501
7673936
5543834
9457397
5549656
8396002
8391114
9456598
8393306
8393330
7661238
8395455
9456707
9456102
9457921
9457355
9458099
324153
8395855
7673715
1643745
8395165
5551117
2001892
1639553
8394748
9458422
324598
9455674
3773807
7680159
8401466
9459220
12722467
9459463
9459490
12738040
533054
2586274
4692702
12722805
4684564
7680241
9460150
1642950
5568370
5571754
9460228
5580106
9460488
4690542
4775867
239691
9460703
5579936
7680687
9460230
7686950
5579486
4725194
4747876
7688521
5578190
9461186
2063474
5579959
3352420
7681934
10180664
5580838
4612915
4700740
4622483
9461367
5577162
9461494
5581888
4636266
7683594
5580497
448104
4576213
4672219
1689140
1668168
4747544
12725724
4610955
4623511
7689858
9461762
9461763
7681933
12725755
7687959
4634276
9064946
9461871
7690915
4586911
12725901
9461881
5579063
7689887
4749202
8475525
5574901
4575455
5583288
4761009
9462017
9462019
9462032
1702120
4725974
522052
5585010
7689266
9462089
4628736
4612941
1666940
452716
204537
4591289
5583403
11098061
5580536
4596834
4601544
56332
12756377
9311276
5585077
7687960
4545634
4635385
4634392
264212
1691263
4602100
5581584
4774580
551007
105861
451917
9462317
1682272
12777633
4635623
8403392
202223
4651323
1094570
7690040
4574286
178677
4636053
12761393
9462660
4568039
1656435
8270281
4756506
4606192
7683400
9462778
4739552
12768507
5580006
320402
9062044
9461250
9462891
4571201
1666049
4636838
8404639
8404890
7690449
8403616
4672855
2599680
12735548
4754163
4696127
8404608
9463046
9463055
4597453
2057237
8415871
8415869
605306
4743641
372064
7692898
369566
7690983
7692973
4635415
367595
34728
4603914
4546897
4740521
9463361
5618172
7710887
4740907
7699301
7711039
5578502
8408173
5617074
9463784
7701763
7699261
9463326
7708293
9463913
4716029
9464039
9464060
7710718
8428814
12799500
12800279
5620609
5635877
7703291
9463912
9464651
9464660
7702222
9464796
9464802
12798795
12798799
9464847
9464851
9464882
7710797
9465029
9465040
9464159
9464160
12795205
5617157
9465068
8427908
5614135
9465303
9465346
5617174
9465379
9463864
8434188
9464534
12799591
9465869
9465894
12813918
12802810
9463777
9466299
12801338
8409446
9466319
9463793
9466364
9465363
9466391
9466393
9466394
12420277
9466753
9466758
12800256
12800274
9466972
9467010
9467013
12801540
7701586
9467279
9465770
7720139
9467343
12802562
9467630
9467736
9467962
8486770
9468150
9466276
9080731
5627607
10215584
9469022
9469026
9469070
9469135
9469460
9469461
9469468
9469519
12807346
9469921
9468548
9470139
7705822
9470380
9470386
9471824
9472008
9468854
5645961
9470740
9470986
9472633
9475808
9471465
9468124
9471520
9469928
9471822
9471950
9473700
10218144
9472377
9086969
9472631
9472704
9469436
9472787
9471356
9470209
9472851
9472874
9471651
9470284
9468411
7741450
9473145
9473565
9473913
9476401
9471396
9473606
9470416
2073968
12809621
9475037
12811801
12808703
9477859
12451881
12453271
9478565
9088376
9471907
9477778
12452748
9477854
9343137
9476657
9480179
12815391
9481459
9484755
12461854
9479338
9477093
12457113
12463066
9481062
8495253
9483590
9483720
12465449
9482935
12464355
12466011
9483187
9481587
9485251
12472387
9486366
9486474
12477981
9487038
12471040
8520718
8502413
9472187
9487923
9486186
9488042
9489513
9489584
8527755
9490174
9491852
9490438
9490688
9489791
9490086
9491553
9491709
9491714
9491761
10216858
10218984
8499141
5687180
9491060
9492310
8504760
9494737
12478153
9492715
8537312
8513564
8518455
9493546
9491511
8525070
9493310
9493322
8501120
8510227
8503717
12453866
7770034
7770044
8539887
9494434
12492061
8520104
12489203
12489216
8522976
12485964
8528536
9494641
8523210
10227007
1809033
7760559
8511341
8528961
8551112
7776718
12487845
