1672409
8971250
3495701
1122159
8739496
4647275
7926589
520300
5356287
4569526
3042349
9349590
5916956
9360138
9984484
7549211
5345008
1117408
8387758
8899529
1999190
1223717
3344024
5918138
1684797
1584137
5134963
8682356
8537312
3098546
4524302
9112889
7733043
5871092
4664816
9986866
8947460
11157243
825392
4577028
8677489
684153
7936450
9460488
8664076
1695623
4823573
5564904
8768875
4754722
370337
1513039
8978019
438285
3465784
8075165
4602822
6065904
8934576
3196652
1592787
639031
1588467
9418054
3518805
3640456
4779759
2046863
9585755
1875481
12622931
12505595
4536588
11218569
1571119
9881264
3475815
2733367
3125526
11020773
8974144
6073563
650383
5865722
1975292
5329913
7532566
9456236
6306566
5209665
1468618
8819281
7780743
6292116
4615339
5873176
5645935
7714915
6112917
330075
4859256
1979194
3878701
7430619
3875378
5578502
8742675
2593287
1176474
8990102
8269642
359024
3242077
3129463
4545193
8385609
235518
2644949
4794028
4497981
9856874
1647305
640156
1578305
3204575
2613202
3297337
11007882
3343118
2777235
440973
1104895
2593410
3123906
5298962
1648652
828708
5244198
450709
1605097
9057658
12801540
416318
3870641
224304
214777
4626380
8537823
2011589
11172082
6089301
282843
1972927
4477076
13796026
3147008
4607845
4705928
8866031
2056593
7694434
7407607
1640420
1089362
3249113
4504103
3777081
1618179
8725353
7627112
9452899
1650791
1973880
4656846
8075141
2531661
9465303
554528
11190114
1124169
1525248
2742144
3343952
5347706
9417674
7406328
5854566
5547942
617717
9370213
3355754
1726070
8960736
2596087
8965315
455151
5225567
2649236
8301736
2543385
7771845
8043663
5871350
6100911
2508601
9447142
8978672
4675811
8833251
5914496
6102097
2255499
1601445
8736040
3925263
1583359
7701798
4636896
9513150
538760
8957251
1117489
9753634
1652379
12815391
12422524
1232953
9214803
326194
14937
636288
3116201
16074
3328030
661392
10174190
3926982
740432
6061668
8990374
8868514
3509276
1788958
9421967
351884
4591762
1968751
3917434
8945655
3138899
8751754
4535713
3807830
3854024
581600
3866627
5372459
7626048
4506763
4593934
521327
1510526
1138518
8073621
2987394
7733984
1599605
3798362
7923249
6098054
499155
454968
5487283
1973136
4576781
4705870
1446824
7692040
211895
2012711
1563640
8685034
581891
9415287
4760735
4694877
434300
1719826
9079095
7416225
8976574
8824990
8769442
2531511
4609635
1967205
3252411
8755709
608936
2083199
8677805
4514409
3313479
5564766
8795071
4518985
3876970
8831251
4571923
7683594
8475905
3881558
5343001
8635319
7408117
592502
5329202
5292070
272655
3480518
5883357
1467431
3886607
1968442
9301260
297576
488626
8877929
5924607
5345589
6112163
8867167
6068498
8732903
1958210
7634451
1905672
8759044
9792502
8971956
5585850
3135508
12353654
3479302
7417629
6083027
2554767
3434604
6064194
4691043
9345046
7457882
467895
3579100
8959306
6044412
4514708
8538920
1704783
12418992
7549129
452923
1103315
5855570
800567
3232791
7926158
555775
9015498
1701907
286848
3093839
7406157
4772447
8881771
9879432
4934990
617044
2530962
9108168
2136617
7395171
3505742
3038188
3505493
8685658
1589547
104248
8757569
6173028
8958145
1541922
9108812
5385887
8648904
461074
1659638
569839
2549158
4682288
4699658
4624444
1701312
3097452
9063811
9452860
3519406
1682909
8850016
7485240
824975
8784269
562890
4625583
3369355
3518837
4534386
3216709
1256678
2535645
8959708
7711039
6288051
4644268
563514
2058072
8824546
1566796
1896409
7845507
8638354
4546743
7399007
6295989
8752405
7699230
8951853
8533856
119717
4643316
9225243
8304200
9291700
2241866
5324456
2751086
4826402
2777671
1542386
3779124
5356755
1652141
4728403
5526319
7708131
11746212
3025476
9419722
8271952
4577521
6059642
8972089
8805611
1658256
9470284
9963981
2640645
8951399
3875742
1570389
8390402
138028
8957864
8890609
5165345
2077146
7923971
9505574
3204340
3881249
3788990
4933132
2759702
3861888
1047562
4503342
3030080
8876108
6069994
7400431
7859469
1657575
6082021
4510190
1610986
9040956
7721202
3087459
3776212
7558361
6085428
8957994
9172402
4547532
8850343
3916319
185866
8611093
4568454
6307617
2843025
8898166
8993563
1691836
4672639
13812946
10267090
8797450
1579986
5925368
6074345
2534518
4505488
2076324
8976617
3576448
2104547
548484
8656883
5917871
526674
3775459
11165468
3623102
9519111
3202122
3790466
7432898
1239170
8646582
4632901
6068834
1992698
2638336
8409883
8882009
6106042
7672468
320992
5520054
4625106
9114366
4588734
7757298
4526247
1562477
8630262
1988718
613850
5916234
9303660
4544806
8949471
8842165
1749519
8808079
8735420
219966
9498818
8827328
4756075
6072324
5588254
4739604
2054969
8868079
5993679
4654136
6051473
1568188
6305565
361438
3812171
3631140
191277
2534963
6031231
5371244
2776549
2579568
2606975
12069224
8684296
5392928
8835746
5332381
297408
3117722
3119470
1872148
2849185
6053164
1660151
12520426
6049861
10972771
2551421
817089
507851
9176345
594537
3138687
5502828
5527004
4502673
9086131
9305413
8957265
4772471
4505527
11027851
7744746
566097
393791
8882020
1795699
1808549
11186690
4611603
4769481
8681893
7700650
4779584
3623979
12451283
1645258
577453
8750092
7621833
3091658
9321790
4571428
9000977
8110901
7378745
3883932
7925748
8839276
36494
4773109
531102
6049245
7385884
711935
8943460
8722016
8633551
11126674
1588457
3357146
8805959
3796117
1893016
88581
4634723
652317
1523507
1817000
2544595
9169856
1204042
4683345
8658093
2032143
4730731
260658
7548497
2733111
6054854
73169
490987
8642647
3475086
7470279
2850437
2001484
1983691
6085103
3343654
6065994
9456671
9465029
4478427
1601461
8955199
118329
2736015
544904
5357292
12497509
1563637
2144503
4509988
1681772
3123245
123399
8352066
7705305
3803453
1564988
5887708
7724997
9296395
3034714
5344075
1523770
4514974
8958507
208799
8409877
1809931
9314007
5547111
9900063
2744263
4584087
4517192
101788
6081326
4562803
10870549
4616785
5870710
433630
9099224
107403
314205
8384266
1898493
9783852
8529629
8907558
8640723
8782069
6094527
6069410
4859914
224455
9425962
8437167
1092779
4560608
445500
8865337
5916557
5919266
62878
4511154
1237315
4474756
3131590
2086809
3790611
5925102
6068145
8717167
1684373
604154
478542
6106356
8743913
7994024
7553251
8124758
2819928
7509650
3223021
4920613
3220271
9002915
8871505
1897368
1756439
5623950
7724886
3124696
2615697
3211918
10156067
8557436
12712126
8993745
9303952
1568102
2224247
9941904
1991481
6008394
3870150
1223053
2611540
496222
4689226
6100655
3875629
8219952
3493249
4817139
3127769
594480
3540536
3798360
7994624
3798353
1905504
9420633
2776585
4512085
1988248
1218804
4646245
2532005
2832914
182595
9216830
8807456
1637727
4693818
3803613
8994439
6072599
3472288
5904349
3314212
1571339
1990708
4917374
5497311
4636036
1224030
1901819
3878204
8717009
8125917
4542755
4528227
8404960
9960019
509880
2070854
8648715
12524334
3634453
8286950
4537318
1633606
1687028
1905404
7487410
3873942
6279014
283370
3501110
8825052
8643262
1895654
4677179
611114
135780
6091533
1665018
1995932
7773653
2747191
7642927
8647575
12622832
700734
3778463
1628999
152206
9464534
8126425
628068
7550509
2063099
1668127
135853
9213662
8728797
8952595
4830786
1975966
10174001
2890799
37448
3127162
506764
8641573
5916191
9195588
9431243
8051204
5392110
7503861
101925
6215330
4615067
570260
1563762
3139196
583498
9068297
2606438
8974831
4501988
4541663
1680180
4614957
3135246
4749940
3143304
4736729
8859808
4548594
4695751
4647405
4621731
2892223
2608889
1219362
4630969
8949770
3142352
5422158
4531209
4696922
2644804
8685745
4819195
8996571
8647082
2061590
1994958
9335696
244683
5923043
1676627
5343330
7564192
7855692
629915
1241760
1253533
4610689
12418592
201643
8960498
4628688
5519068
12161342
435323
3128591
3795762
3782793
3788011
7965830
13836784
4705933
586100
12355473
3465174
6062006
12624051
8630277
11743962
8909375
8912671
3140267
2539850
4726157
13125594
12797374
4677356
3876979
6106011
6286686
8878936
8750221
8632248
2688
8949602
8631041
4481799
9297732
2003840
11218061
9000219
8915152
4535014
8778128
5544774
2118613
6061265
9346823
9378008
2038563
7779160
12752505
697138
8757967
9213934
8884145
7666110
9324091
5916772
7785601
8999301
3389614
8914522
4819767
7987488
12352488
4862705
8075992
9299749
8716763
8237380
4594824
432335
630670
3089167
9864831
205565
259178
6290351
10201375
2069662
8779246
3626291
4493790
397738
1239862
3011747
8390637
5664743
451917
4609130
3915097
4614199
8839355
9412954
4574995
8220690
3451517
411601
8808109
10946862
29325
3167515
12614571
9031310
3622918
543809
4862691
4679394
3770912
6035106
9415533
1894113
7697321
3776991
8968402
1526881
5570734
7639520
5327981
297077
3852789
9059692
1665477
8836466
11513622
3446464
707372
8642017
4533149
474764
4569603
3306616
3509482
1755038
8292295
5304651
7749863
5398583
2231667
2535260
1971281
7408317
13290721
792470
13709506
1547971
3873137
2621743
4503266
2056043
1650880
540787
11024720
8793543
6061099
72808
8643122
8746974
5924039
1564975
1975671
9294616
5352587
3150848
8154922
4691806
628450
181990
8871426
2548820
3524479
150848
7735494
8817484
5241921
3865638
7840971
9588638
1819406
10984800
532173
2579833
9110272
7621861
8291921
826882
3775673
9800949
4565373
3131440
6062319
454851
3124135
2541673
8772288
2135529
1978031
9966143
1598167
8744676
6291848
1973431
5248576
9000487
3523398
5384086
432078
1781766
421228
1097456
1883728
5297118
1649522
2617320
12584509
3149786
8946934
4680820
8633531
5331341
8631638
789423
8379954
8944291
4597673
4613043
5341156
549213
1647119
5535261
8720856
3884346
7701797
1221642
4718535
8750824
3885852
5154914
3504164
1658367
8854707
9969529
7512886
3242637
4640148
2061202
8940692
3777533
8744832
5164281
8865137
8674310
2646195
3922314
9078240
9418664
5343430
5516288
7993294
9306124
5333940
8473693
471578
5797383
6292053
8386011
418253
1695506
2152564
4539942
4623201
4613401
2068558
1644716
4703795
8478988
7556269
9325365
1588135
8641689
214436
8563618
7269657
9301579
8463
3639021
6065537
6113530
4720617
7546112
8268487
408761
4502784
6377972
8124183
8717021
8735398
8531539
5531066
3828235
8948581
7782079
1583149
1223171
3433676
8748809
5916108
4627410
7620283
4485952
6097517
42491
9462985
6034155
2100795
7839495
544175
8161504
3029540
112621
1540553
5345974
4553397
1972092
3427832
1087599
8380653
742438
7674158
2736903
8957981
3199257
5309036
610913
4564314
10236753
7719926
9296353
9068157
7729775
8682738
3807092
7349457
143814
4634375
3177005
1900928
7776706
128834
67558
530271
3227673
8637983
4677304
1207489
3450115
8643637
475072
8943723
8638954
3070251
3252349
5348914
9297722
8635512
8842233
3069907
1654690
6119363
7422378
3117608
6051583
8858171
8684459
9780614
8838793
8098417
6045151
2895988
5299531
6309352
1031733
190404
6284694
4510726
6039474
9304109
8806106
3220427
1661447
4503404
1606947
107588
10274282
7785474
6101741
379836
7755215
2647190
9425259
10009135
4826563
12488724
5920912
2039924
5483099
3450853
7683400
576552
4509268
5917156
129312
3622669
1835847
4697893
8866257
3924182
8150480
8992225
2779282
4756856
7659958
2636685
5532926
9336313
1106264
2616903
139130
598636
1700619
2056390
1991948
7378708
9776795
1201057
7923777
3826783
8874993
4688852
1123965
8222
2061190
232590
7683111
4787956
2255979
2057177
8992764
1693399
10860157
2003915
6058661
650379
4560741
3390107
4645614
708719
5545339
6061845
3222890
3789099
8473910
1833560
510337
8994211
43687
2044405
3914340
5265056
3776762
7615458
2536436
7351600
1676986
9992000
4595774
338079
8714356
560759
3627811
621562
412061
8966015
458121
8080259
3885870
8629882
7402066
5997733
8684070
8852547
9324101
9306135
9000677
11121837
5915787
5651053
2032955
8730819
12524396
4574822
8964169
9381320
7536176
1496495
1560813
4994386
5326667
5590973
5351764
2754519
4828870
2122693
4515016
3792205
8806159
1666529
5347181
5293100
3098150
8277407
2003832
8990834
11968423
4504024
3090694
2580406
7417491
8613348
3807947
5209474
8964467
2730434
1872688
4768738
1592811
7768455
10227007
43380
9038398
8403800
8955940
1112989
1168518
3125299
8756880
9189262
9107714
1182714
3869416
9880244
230601
6082921
2737177
8727142
9838948
4508445
5878223
1830133
8477106
618520
4623389
7705556
4534391
3128416
1210150
4500928
8622705
3202117
2617329
11195657
597898
4706835
6895606
3517287
3182192
383404
1677824
150023
3353465
5364106
2751051
4592814
9517090
4602100
3084454
7556228
1300114
7852453
9213196
7386921
10609941
8633600
154542
8855919
8647184
4587167
4826951
8858805
9179124
1654062
3778480
8978539
7983765
8635369
2548526
8720579
9173920
8378757
1830079
1574698
1137242
9059678
7379096
6036511
8377332
389978
5494049
2988284
4564614
3784116
4619472
8995917
5216099
630068
13758859
1675259
1687695
4655773
3779433
1665290
7833330
6074328
9891083
2780362
1551401
2748268
2619628
8724942
8990543
4699181
8829599
4641116
5356014
3146976
4601112
1996708
4592410
1804890
12085616
8316378
5914248
9467279
8400498
8748822
8289758
6108882
1903032
3001745
1683037
7434034
686535
3878595
1970948
3264595
9028725
9463912
9298360
369778
467066
3134090
2056413
4917148
1584709
1988484
4484022
1442979
8757886
5915587
3356415
3042671
4636812
5367437
298842
5912969
1060556
1585606
3129075
8102373
8762696
1223052
5361323
5650982
4663700
8744351
8862112
8628711
5398704
89868
572252
109950
1593057
6019047
2073869
1650400
6151513
9035808
5069617
5539438
539409
6098604
1221223
4751491
1658318
4733384
1649024
4761234
1621746
3392952
276912
4535497
5914521
103307
8711999
4767653
6056538
509877
8720440
2058462
1584542
3043831
8486918
192751
2074256
1795179
4601928
8289694
3509932
8563308
9589564
6297789
8717413
1221600
153125
6041947
7560591
5751711
3388793
3777135
10208933
5043942
6024536
7628062
2037767
7380297
8413990
7723912
2152138
4697758
12777652
9397218
3486707
7677104
8814394
5366588
12335003
8100071
8679043
1989707
8565061
1109451
9116439
7557866
3485877
4493499
8634140
4747320
10119616
9865469
1115344
12738040
4535992
476186
7703470
8413693
1582186
12573653
651217
6173017
3392201
1546294
9002053
2646746
9469135
1816341
9758033
2225272
358964
1670456
6302851
2592724
3125516
3321381
8526591
7643459
3373877
8229208
3509134
8633627
2044413
2554759
8952536
3632872
545974
5775093
6067463
6072571
1820347
4650173
9018695
8957700
4657607
4510483
3625685
5343234
2008281
13809585
9321212
7741035
497947
9451378
8957253
5551117
11694246
2527601
9098588
7547830
9589174
2568181
8391984
3156431
1647713
11180798
231942
4638132
4635415
9418942
4676190
8667839
4497322
4742187
4856113
1989801
8868325
8871492
428498
3778137
1838114
613860
5374809
8659178
5511758
7426250
7403995
1547424
3867504
5573070
322785
10187120
3298343
6072151
174097
3506833
9372137
3242726
11028626
4685295
9002007
9602498
3123874
1139836
87605
147840
1850672
3460304
3177991
9378284
3915276
4635385
6016673
9427048
8646334
8758293
197301
8957328
8996210
8728102
8281722
7924381
12779329
9294480
9423019
2611694
1973312
8720945
11225096
2617787
1888802
8289974
2068716
8884297
4607900
2750473
1649338
3148685
6040826
5132538
4551329
7266884
5384368
8096651
5534272
4648278
8961262
9621811
4639659
4607889
5306930
7861098
4577807
3934349
3492752
7276070
8975958
7377888
7730047
98269
454735
167963
3058393
10232048
360431
3880537
11456946
5586440
1628793
632056
3038397
7925790
112605
226586
8760931
12800256
460854
2058479
6103394
6063867
2606330
7926607
8798068
9454696
467864
8639527
5521457
12317942
8636737
4568665
4513462
2550901
1689036
3189556
2750685
5857674
1566916
8952949
3886516
1434648
1999407
2088549
8852151
9397220
10865154
2818259
8818060
1992902
3144474
8750776
489658
8734612
8830006
5342086
396815
5445375
9582977
1874699
8641831
8685084
6103860
5495933
3874325
214010
8887087
209273
9181442
4567163
12772700
3252003
9895994
9019134
8756609
8997844
9516550
8997323
6018989
6069899
8099083
534776
4767109
6099564
3881622
3493427
8714266
1584069
11097564
6101226
1967537
2057356
4636745
6059857
2040909
3637956
1664177
5627455
3806665
8101899
8883923
246778
2055443
6037242
2646356
7373608
5327176
3125639
8718023
1593171
360315
7922597
4511794
9325507
8804185
8636672
9368688
4545909
7714321
8876571
8975348
6067630
4586048
9454301
6107256
7427405
107425
8478307
2746832
3520165
7633032
1587727
1903680
8842492
2613322
8821718
8657436
4589805
4500013
6113820
3787709
9372673
3374385
8630910
9842763
6174060
8951256
3088987
8842616
3518690
8417025
7686465
5873593
7610863
7926251
4570014
2051436
132051
602735
7696271
127371
1670223
2646511
530951
607996
9104232
7558741
3215157
4829760
672477
1904184
3797016
11383146
6299214
4567087
155147
5368883
5542478
5155670
367084
2568472
4550459
1748757
5509414
1749123
201313
3642891
7380612
6083744
2071317
2055179
3257823
8994354
8391041
4567104
2260271
8412037
1663851
2060933
4682164
3311651
9175495
5640289
8871000
3869806
8950827
12495253
3211705
6281984
5401600
8410069
4632763
8744498
3426514
4600281
3934136
8859467
1973832
8842696
8722145
7405964
3931667
2780772
9034786
5358752
3900505
2783561
3298429
8636492
3119048
3026632
8725466
633859
3870538
11011913
6089243
8811266
8956296
85301
5887231
7527748
9425006
4634216
8671095
2550931
1596157
9178778
8747543
10114096
3790764
8973118
2843057
3444802
2254341
2632719
7743476
2061520
9461494
5869485
3255199
5868257
4615895
7915417
5888850
9909969
4747978
5543145
3625089
9338257
1783075
8523364
1448617
2062674
426874
1605404
8417461
5680209
440695
15933
8477038
4505298
7389544
4624863
4726795
8872533
497699
8247664
8843538
8681387
1098952
1229361
1662946
4593391
3127178
3343670
9375675
4608390
1801458
3150162
8753010
2849755
3286434
1831768
8721919
4937057
9763299
3880138
6054098
4640896
4516129
3345779
10181425
9402466
3128069
4705684
3879144
7429240
7535294
9035164
414551
8868363
8851589
5569887
426332
8625802
1178103
4498221
7768913
7559981
7567370
188497
2378685
12342261
7656477
8832403
1976062
447689
2577443
2004153
111754
8965293
8962515
3304362
7643248
1992590
6070981
650562
5599268
7699217
102595
7786373
2633460
8991954
5187551
5579119
12768507
5580327
6065699
8561180
9293443
11191595
8966198
8528961
9325854
4510744
8533357
5350279
11098002
7557267
4514184
5323991
9400784
4506582
1995542
2892393
7723040
1834976
8391049
8471409
8529152
8965602
3874924
6091871
10562497
6042259
12351518
4913351
1611553
3495375
8415481
3788635
10223265
70843
6047130
7427400
11180140
601977
4623447
3853489
2817696
8721299
3439277
3634501
7407950
2076052
4767663
5311557
161759
9412496
7994504
4794045
9018580
8717124
7686950
8391955
6101692
11008255
8961982
1526344
2139145
4916907
5581172
76739
12488629
2003035
1624642
12321317
1501036
4504922
7627357
11595109
8749079
4517171
4535269
1722290
6065281
1236616
2135486
1580486
7377839
2594736
9292220
7721200
1988677
8742552
3578982
3508122
4770018
6097577
8635821
8713817
3639959
9188124
7637927
107038
8748756
8491963
10528688
3781511
4708041
4709152
5607237
3630172
8303549
4583291
9112925
12748597
12048217
651333
8630373
5446674
4726816
2644080
2141550
2543174
1691263
6289041
4501224
8866806
8633078
9774614
6589680
7679120
8993809
3205705
567945
1901771
10239128
4830405
3138444
7765707
2099015
3159023
5269339
1689372
3445270
8746704
5324527
1979801
3115363
4678097
5505490
2782086
1592402
3805415
3045828
4605307
9456638
8754356
1893271
2055922
7765695
7996783
7730692
4760973
184028
3382610
7423434
3124557
4582836
3129192
4506433
1222438
2723478
1690885
3188295
8726127
501034
9906020
4577965
7759027
1590625
7602746
8805142
1873035
4749950
7374974
8287831
4695933
7564613
1973006
2002582
10176127
101282
3199588
3852140
4522548
3460886
2535308
8724056
3351914
271893
8953326
8992289
3815799
9367626
2012888
2601338
3637357
8974221
3182957
5581183
12422816
736254
8752117
8642556
5289419
4768269
6309786
8410274
4701209
3246264
7444847
5157431
7734470
3250676
5297498
7376319
4509956
8059614
2606442
3870897
8715928
4483534
673183
1900015
6130943
4518949
1138254
1895777
7398276
6078230
3878993
539629
7708451
7554321
3475614
3240191
32740
11186470
4540116
4639028
9834587
8550869
9762631
8874219
2991430
551811
4478859
8830639
249628
9973075
1224935
8474758
7274654
5344786
8478650
1599034
1654153
7641530
409212
9405825
3203089
619230
8686603
4537407
8956857
5868772
7699303
8757277
8967889
3384403
8770150
8054929
8842977
7744177
7405122
12825501
9754531
7845902
9772940
6116291
4484607
9059905
8959613
3365179
5330780
4490907
1654677
6043263
5867894
5336415
2604933
1565559
8296386
8386853
4502792
3396692
1510726
3196848
7495101
4615741
6113491
1895978
1635499
4601144
9873073
3779737
1769501
2776312
3264915
1642857
4510668
1517118
5539669
8435726
4628830
4597846
7694625
1654486
7736318
3922649
2152475
4630256
4500950
1563983
6038609
9362994
543759
7746381
2541004
2582148
5238581
1702825
5252519
4587882
2614603
8874454
1229871
1994893
1690459
314477
5904369
6098809
1565337
1564581
4534061
8001443
8100314
8473276
2729958
9407147
5231630
12426089
9031757
684093
5545241
9001723
3792242
7622065
8872693
2079256
1989762
5503880
1893348
7649773
1839289
4775867
6159715
4999318
8727586
3509307
8395165
8743342
5276087
7572446
7680687
8630209
5585010
2042691
508839
6047826
11226061
8956706
611945
5873466
6078179
8962030
8958153
6050411
623686
488168
8644571
8958354
1883197
1768015
8786044
1746908
2645325
4605669
703459
2069967
6072400
5335164
1598208
8969439
7787456
3783592
8123366
7515769
9066628
9297991
8440325
2733423
5234671
3292218
7519220
4500832
8851836
472083
2833638
1972830
1582987
630453
3879177
231624
737948
6068502
4560433
9489513
5543834
4642114
2818273
9468411
1564605
8282320
1984833
2539178
1836498
9457397
10165100
6590161
9423648
6078571
229771
3866587
1172500
4697513
1570031
3260854
3356383
7650573
7626504
3320023
626991
9013962
2041136
4477509
7377378
5481063
3036502
1691034
4690470
6076088
5317969
2534763
7830614
4611612
7611186
1170229
8879939
8842844
9775840
4607162
11456475
7743810
9524461
8304959
4614418
4728988
4628518
3880254
8751312
11190495
1987102
11350758
5923816
4506721
1967525
1894342
1989924
1893918
7733942
5916720
3224075
4561617
5868696
2821431
4654886
11135302
7754882
1511150
8771348
2038544
8995545
9000592
8880980
8955557
5271798
9911841
8161863
1210901
5363828
4681264
1590786
8948820
8386834
314433
1649094
4760935
2732630
8392473
8477997
8739635
7627492
2032932
2580507
2774198
8638716
5546916
4826250
5630877
1752736
151405
10178141
4537038
630439
8825103
2109254
5494592
9352462
8809246
576302
8303238
11007832
4497261
8953392
3430692
3773870
1623287
12054890
345015
7756818
8956402
7995703
1595635
414059
3630289
463952
4638034
554149
3122466
6102571
7745713
9201865
5889099
7409611
1782950
3142259
9416749
12526915
5920120
3517664
9038838
4603307
9017509
5508299
4740907
2057087
6295758
1696076
3914724
6063280
7452169
5366442
1746882
1639553
8096240
6048407
6148479
1695953
8374247
4512332
5510801
370390
7735390
8389420
9779008
5511374
9450303
9126982
7701586
8955667
7458289
8636748
5871013
3636770
598177
4475713
2003685
2063501
3025306
1100770
12754294
3512228
1980433
9300113
9496666
4532579
4490911
7351199
218501
618507
596511
8867981
7407359
8893019
8970958
2139832
6069004
2116303
3505953
8872993
2549558
9342834
7741000
192205
3874290
4609628
4725058
2056252
4510431
1088396
5928889
8638711
3512505
1631515
2058295
1801957
4610955
3471463
6088953
3451802
2071460
9458395
1034043
3637696
1531472
4695018
5574622
4693129
8386648
4827662
1830223
3508329
3875400
9394842
7841455
5278319
712480
7561816
3915037
4497914
8413581
3039165
3621606
8686790
412482
6288389
1645250
8417287
1808295
2081602
5492836
1241765
8628081
7632801
5344976
8781977
3865636
3864698
4504838
3148065
8887979
4619845
4571306
1838188
4543936
7402636
3145348
1976325
5915348
8834996
1874951
11019655
9463055
1698563
4631384
1780268
3228774
8750563
4632130
5888873
7422072
2894174
12344432
321881
9470209
704802
8956288
3508503
3630668
11181935
10597745
8988916
584508
1590629
227183
1639702
4588474
542046
5861050
8471836
7429423
9969914
2783312
4576591
3297647
307491
1996910
1135300
160774
9109398
3126552
7406032
2073955
3788190
4624074
5531984
499158
7504918
8636020
6070230
4600463
6077319
2888912
9453806
9346127
1253147
1679280
2579825
1903739
7491361
1972964
600524
5559853
3069029
11157173
8954233
3381637
1524974
3079771
3286430
8077292
4620965
3232839
4822218
1158073
598707
5285523
6002614
2043238
5328298
3085685
6065811
8721817
7543786
7546969
1662561
8820279
2059633
2151696
1521113
4501847
173701
6304786
5357118
7306789
811360
5142019
9463793
5511202
8970000
3444477
1089257
486231
8391634
3881626
6589056
7301464
1895622
4581344
5340481
8941287
1685036
6107978
7338432
9512040
8743198
6043762
7551736
9003528
3917050
7395841
8957704
3627853
9363390
9420282
4536687
4789585
1993931
8350198
4631035
12781390
1842274
4601163
5326154
1602298
3921847
2580141
560900
3932445
10573211
523757
2063156
1895618
3289632
9498844
3496325
7408191
388348
3914993
8962944
2056634
9416048
4532596
4706382
661718
4584706
7786280
3438099
4482683
4491156
9303132
5458284
8633569
596142
4588677
5347274
9000773
8473789
8994029
1567437
535343
4793861
381374
4702751
7537889
4477967
1587490
3228074
2045280
8270892
4861302
5580536
2007859
8737722
8632012
4722886
8651564
3783867
3176074
4706668
9387228
1980023
8850555
13899403
9294345
8388141
1694410
3784784
6052217
429447
7552828
5570771
3461947
4605308
8822807
7690075
6119365
3581040
3133637
2749198
1843723
1693318
3875924
1527531
8749853
3077472
9382211
357343
2004517
4569905
3342823
1251030
3910405
1580252
3872163
7636201
8404040
8827165
584196
3871837
1576790
417880
3143651
3388596
12810635
8890551
1549737
5578859
5914288
1569331
8896354
232761
1656926
3772329
4703320
2032321
7837678
8953577
2810598
1649189
620672
3488635
4627655
593304
4739620
9886886
8390203
5300077
4636628
12491621
4593197
3785790
3933528
94876
6029880
7679574
5272745
9418239
5362631
11746200
2764002
4564427
9122328
1894130
252765
8721548
1899443
3176038
442196
301112
8684315
1699166
8679548
11000870
8528407
613591
1542499
8539259
7514778
5312212
8967970
5586303
3640373
5585255
6067665
4861974
805521
8866533
6110836
5783588
8722575
3440507
307393
3328458
1582539
6069043
5650543
9213123
7965346
5913633
2004352
2536270
5302262
9464796
7762143
3496242
1225220
8645280
5320108
5196471
7558784
8533870
7661013
4547839
546505
9491553
4607320
8282322
8390658
1272898
8634517
7836914
8730717
9481587
1831618
3299800
134388
3123440
8958539
69486
1884587
2634362
1656589
12376787
5258361
8636329
426872
6039636
3934635
6049955
3913135
8950709
3881252
1636205
7777995
1577815
1546010
3188794
1978218
8727778
3101914
8106642
8265067
1568011
654058
1526890
2637827
8720229
9303874
8401466
3340053
8956990
8374561
8957793
8437431
5580838
1694322
3311795
3462376
3302426
3141278
2060466
9535969
4518703
3623965
3223694
9068068
12574714
1905095
40522
3397549
4792918
3796589
7719935
2535601
3885934
7456364
12775045
4760399
7916823
595643
4612480
3200408
8101302
8867006
8739834
3431943
8684892
1661145
2051
4511001
195026
9109921
6059456
3352878
1568381
4565367
8390283
2495260
8072921
3781543
4525912
3791132
8751055
4609076
4645418
9491709
4477047
8944666
592504
3782450
2569794
8880398
8099454
1568301
3637249
5873929
5915634
360430
4506523
7406284
466033
3353681
10256988
3873088
5464141
7691230
1617137
11009980
2536859
2045703
5371648
1992130
1539215
3915891
1590147
9846157
9092143
1569305
12757450
8683795
8474727
7696461
9304549
1548646
4627477
4734351
6119871
3348948
3885867
8671539
4569401
2491895
5541279
8950221
1787179
3454603
1973426
1549179
11071064
3878917
625763
6080087
11015456
12443629
4700487
5495975
7681872
7417076
1899530
9940186
3151493
9516942
371952
3806882
8412333
4699063
5581320
1690455
508349
3504521
455146
4732914
5214386
8645505
1186255
2850169
4688633
2151759
4602258
1760629
2635991
8740466
3243888
8848526
6565519
7426983
7920058
7688469
808662
1590719
459596
6364955
8372113
8740022
4571571
7921071
8476275
10183294
4625229
9509889
6079478
3328485
608277
4911448
12487396
3128446
5374688
3865509
624968
6113138
6045290
4988966
4637900
7431018
9451810
3343400
536876
8404107
9340105
6025345
5036279
2781049
5532014
8265077
8535830
10193648
9350153
3135531
3880255
8632376
4516816
7615693
8636722
4585268
4919284
8747764
3448292
8896558
3242700
3226523
8087535
1581524
2058973
4541589
6304585
7745706
221327
3538128
1896210
8765247
6073733
6008639
24024
1983110
6105293
7917939
2620114
9777934
7511230
6108042
8645487
8888376
12756401
9470740
10865078
4500752
7404352
1983522
8681613
8834879
9299441
3373596
3874345
5871605
2785183
10864030
386191
4525317
12349651
11134681
7744832
2576087
5491847
8958094
583298
8873534
5302483
7505306
2643194
1510335
1747635
3778464
1898853
1823750
4500438
2586420
3625795
6374417
12291
1837972
3778810
7417299
2538877
40527
2613945
3617529
1456608
5317666
8734326
4479504
8872634
7823816
6117441
5309866
1650772
1683867
8870097
7387735
8416578
4532732
3478419
8745206
109623
1836937
8105216
8957254
8104357
2058213
9033158
1148126
8875063
5290692
4606572
1994846
1695592
11091672
3774193
3487824
11205545
228213
7628083
1650267
5756998
8975073
3119720
3425839
9303601
13758522
5880502
4488883
4539248
1524751
4502013
8539927
8803902
3498006
13868753
1516157
8638051
5239220
8717944
2733077
5623541
1572853
3876924
212139
1132930
20134
1696622
227247
8953091
449161
5342754
4516184
3111740
4501907
206706
8867029
5330267
7943131
8738155
8484560
4658389
8634851
7923756
8653839
8627942
2062636
11024710
8645987
3328862
4553353
3218192
8881421
89683
2607200
7383947
6150047
8957742
1987540
6065712
3870066
1602388
8752904
7392854
7576322
8645777
1570525
3643935
1601027
4532584
7528475
8551358
3881548
488381
1810147
421470
8742890
1702256
3521713
10961141
4564250
9456707
7429717
1997234
8684168
6299896
4636190
1232932
4820768
1664312
6059370
9887344
3917336
4635628
8104584
3350418
4624350
8685704
144124
11077674
5524526
8957653
6070301
7668516
4757087
4763940
9106645
8153465
4507564
12443935
8645092
1662631
4639527
4651323
331115
8148794
8959411
7376301
3878816
1969405
8958002
2066184
804992
5595781
1657283
7704117
13485754
7546127
3388365
5426447
1648397
1546159
343739
4480084
103203
337914
9973948
1834358
12738948
4484932
8730142
2773591
3065287
9463067
4541077
8891215
10209339
1678779
3130372
4686919
1113665
3471988
8635108
5349953
8968448
5896878
650807
8748839
7723746
7424835
5030158
9817133
8833999
8281880
6063028
618185
8104576
554376
5328837
8506543
322282
1895793
1074386
2523383
1574624
9587686
4570264
430690
4999631
1102296
9355024
6049960
3924864
8992063
3934703
5676892
8520104
4623511
5466950
8410917
2037555
4920543
1796500
8805145
4545568
1992157
3294670
4583117
9799817
9429620
8404259
8107543
1992938
12622889
8869380
8683949
4596313
4584375
2775591
7759627
7665502
3447697
3510813
1833392
196488
351739
144255
4676593
8642707
6272500
6059659
2081598
361025
1666994
1836027
1256604
1526970
2041559
95613
8866620
2616715
3262890
4565231
4831437
1603018
6295037
8910885
1241365
8095726
3508359
9304309
4506689
4503059
1906235
1473162
642789
5168483
1672628
1607108
1832230
7603047
6005874
6071015
11181918
3125286
7617583
9411528
3128216
544070
11158237
3088383
3870151
7401229
3380311
1669116
1598199
539792
8686994
704252
211983
5506973
2075297
4481449
3140141
1468391
9523520
9299387
441950
8377230
5182535
4544874
4578769
11018848
202201
5362587
9799687
3854595
1700350
3246904
9586448
8796450
4515130
4594768
5348505
8750363
6109954
706519
525541
7741269
8996951
1647776
7613764
11015480
7922815
7663493
7744453
3143384
4605710
4720251
4600520
2630101
9196065
3131798
7923540
7535836
6032313
3310340
11745816
3459435
531947
8532791
6305143
2644840
4740142
4568672
4532846
1647070
3784980
4507942
1983646
8522255
8415991
3250697
650482
625483
2716741
5222451
1597427
1208880
4496161
4786720
2595037
5915256
8266823
4571208
580127
1606558
51395
706313
4497745
594288
8827183
218249
12726625
5545572
9617877
484046
12296651
1585601
828712
3875914
2591773
8948373
563301
3234118
6070708
1726789
558936
1100170
5316758
12498468
6365103
3504695
9466276
2533185
5363296
1545210
6050114
5655511
9881167
2751234
1967207
1893736
4586517
7730420
4700817
8545920
7720676
339058
3128697
8100181
8469261
3395032
6070048
6148614
8718720
2989597
1426736
147835
8957872
11176996
1909025
4507081
7550535
4496570
1895579
3375818
9210556
5864845
1300603
8845704
8975753
1974855
8993654
8647918
3462935
383556
4497498
4937438
9586440
12733144
7754873
2538471
4659280
250317
10229496
9427509
3509690
823425
8987214
4506046
9072989
8992768
192586
2732592
1664470
77541
544868
8791329
3222751
2079103
344527
8991473
1681338
8677088
8958063
452957
13376817
7942410
3800419
2643763
2044498
9339496
1588837
3225290
4755330
5156042
11082936
1529947
3881102
1137441
8417394
4633966
2642855
8843430
1977185
1614301
10958460
609950
3934675
3197482
8640186
6115530
1593307
3796527
8548193
9373748
8971636
7687757
4698352
7837684
8629643
373013
2005189
4511980
1187727
3252030
533764
1123102
3136772
1594554
1992927
5923032
1603893
474110
3870069
452098
5436709
44031
2045044
1524370
4700844
1870642
1647569
1217638
8757183
13381507
2152300
1120150
4478862
365225
8958068
9001100
1894695
373029
5329339
4591289
1893645
5245426
8581285
5507494
1210879
9301641
1106920
87654
6305441
2644366
70886
32855
8957699
1996828
1225608
580066
9892956
5448819
6097359
9035256
8850478
4719212
8632804
8957138
3144649
525009
8714455
12113895
545510
3791682
205546
8053101
2536267
8745281
3778492
4615548
3170624
2041260
8947883
6041158
8418233
2508602
4577307
7641051
8738771
3778414
7422190
8160536
4603426
8758736
9590819
2852155
11107365
9043793
3324523
5915022
1649056
8391627
7271041
8438543
1702614
8991175
3251581
280699
1675998
6109187
3227049
1570376
12745799
8852595
8748263
8639489
1683408
1967247
4585716
12426602
8743047
1969048
10855232
8100301
10187460
516868
1582649
1642251
6074105
607447
12422529
10215584
305566
5356578
2594388
3039857
5307290
5573677
2638086
738076
8735075
342011
5276568
5364839
2009758
8954908
8079523
40686
5335335
1708880
4593327
1896362
2234637
8801441
1530772
5536782
8864909
366708
5355929
9033962
7552452
240147
8077140
4496850
8642590
12615003
1656967
10598116
7995064
7922604
8860158
623298
1605037
8615230
8992434
3127906
355243
3058971
7733344
5269346
2572725
734023
9826878
1654129
2081935
8752542
5067144
7452645
8632424
8872552
4725739
8957593
1606259
1587579
9853914
11013072
4597119
2570544
1891569
11176314
517502
8530736
12300292
9463073
3451225
610337
2140939
4555231
7407551
9417660
6053734
3307122
8375444
4608817
4476546
6041866
6044951
3132704
1072665
1034855
8632261
4511209
4747876
3775599
8829367
4587396
628486
2008553
4596827
8475835
3325602
442220
4489480
3322385
3851161
11001706
9297709
1181333
12443845
10201044
5533490
7728625
3388979
8751787
403653
1805180
1833277
805930
7297881
8955761
7443831
6060437
8800967
1606880
5506991
8101731
4572931
4502291
8644316
93581
2613035
625817
9486366
1703162
13129599
4584587
9091421
3779484
7419624
8830971
9000707
2002921
1469118
8645828
8749903
1806847
5389894
2539619
1691986
8728146
385330
4749202
8059818
4675705
8909376
8434188
11016825
4610173
5347115
8745617
1642531
1138492
4825301
2989380
623294
86723
8954895
11137077
5588974
6054752
4917733
1984013
6069247
530115
11018964
404801
1894276
3461073
3877607
3786727
9020657
1113961
8523231
2143809
7310018
9466753
3259228
9420391
3127080
9846914
12489820
4530854
7630592
4474652
522376
3350045
5588009
6100891
13898945
107469
12452541
5240527
1226365
9110543
8958114
404276
1650976
323683
1527210
4860016
738351
6114188
4508044
5388609
8474251
1985882
4581919
8740450
1979156
3013852
8628639
4581947
193693
5334570
8992723
6296647
7348989
3324743
2893306
5313482
3390799
344621
9058392
2734251
605773
371148
530136
5544552
5392943
4507243
8748907
1899442
5916972
1572901
3311309
6062053
507417
8647539
1522256
6039902
4558842
10802070
3493245
7919934
2644036
4612806
454413
12751283
1747207
4519592
816068
1220426
7426442
7622345
5581888
828324
4696127
9422764
8404042
2048987
4504686
6050302
9070451
7537244
3780635
2005760
4596989
3390967
284248
2697080
3879757
369099
12495250
12420277
9842410
7924658
1977039
9302061
34445
5438140
2554754
2633788
588999
7630157
4637216
2617980
8676957
1663409
5287140
1677410
1605967
5461766
8999573
3388299
3356165
3918817
8875604
2616452
8755177
4749958
1831835
11019781
1714207
4584970
4510841
1897652
8399769
5925655
4611628
3782614
3779037
8778535
4611134
2537403
8644806
8861811
9062710
1689308
207048
6286164
6306865
811833
4725194
7786081
11209471
1677867
5644171
4781871
13802562
2613681
1795742
2783974
5915356
8957904
5522609
7619714
12454351
1973266
7612095
7921729
8791984
7404002
12576422
8751528
115622
1995350
201672
9300911
5404194
4824075
3519213
324598
8975025
2833349
341661
4557812
3442335
396814
4767036
7925331
7692207
8630423
7638690
8827009
7993462
345036
1764262
3137433
8685591
4569675
28841
5313323
8738839
4929077
1894675
8957257
1590999
9489791
5904840
8629277
3873164
1901426
4476182
3379689
9018729
11183082
8683123
4483986
4720648
2545955
542684
3058082
1102871
1668425
9105621
4620983
8956895
1588720
7995295
8666563
8883715
4607887
9292943
1762924
5865202
8639269
8888803
8879179
4582143
9432231
8683946
3772988
2522189
8388083
6062132
3333864
9294668
3206242
1451625
1136032
5333844
8477035
8957220
6088893
8388714
4507413
8752141
4785833
9160195
2786026
3255925
9494434
6045084
1830369
3148274
2727180
562833
5501194
10189947
1615491
5461504
5158208
2003718
8125480
7515227
2153891
8875608
4575183
1540057
4642004
9422326
4529378
5543392
8565990
2989317
5905429
3915903
5335520
8160381
3149553
1653060
2497865
7396951
5066690
560239
10188577
7516741
7719557
6111536
306663
2052328
9301377
2153245
9494589
1891720
4704213
1217706
12713736
5336361
7843485
9427657
4534589
4764394
3471039
3640924
8957397
4722949
1666144
3812174
8472549
4533766
3352136
4711559
7612400
3212707
4680470
9217044
8422417
8107106
3796224
8753195
4620305
7457551
4736841
9063787
9223845
1835263
272130
12799312
2495118
8796110
4701808
7453785
2613467
3793798
9034789
4573188
4606922
127639
3229421
182009
8720646
9104204
8958001
3853085
8960350
8396402
9084234
505669
7406199
5261560
823080
1679282
6303771
8965040
2224343
1600120
1261257
8659664
3383765
12432140
8630443
3127237
7380614
3204945
7701831
12299607
803496
10194418
3176216
3622908
1680199
80981
122341
12755532
3628775
3386087
548985
638626
5898784
2572396
1577803
272585
3158650
557404
9375624
3171090
7938624
529472
379795
3624046
5873121
2062880
2144299
3933593
3118432
9296919
2032125
9060410
454792
7619701
8553241
2629812
8292993
8743543
6084200
7760031
4920640
1090433
1126721
2600202
9303990
9064579
8682774
435427
4593366
3806111
349976
8073815
3780994
8745415
5283020
12623138
8626510
4519288
7422674
536275
343307
1211200
1457729
1801086
8732637
4573668
4591411
3096538
1901571
7823907
6060128
4636653
8637438
3435589
622609
5914033
8856279
2048334
4745837
10214268
8735421
9466319
510383
686794
12798799
8405488
4706103
1681601
6063383
7581502
10878150
10186237
9294777
392721
4703680
2738257
3785450
11098661
5236639
1896527
385457
3871753
4747723
9416275
3782636
1872533
9001291
8391807
3353321
1684245
8737540
11191237
1630423
8970644
539617
527424
1088017
6296759
3779192
11748493
3181596
4594605
7662882
2059092
4699075
1996129
1993121
9598084
5270909
9823096
1569063
8096720
1748919
7412861
3856086
12189301
7529859
3817979
3807466
13389595
1526703
600521
151945
9002190
3505797
8749601
5362739
7648423
3806694
4511903
1520587
686252
4636496
4832905
7703054
805672
7386283
6071398
11185649
2146518
528292
8634151
4490152
9305590
8755081
6288767
12514185
2644174
1975805
8742474
9215550
8873357
9015869
8976524
5335172
3501884
9017175
3855047
9059783
444123
4769303
2778215
3886236
3876541
9535029
24218
5183875
3791672
4694537
467069
4624929
8993676
8722316
2524324
8802326
1902762
7385649
2778776
4657433
5915175
396859
8872748
4630734
5914401
8824502
193125
521708
4706595
1116025
1138959
1903175
1230656
9471465
5544658
9908415
8992292
12497790
1983598
7389212
3392073
1673320
260274
3308387
3224155
9053413
3141594
7623780
2738661
5285393
2946410
4631903
9298789
5581584
1541586
2145588
8872472
4563568
1250621
8996721
4763746
1990006
4486715
2780707
3924113
8834127
9293308
227973
3112051
3816187
2578453
4770882
9594277
3341443
3639255
4506971
2748450
3470949
8758129
225170
9174040
2811224
24064
1527726
8658509
8954841
3307259
3373426
10152001
2042660
7700784
3221479
4690542
6098305
1885308
3494226
2055141
8818708
4641218
507962
4512012
12485964
6068558
5258709
6065212
2733616
12493870
8370936
4792245
1631408
3117649
1993830
1985252
5233154
2895322
3426276
5903905
4658106
3201882
3375467
163736
8958551
2008333
4521685
1252765
12810560
8954991
3119889
3209083
8999405
9059296
2641571
3367033
4534016
1996503
7403359
8477707
535661
9764653
8997282
8413957
6110890
4909263
1904397
65124
3877161
375650
9116134
8921255
1612832
8644058
8966846
9451922
1816895
4561687
6074790
340992
4485071
1653144
501853
5551349
157924
4625751
1569110
3781118
12780856
533960
7374514
2152247
8751468
2643453
8909110
1885825
8943157
9862823
5362249
6112519
1565504
1596197
6059705
7661238
8884453
9104631
9419825
3349019
6081667
3486124
13809556
5208556
611221
5105058
5915239
8742275
12760087
8755968
1835455
244879
4592213
2618513
4605380
8822823
4751141
3132395
505699
12622471
3241080
7624507
8648366
8957960
1374422
6110196
9060573
8649956
4685130
2780729
4533727
8630051
5150615
8751037
8995595
10197605
4588291
9471822
3881652
8845600
9299779
8990317
13868746
9891227
507876
7821533
8235901
7680104
8764824
11026507
5920044
8377292
1563101
1976483
4631275
9029928
5384868
289838
1589787
3345444
8646984
2057468
2011534
8382780
8523908
8877608
7490955
4610081
2536678
6062480
1904321
3336315
2237693
8153351
147136
8957261
442093
8885707
8976011
8375894
7734899
3178216
742342
9000364
5154975
10183507
12095589
214495
1046501
3925591
9770220
3143579
9467962
3138375
2719137
3880661
9002216
9417279
10186013
4584586
1980493
370140
8749007
484600
1600873
8967686
3798749
517820
1586049
607693
432388
6047803
3807207
2494908
2523123
1646705
3384003
5578518
8075634
97499
1897698
7709082
3347476
1834702
8410580
9014874
630429
4574356
1106821
3140977
2497870
3479970
3926588
4507635
450908
3148054
730820
8639184
2730105
9196669
4534270
8725094
292169
7383920
5352901
9296602
2050484
2070533
1524888
9115237
5533147
78894
4502319
5873117
6106254
7624209
5197213
5481171
3619596
655158
134995
3803534
8284326
825353
1669224
3024764
564429
4831223
4523247
1835487
5298305
5903191
3883875
5660434
3140884
5583980
3228036
7521812
2616219
7618002
4522523
3134238
3924261
7839191
11016417
3508806
9461871
2537232
8637443
8390734
4593728
6081692
336655
1680142
8749935
8879030
3257807
2483637
5201650
3578649
1983972
10597171
4832254
629477
8835412
7832009
7410731
12097352
8714302
8866230
7925846
2044392
2893474
193922
8825162
1897367
3770453
313711
186085
7701794
1574590
3781700
497288
392053
9811224
8080896
3626752
2058884
2568199
3624718
459761
4760757
1900903
4490939
1099723
8714642
5208758
8862222
8404825
1666940
8404848
1562472
8410151
5344163
1085642
5328019
1664201
4535967
6065602
8811929
8682263
11535716
6295582
5256435
5347577
91186
2485605
5873683
7700195
4680727
6046090
7303376
1592793
1889622
7405594
3783335
2991308
147654
91766
11010293
3623942
8721507
1656161
9451210
8600502
6046296
2608177
4664332
8854339
5241796
4501198
2780730
3153809
1491684
8950320
12493317
7635064
4859796
1648922
8975508
5869990
7994579
7517584
5864576
4525709
2987007
4616552
9116761
2527941
12439256
1649942
1094804
4532582
2747725
11156837
525062
312949
1526356
5519678
9363368
2082784
3874277
1896620
3488848
3519417
8643436
4792611
9002732
4710385
7734780
2729062
4658890
4674760
4514800
7554687
1571393
146409
9343137
7493200
7785934
7724561
4480031
1635518
2575844
7635513
65808
7551192
8646937
10184901
5406654
9175452
5344690
8377313
8413188
7744488
383932
7425302
5481900
3882246
1471868
14893
4750618
3776509
1676423
5534703
9294381
2004621
8550859
8838974
7378450
8082634
7773137
8743546
5577352
1609018
9464159
8805518
5354762
8645044
1971834
7922856
7307899
4599825
11210097
2538451
8063017
5915779
8083842
4608108
9450143
2082214
1209668
11095120
1740214
203518
6068250
8291654
582160
7544975
3781898
9893404
5570837
9517892
3915003
3771952
8865687
8281856
8967121
500984
9888300
585997
285178
8896205
2750012
1989035
4919464
8731168
3789562
3923324
5873193
1899704
2263432
2537590
7445131
11153128
6589047
7642968
8909029
13836816
699711
1213977
3175873
9040555
9826282
8951542
533469
4919100
4757074
9293679
2546529
202919
9306930
1992375
1680395
9086969
2038139
6039758
33679
8957595
5326684
4560424
6067292
5239997
8626896
4651013
3929097
8958163
3881766
7544186
828141
7839109
4728004
3348031
543851
8956284
4606942
9582047
2073658
2537168
3186398
6303662
7689438
6070159
8859829
7396834
8101000
3263082
3518782
3920999
565148
6306661
5936702
8662830
9291939
6105567
8684710
8269072
11142720
8948656
493676
5915259
6082566
1525240
1589429
11225093
1908957
151981
1541622
4539047
3792635
8880516
3807868
728020
6018653
3187873
1199220
9028864
6075638
4535203
596594
11154703
5854825
8877863
8750568
8377234
4789586
5328154
3629474
2148741
4627331
8998380
4584829
5313404
4612613
8735564
2245889
6107612
8949149
8293255
1217741
4659101
7687959
9385074
4581723
4506244
3357547
1612966
8648521
3126226
8058718
10156244
8627069
4538278
7992033
9469436
8813515
6045152
8757615
3500016
4535840
1526630
1517622
8744510
1974723
3493921
4518274
12494747
2073410
4595397
5915001
9814755
4767810
1581415
4984842
10997492
1218771
3148388
364024
9100019
1126833
4747046
1980356
3933844
7793281
8881425
1607086
8975428
3853807
4530448
1131276
9372394
7406001
196640
6085271
8871740
8735287
9887875
4680695
24652
3627269
9058533
5914550
1568890
1983761
5918901
2057212
1596599
2744110
8737568
2750727
9406131
11097200
2736668
3098380
4480301
8609689
9001998
3236585
8411376
9125523
5290135
3498788
8864590
1984781
4513066
372934
4659586
8879415
1695682
6294436
7425647
4699592
7732601
10201089
8754077
1957198
8988266
4513995
3804396
8846882
4746464
9004423
8410304
3165368
3472803
1684177
8648531
6115564
1098139
106610
8732372
3623504
7924755
1138747
222537
5862381
3139311
497927
5617264
12623139
11015424
230501
7723937
2043101
7389190
5898726
8950829
152216
1628297
8876356
6071589
4615308
4539551
4733964
9100861
825040
6147024
4830857
1621544
7697551
3089256
8751107
8977086
11073172
6100375
4795911
9464060
6064814
245982
4732387
8868970
11007249
8236441
12409751
7546160
8834799
5434903
8391968
3194995
8682051
3500863
1251804
5478559
7700528
11001020
1994854
6091671
8375828
4689045
1678059
525962
3125502
4600393
1094381
3195707
8639468
11065397
3355836
3426303
2781173
9301992
6039889
4625717
1218566
3136742
806367
8683999
8751047
792931
2059566
9321460
1582207
8944747
8792516
5559880
4505370
7599937
2221720
7467175
8965302
1643606
7434223
7387997
9105572
3028423
436889
5512976
326776
3870425
1589449
580606
8377263
3775267
8965218
601280
9448750
1094231
333054
8304288
1592425
3634722
4587992
5583684
2041148
1592824
69149
3189438
1226549
5391332
9292104
8393247
4693095
4542894
1541425
1171552
8751884
9416625
4523894
9913878
3874868
8749015
8750782
118393
5512565
8716646
7378998
367585
5237675
3778902
8643043
251845
495087
3218912
138257
309484
2048252
1591114
7736229
9461250
7468033
6106434
331599
11011895
7765633
4777496
3629937
2895350
493213
3878208
6068546
8835693
6112544
3245000
278706
8751763
5355285
5447875
2644317
14765
2485430
12827747
6011995
306806
4660079
1472431
9899902
8880871
9421548
4645984
4825363
4647773
3505824
8978568
1763410
5345693
8629160
4614043
6104653
12491209
9211921
9424600
6178530
4488606
8105906
8876711
8869772
827286
1213072
12756377
1546582
400725
194986
2755500
739153
3083510
459154
7549978
8745414
2260743
3926928
1905833
8631238
2742971
8010496
8390341
7404429
1250112
2552006
8107200
4731799
3504126
8412602
4688845
5519518
4588952
4524959
3793331
4628481
3449881
183367
2738941
11214449
7547789
1116639
1678940
4824860
8747400
8563967
203287
7923227
8977489
7545448
5584204
7625930
8389787
3886443
5370113
9033012
7922051
3128438
9451641
1590355
3223102
4550980
7394046
3026424
8285686
7934936
106471
4541557
9381073
4549421
8669951
5355113
5861117
8737492
1519550
2500492
7691024
1635730
5182136
3623101
4794042
8413848
4534883
5325342
110076
3777621
10189031
1095716
9902140
8951107
7754706
2247328
3350436
8867541
8907525
8880907
8282115
324508
2728235
4647303
4504415
5922581
2895301
3484536
2147971
2543812
8542750
2851495
2058327
8999192
5932177
8074346
9369610
107139
9001484
7755472
9113049
3913032
9453794
11024517
4569173
4480260
380064
5919380
5557314
10122656
3926431
2530800
12518280
5906773
3806757
1239581
8656866
271985
4477909
7775609
433302
4613109
7802465
2044815
2086813
2614108
8973811
8718028
1981048
10186976
733074
2536422
3132671
9124
8953896
2153424
3045994
1663560
6089137
378222
406884
6066173
4558547
8336202
8730154
6289718
7769213
1119366
12725228
2536443
10185323
1582206
9298855
5617174
1894236
8949732
5914565
9892651
8868184
3866930
8959519
9504116
2048404
3132391
2235714
8854290
8833241
8325875
8324143
525376
3788032
5329014
8745408
1676989
6063815
5151191
644019
4937915
4576300
4633045
6048644
8996553
1584559
1463331
9062608
9038044
4508899
3470050
9477778
9351696
3025607
5914262
14764
7599911
4619293
7734173
8261496
3133133
8964709
3509899
529247
805534
8977283
5365000
8863053
7292980
5311060
4769891
212864
9106749
7692614
1571930
566810
8639506
4920641
6106753
8626860
9774026
4649316
12520657
195731
3879653
1124891
205818
1467247
8627994
3459405
4592979
8149914
2074514
7652428
6149815
707229
742439
5351141
291127
8747305
9404441
12736168
4620661
5195687
7702069
4635630
1591885
6065673
725834
140751
741330
3425706
8908739
12453866
8560664
8957368
3378756
601832
6959939
5564261
2539629
3926309
1694486
5341293
8099158
7745386
8755796
8718931
197774
8859307
7437589
3514830
3622354
4500757
8979678
3573611
5869786
1121163
3125347
3257574
8477358
7745604
3845057
7632805
3626429
8957701
12611682
5912642
7645942
8483
6097810
8735128
7708473
3780178
7551091
1787928
6306518
5390057
1833546
7726177
9465363
9368355
3877412
4646139
9366792
8837684
12723310
464071
5887220
8209257
2152708
9596411
3476730
1676401
8854486
4637839
3146707
1111718
2550948
8718342
2609646
8686502
8956119
7653055
2073529
4704298
140253
5498300
1644231
8743312
3038813
1650542
3136225
2563279
2647587
3886868
6070669
8652250
1448117
3629148
1989661
8630968
9958793
9170659
8662495
454178
7535840
1999578
3495078
7834676
4689818
2834308
85333
501394
4604948
3439568
7662838
1836126
4613550
6010896
7429004
7692124
4627176
8539898
5869652
3641223
6308526
7258177
1578437
193204
6071253
178659
37507
112171
5521862
7349417
7391153
8805186
3931709
1579937
3375457
5346411
2003226
5913801
1578619
3107536
602536
1644262
8957250
1673832
4683804
8743080
8566945
8792061
5357923
1447162
5331919
6035781
1562244
140951
2352
1567750
8486800
3576574
5430594
7690337
7426273
8075858
1986226
6079366
4861294
7773639
8749818
8742972
7657517
10204626
2055360
3788231
9591409
2598193
8095783
2619025
7653713
4503125
8965862
1973420
2593070
3022888
8076881
3048254
7741450
1605592
7294412
1639791
90895
3126444
8725601
6109157
4645142
8635844
3778580
5906200
2000747
1584040
7549603
3639531
8867707
1649524
4592318
555789
4595338
3934586
9299377
1993030
6011101
4704253
5342071
9065222
9586692
4680911
9781744
4697987
5519077
5339615
10848888
1888958
8325076
8759238
9000297
7699012
15185
5293747
1098806
4620638
11011091
4570919
4667906
453136
8068684
7732673
3139529
2758519
7640929
1871661
1593295
8869960
6060037
8620697
8649857
4602865
9514571
8827593
5316586
110734
1244261
6065362
8996717
10231181
5653532
3224525
3509749
8951006
8409570
614425
8523210
4519307
1656632
9889466
629481
8267938
2497875
3118117
9101679
4506926
239313
263658
372016
4513239
3160015
3148342
3344051
9755
3216708
7436577
2043943
2569922
1907229
1594233
12087349
9403426
2894744
2075412
4504440
1543406
2782890
6149191
3388371
2142203
12294590
4554215
7701821
8957830
9403274
1135120
3228156
7547755
8379969
1909652
259413
3782449
2611011
8996627
7389807
3458488
9111574
1991414
7788456
3781439
3435712
5915038
7664235
4779206
4823381
607374
6077768
5915150
4572290
4480939
1681309
8994993
452716
5364949
5042928
399607
2531207
3184707
7514557
8721388
8146890
9107882
3640092
8219429
603352
4534241
4537340
1561964
11122570
376541
8967922
3145802
7624183
3784617
1567751
451506
8944095
2727133
3125448
5584655
2739042
7624111
3634138
4637414
4692301
8303811
7699807
10256538
5059550
7404010
8957761
78337
8649942
8001820
8630881
2805215
237543
9001219
3388291
4732902
8741373
617710
10237709
3082331
3260071
8758675
4980044
5467725
8386830
8875504
193896
4546478
615449
8743421
8739573
1581123
8757246
4791398
1643745
459819
4621965
6038817
2538893
3805584
1097103
89628
3776796
6179087
4503660
3131700
9623747
7422376
8965377
708575
1240367
6079588
4862146
8412525
9506790
1690041
3876687
8649941
4596657
8942192
8746734
3639465
3374912
1644610
5507173
4696900
802764
7994587
7922817
3345164
2979548
515723
9055927
8412695
8962468
7648481
1841415
2577088
321067
9299440
1958871
4762495
216400
6065753
3521200
9066806
7700646
8123365
8063428
4828640
8749291
463783
8955052
8721607
2009105
3632691
3887119
8102996
3496642
2538552
522110
1634604
4602322
3143539
6068131
1584422
1631720
4477463
5260750
3252716
4578326
3041899
9780513
4511684
445022
9195643
8872855
2001892
9049086
4604820
7591918
5860797
3170753
4553139
3126167
2239554
448800
3803580
5370023
5383888
385350
3772872
7919618
2048920
608331
1647680
44710
7984190
2033340
2632127
3781563
9776719
8953262
5374225
1653282
2223263
4698436
3225571
5532289
8711234
7621663
809056
3366679
6113545
8473976
4792849
179495
5362600
369706
1997881
8771422
8637510
3624879
8714943
11513988
12802810
3873369
3291004
375815
587209
6068449
3026279
3871929
3223735
2498253
3389870
4498276
7662610
3492511
6067224
8782661
5867680
9176621
3470163
6295964
2489645
126728
8267625
6030118
7701763
4546952
8832754
420192
2087190
4479050
6081256
4694764
11457354
8222660
1137662
5761097
4668141
12737411
3208409
4617306
4543904
286252
8850966
3124022
4683603
1115590
2262119
8112321
1902309
7491099
2527684
8734893
8735462
8740165
2780771
1982157
8565198
5355361
7573389
5668413
4621170
4530893
1721255
5220293
4613186
1640734
5916671
8862867
1538380
499992
1675399
441378
1974138
7542424
1568910
825375
5198164
4506520
3130870
7603451
1595295
12586372
303174
7409869
7612606
7994766
3183639
9522419
8952779
1894898
2763460
206689
9045132
1983669
7692772
4593372
1643033
380995
5917606
5315173
8998654
45732
3039671
5912978
9781245
8385330
5510464
5353030
704362
8470167
1799459
9473145
1614342
4488612
2735405
3881256
8563512
8957906
6040637
3450839
6955001
184029
2750665
5393452
3078344
8761249
4568740
6098497
3302608
4661763
6005892
7351387
1432603
9173921
4631747
1846456
8640090
1601189
564327
1883795
1257481
3623547
6588055
7407636
99029
9174981
3202694
3778858
3775957
8409446
7393990
3337757
2073141
551007
9989916
9469026
10853906
547913
8639284
5873103
5051426
8955000
8758623
7776335
9978845
217140
6096110
8632767
4600307
4626173
3518715
5529043
9892533
8731803
4605026
8748580
3782880
2065447
8427908
9587431
8643771
2612913
6109782
1086468
4916618
8812068
3634443
5304590
7627741
3073439
2563
4580582
2567685
8841290
3542038
3139378
1905236
1592035
7623781
8410620
7710887
8676333
1591103
6285273
8739624
1232732
1619205
9393328
8855288
4568717
2526944
3871412
2041791
6033396
9001781
653033
5187051
627730
3776033
508329
11019738
4766447
3391690
1614841
6053217
5551606
4663653
4833597
1122225
1583001
5535041
8076836
1617920
2739474
2776253
1679021
8877430
9451903
11134566
6069032
8749670
1604837
532825
2041399
9876356
7351258
4617039
8978618
4611360
103997
1585807
1592389
10282241
2737675
450406
12617674
9295337
5549656
8870637
4684136
2763513
8388193
214519
7781586
1118002
6869877
9217297
9886747
4833832
3215076
3870393
2890068
12093352
3145534
6143525
1905792
3216799
6067908
2075809
5888359
3385284
2152405
8407343
528299
1568921
1978592
6105328
8388876
7659353
1792009
459426
8758938
3445420
144768
651741
8682530
3795885
2075548
8286934
2894914
8677417
1804962
9301020
6289815
1893574
4610320
4691196
5100043
5370474
199380
9182157
3351611
702502
1565850
5311044
8276008
3881723
4664944
5241864
3436352
7837492
3039000
9858351
4674743
5758163
532072
8384445
490814
9510422
8738295
12756505
4505529
8632525
3232530
4504608
3323424
1822130
5369746
6098732
5594256
3189539
1083402
3791112
4670385
9450439
1758558
9064405
9752346
9255318
1709984
332304
8626728
8836657
3391926
1586951
8720879
3577776
4536569
3323713
215980
10194892
7918014
3788748
1677714
4505682
5546246
5923337
6111464
4551120
1034164
8549433
4543222
6589858
2152119
1561552
9212147
9415410
4747996
2354
7657144
7393712
95631
3116337
6061011
3500482
4598760
80712
8214200
546022
9420299
1229092
8990319
9292570
9018703
8861227
12344276
12112955
474676
4496717
11706864
2257593
3177578
8851314
1724983
8969321
8539887
3051245
8748034
11749127
1690675
8885808
8285991
7641192
2576636
1672603
3250472
704813
9974376
9300486
7919625
228507
9000794
5896948
8838409
8630184
3780505
3800898
7832503
1876239
1702094
3630230
594819
8748846
5586970
3472276
3519597
529119
8296022
9332020
3518659
555703
2550367
8857970
309052
593038
4582394
7394050
3640255
6307004
11094063
197997
3781840
5339045
2038360
4513245
10202324
3791025
10844304
8957709
8958749
3866311
1211466
9298444
8749879
1970057
3494765
8957134
8221780
8862805
8992052
4589666
9219669
8965869
3808608
7805031
1218133
8650266
2140540
6063084
2058580
1238919
4591799
5860977
9292735
4540410
9291339
1528152
449586
2058492
7626332
2990205
5358809
3132204
5162712
10170589
738644
112578
9456018
3323862
10216984
2554851
8453807
61697
1652178
1588741
3440598
4512436
4916778
8991411
3116757
8745998
4489973
9973004
8988732
48355
7771675
507064
5576344
8752227
1603919
8883835
9324783
5550031
4563118
1897601
1273717
4831664
4649643
449762
2043701
3124359
8745093
1906909
2154234
9456546
8410741
4789997
5344846
9531036
3181432
9303423
7728200
5913308
1555393
8262591
3123564
2977219
3099078
2534275
11190881
5914065
2611805
5796702
1988627
8967965
195445
1666049
5904195
5533062
3865158
5659152
8967398
2590254
3914141
4746324
625452
5307829
7554839
5753746
3158052
8993455
9508617
32197
5374076
344111
1563566
7769116
604942
2550995
1531298
7557377
640033
5620609
6064483
5151094
739892
10215999
8403616
309431
142579
4631754
7279356
7759617
8716823
6490542
13290306
7920530
7543706
8388243
635036
5237258
8475968
4696914
3253932
4751022
1524420
4590912
7916128
2725671
3430134
419791
8994633
10151202
5913075
9374340
4544674
8750007
5244267
4615396
7624989
1974485
4559127
1981568
1893589
1992151
2433
8869300
9304102
8636868
11694334
7915551
8415201
681436
3785971
7767522
8634195
4525190
5157173
1502369
5358917
3153138
1597792
2077517
1972928
9106286
7690126
6021934
473113
8098536
12443303
3142796
3289403
5378435
8994516
8949921
4534675
8945779
2003535
541184
8684329
111828
7624370
8637437
1777588
2045490
2550913
3377568
8996332
4619960
3927166
280751
1656981
8565244
4586577
9993908
8882224
7732271
3204169
4937771
4533000
3897071
4644536
1998935
3195146
1697122
4681518
4598169
8624705
3881257
1575893
1973980
1564672
8376956
8438054
4621635
5205369
4503466
7526979
8737743
3879074
4829035
3143650
8631602
9327858
609804
4671108
8280103
1649905
3393023
5532651
7692136
3039639
4499963
4770173
5560787
3784638
4603343
9872798
4692062
12726694
2220926
4769534
1222739
8558577
1226544
706147
3324986
9018463
8375068
4524270
1742633
3799011
5580418
2596899
5334754
9944033
4517964
1978964
1696626
8836796
593077
3246792
1648868
3619064
2577534
5297098
10195179
523899
8764120
9588038
3518665
5915970
9889488
389747
2551696
8906602
7630090
8744002
3145517
8731440
4514864
705037
4545128
423443
1688608
5566544
1703125
9770211
7739972
506211
2738835
3625946
7994278
10117569
3132715
7761656
3071005
12344800
10211458
4682559
2550119
1985689
6056335
4496178
1687542
8675245
11096487
490119
91468
3096904
8099359
3136493
7773210
106905
8220355
8415769
2586281
8965335
9302512
4610847
8958113
4493315
4612310
10185513
9880045
5252374
3337721
11203755
3446408
8987437
10197070
5359955
1655035
5504452
1909602
1907593
361478
1250495
1585627
1591266
7639860
9413673
10975191
4534256
3933546
4637790
4714097
225949
7976550
383679
4590621
7390394
9517891
5361860
9001573
8413756
1465997
4833147
480186
6049886
8683370
1089128
2549717
3189656
6059201
2127239
7844921
2644830
3140763
5351940
125299
60683
8634539
706347
4522844
7505663
5306483
8951952
5490466
5915518
9015743
109949
4510988
1598331
4600908
4612993
3343031
3437001
4621861
3628541
1223317
3074171
1584392
9301092
1589718
5330597
9433585
3343980
8645992
3125192
3772456
528275
7677554
2647014
8759350
9463361
1271899
8957938
5635211
1641701
4582204
2083320
8957999
5940240
4551168
8885047
3778859
1634967
132229
1902501
2527962
3036594
8395424
9945930
11102781
509169
8864309
5243060
6065578
6079464
1657298
7462991
3291034
8227094
1904814
3640426
1622876
9450300
8155174
2640455
608075
3791551
1672300
8758899
4533306
4628200
3877848
1100353
1904786
8629197
3793591
486016
7705822
596194
3330593
8990313
3434812
1524211
2646269
1518037
2008256
1837789
4708061
8108602
2059416
1711715
1570893
4579165
4690259
8628862
2571920
9065896
1981882
8634096
6066616
9455889
4519059
3098026
2136888
3884118
1664975
8880606
6063387
2004317
8101001
7677058
9418455
2749289
2071124
215991
6055540
8404851
1566247
24264
3215695
5451392
13709433
700884
5352882
8385080
353184
9213991
3782052
8538835
4552487
12710620
8637825
10855848
2148394
9444250
4519273
3913996
554655
703882
9217119
302913
8724865
3262131
8527939
5531285
6114081
3477582
1833350
8731920
6144024
8632377
743093
4651563
4511952
2004950
8665054
8841324
4482353
177800
3256562
9324777
1696406
3184082
5492135
6115785
12724640
9361791
1896558
7480637
1611421
7415056
1497905
9509214
2550040
4535391
197773
4516502
738607
7627132
9498603
3088338
1599123
1982581
5335017
3148369
8389047
448170
8750373
7679132
3626385
4594730
6063213
2043307
1670197
5547728
3778646
1977864
3878083
3353130
7783691
9769376
8630183
244367
5888479
615871
5915353
8127893
8786230
1508775
6066206
9058873
3633695
5873815
9109824
7747487
8957069
8382284
4559734
6062832
12308553
1590805
496735
6068284
13734857
11175214
3636301
1765527
8747050
8752597
2251257
7924036
5324771
6282703
1220792
8749370
5058188
8275690
8475381
9110199
2001891
1682005
3465688
408121
3129853
3264374
7424944
8744991
311378
1874809
1620310
8957967
8520685
11099758
3048069
12489398
5312842
5395953
8858224
3180271
2549449
508038
340396
3915493
12754684
3460640
3880620
291249
9983551
6046796
5904190
3875743
3149569
3192407
3234949
7399249
7699763
4600434
623104
1233301
110247
8105792
3775887
1523586
641747
10165833
8684831
3776984
2068514
5506047
624429
5537096
8121349
8630876
29916
3780959
8635823
4585694
4737090
2059919
51062
8897233
9782402
1568548
244945
8432653
8737640
1694468
2048986
1989581
548023
5532430
3214656
8965890
12723669
1884515
2572731
5191223
3640163
1071427
418068
2574135
1839969
8743150
13861619
5239790
8717842
9415709
1958799
5858919
4511873
5328929
3875799
6061269
4713436
2154205
4613458
8081120
3082990
9906952
1086269
8264538
609942
1988766
9780287
3381705
6064158
8998735
2617923
1691737
3510650
537110
9923121
2987304
1646929
8538682
6070706
8998698
8840005
2138635
791579
7458136
11064806
4649209
4611227
6029850
7848771
5355290
1650418
4675366
5914487
1607237
8829973
2547706
8799039
8912709
4733516
8643579
519907
9464847
3348627
2615822
3126610
2737422
8383564
5441469
5913365
2064384
2780578
3632550
8741458
2220821
7702048
3637186
1696157
4936035
521609
8956719
2643482
7697538
9470986
4501788
8843456
9066570
8104297
4507671
375383
1894232
1903453
4481712
8830670
1978638
452787
8123901
1816509
8414824
512292
8115601
7450976
8874250
2060821
8877681
1667131
3318600
8650716
312058
2073378
9114271
3876031
8099502
9501454
9820378
8417716
3633751
3627912
9810400
3304597
652771
3877114
6115062
453686
590253
8123845
4914405
4659969
8801658
8634735
7428112
7433598
3632884
7871558
4721294
1766930
3448228
6019876
40692
9018736
1889707
8784925
5327270
8236710
198150
583394
221640
8636019
8994462
3353230
5542115
11189699
2064262
531677
1991709
1968820
10934116
6070271
4865105
99498
3878781
3126901
1635939
5525662
4593826
4683256
8642073
7451122
3770185
9323437
4731598
9299634
6076568
8718467
8957333
2582654
107509
391669
8494324
7688521
3784518
6066910
1663125
1226750
5351088
8072286
2613387
4511950
5911897
1204516
5922704
7699878
3479623
9380753
4634201
2719168
6093326
6063220
591260
7651711
4545548
8275664
116000
11016458
4610362
6050703
3509317
12566210
6113983
4500054
1563435
2746945
466454
4592136
5366291
8641975
4741673
5759049
3772298
12752674
3781602
4635623
8737898
3935153
6082069
3913026
4767254
1608163
8544953
3806005
8679176
1447737
7628008
5308288
8679503
74465
2645670
4635120
8956447
8288561
7449681
5532331
9581140
498930
8060077
1830913
12478153
8964745
8958203
8740469
1612241
8629279
397761
12319469
5243629
4502187
2079133
15825
9122635
609033
7623792
221725
8411410
8646564
9428763
1688180
3353669
1903438
5486460
3119261
9288573
7508252
6051684
5345103
8632943
570681
2844557
1690566
3198570
1872506
4537813
336027
8417541
12301290
107529
6056074
7664105
10873582
7561521
6705702
4525460
4570095
1682678
8681485
8124190
55722
7686962
8956727
224046
6064867
8541768
1589141
1468547
3145767
1986341
8957860
5713937
382784
3883566
2043640
3881220
328187
4514903
9446366
106559
8825834
107466
3076224
1655510
8392161
6047381
5338926
4536151
2613889
6088464
5327707
1570443
7545137
10210778
3143165
4500404
8869309
1457519
12379149
5914796
3627580
9054517
4525558
1697374
2778466
375527
6113520
2536690
8219364
587415
1433062
8402453
8731077
1689021
4730934
105200
8948764
306819
10156022
3186296
4479147
1582995
8843394
737628
2549100
2037573
7771955
8867315
5534507
1457822
12585943
536846
3499539
1681472
8866556
4589922
4479845
5916046
4722852
1520940
556800
4855444
2145042
618688
5858759
4745497
5547395
8411673
11008037
1696786
7393415
6068515
614338
12156441
1693342
4862987
5356231
4625431
8161771
2146702
3867233
9430315
7747183
8992214
5521455
1094983
7329064
1521287
3637873
5999752
6110290
1894637
2039471
3433616
622911
9942662
490078
8889789
8079139
3096703
3484211
6106185
3639915
8996240
150034
196498
9378393
8749872
709728
2629285
4969161
1092695
4638232
8293251
2774689
8400842
7456332
9877770
409543
8404106
3376503
1749124
5322171
12464355
4519819
3172045
6095392
5331756
9298400
2089577
4633124
4624634
4537512
3122011
1563445
8437192
8994108
8806944
633861
8909334
2033488
2615841
4746306
5855528
3132793
1586264
3125585
4674316
9819636
248822
5427909
8634207
8645699
1660561
9019164
8404639
7510908
3199442
8969861
5569547
4610395
1226459
3879254
5369683
8632973
4706283
3806475
3772785
5872687
3494856
13362466
8633561
8992100
448104
8684134
8640916
9296147
5896876
649311
7510417
2613469
8957405
4637721
593119
9421143
7764318
5332774
1171483
3892803
280754
560334
8748612
2536999
806080
5617074
9771997
5915907
3875393
3152509
5329471
2000804
1074596
7920538
3934307
1251652
582925
7762219
4878395
4537519
4704299
9305893
3119481
9406940
8235605
739380
327269
3200031
2774838
8755040
6288941
5344633
8417734
8864836
8993332
1744485
1093873
5192237
5303314
2044212
4562753
1524381
3878678
459599
1586844
4504060
3125176
5564257
2644097
2727514
9420935
6052442
4511413
3637110
2575972
310063
7403187
1683182
1258667
8629128
9298514
5334456
1208588
12799591
8073287
1523661
3779837
3342002
92316
3632420
5311092
1692812
7666553
8098033
12826481
4797476
1569867
8641718
7642733
4975052
4707193
10154942
1574266
8415155
7401025
5169130
8639447
6060808
8761798
4683516
4744284
4707498
6081013
9376575
8749551
8285789
4530381
1907882
4631335
2575663
601397
594299
9777954
7543442
1653040
5343557
6003103
592914
5580937
5914087
6288945
1686377
366417
1682408
2643587
4636495
8717198
6113602
8072654
66143
3883538
7307230
7615786
1976239
4588017
3855770
8526148
4908146
3503160
1871284
2069002
242282
9507423
7691063
3489645
8855633
4518101
4624289
2062060
3881285
8378517
1582794
428840
8751422
3440154
8869504
8964574
5332185
6174203
8635316
2836903
613446
194573
3915172
1085602
8271028
3073052
10159835
1628783
8638765
9060006
4822228
4505530
1138020
4752574
7692456
5294228
2780455
8811450
4509064
8808041
20525
2757329
320154
4604112
5283200
1894464
7560996
7618898
3883913
1821659
3135973
11029102
2742647
213041
1662300
1992340
4721541
1791916
8975834
3875107
5149513
7565918
510488
6059371
5151022
8941077
3805364
8737337
2617860
160099
9001038
618360
4536241
7538375
9412337
1606570
4675335
8637007
413402
107557
8749521
346635
3049162
1246610
3109598
3926210
3637097
1584397
4636245
8992084
3146498
9292584
175082
5322826
5918579
3879547
3579342
8642394
9923122
9413486
8391958
9353952
3784266
4623870
5348752
9489584
12106054
2549096
8881228
8273291
8722676
9494641
2818020
8958140
7613844
4663197
9194514
8856886
3788449
7675846
1228843
4730832
4595065
3127757
3406161
8875461
8413766
10214390
1587537
4592930
4829493
216742
7688994
5341874
4703856
9016397
1257184
809771
5915762
3621812
8726028
8907165
1888128
3129839
137194
4511200
8308478
4536830
10870488
7683282
2066683
3424857
518351
1638194
7565987
8957739
9185272
5534367
9101966
6064712
8991470
4565857
1527508
9801166
4934928
5339674
8076845
5356765
6295729
2594126
1693249
8376456
3017936
82630
2749406
1273869
8818653
4493325
562934
7757543
4607989
9036521
3227995
7385357
4500058
3485776
5533626
4936033
3137604
8776850
8502413
4576809
1653879
11005801
4639352
1597287
8391366
5536232
3353131
9872519
5247422
7966644
2066374
5863663
8410548
9317499
2990838
560516
6099136
3118080
8739038
5386588
7406036
1784383
8741705
1643871
8099514
1605268
3774798
4534564
5343457
1123439
5313432
9869969
11199809
3494439
4535220
345874
3880851
8565646
9052770
3826790
7847277
4497731
1634751
44378
4628278
3797134
9294629
3117285
2772261
1549161
3630261
3146279
3875935
1998399
8950156
9460703
9612444
4979844
8957828
468149
3779380
222468
12522079
8072388
5530614
4578056
7698935
1625826
6104895
2529343
1551234
1647370
593306
1646715
3223090
1905744
9456102
5400271
8862114
8949784
4612339
1173703
5864513
7924978
8831873
12353590
7672588
8644644
1231136
1175418
4631806
5906015
11158236
3929439
9454574
3872168
584905
8524521
5658719
9304152
1693180
8943823
3065897
8758830
4695162
9471075
7655434
4751463
8958698
9365864
12773824
1675777
1092645
1120582
8219909
9599339
5303675
1436628
549259
3933835
5600425
3520240
9175120
5171257
2781550
8862984
4552093
9172494
8160209
3877995
1600780
66783
4506200
6051483
8434775
635000
8629252
7690791
4589499
2741722
5207281
9782096
8873295
3382137
3500198
3879699
7688729
3192485
9513461
114234
9420399
1957990
43211
1612444
1682489
6105047
7582868
8747494
3882205
1897781
82826
7747515
12444371
4514031
2981612
1895462
1507077
476095
9591958
1783767
1221579
2581456
1993341
4915443
8738542
8899227
8634969
605820
9113819
8410783
1573575
3771188
9195542
8759262
3872687
309420
8648937
5493339
609956
8633493
350566
3221398
8888595
3427626
1775050
1541114
5511371
3435348
9789864
3771879
2643830
5217264
7525001
1095094
1970255
8847846
12349701
9451216
5511879
7403079
5209483
4532715
1675312
5333945
7847343
1649192
4475683
4522240
5522932
3521891
3868161
12096990
8970988
3383070
5920828
3805979
726699
8822608
2042626
341446
8967399
8774942
5631695
8997123
651507
8754095
10864025
8997500
12724830
3133433
4475054
5916705
2154220
1993798
8949933
8520107
3132436
292522
3346434
3806752
4474658
4599032
1528642
7994292
7645059
7403515
134634
8404608
7943629
4593200
6371347
3344281
1830020
5497430
9112637
1138001
9303999
1956709
4770953
1049704
8415334
7926196
12579487
8550889
4552312
5203828
3144694
1592442
3238009
1896337
7727747
7389070
3796612
8973177
2642857
9450692
330920
4491246
4746986
9900618
3873746
9495184
2762789
5230789
4761689
1604434
288323
591652
8971866
5366111
5309498
5582391
9587103
2587751
5173776
9469928
4512797
4824280
1873132
1456969
283666
6143841
1654804
3173866
2000717
3875974
3496461
599466
7551584
5917000
498697
1244179
5277357
8269137
1901568
4505533
6293376
10009696
3006778
8997702
7619610
306112
1986471
7550525
1902087
7634423
2610300
368459
8411969
4745496
3478116
8103462
3131155
2641187
9192984
3309937
5323625
8776188
8227983
8105740
6285360
9468854
8967104
8911182
8745006
3874232
1971007
4755005
3198001
5543194
1089727
86893
8287622
8754043
1210411
1899430
8480597
8281635
3218921
92052
8849708
8914657
8880481
1220442
3226431
8759973
2846350
9528355
3151042
4518103
1972199
4646828
2152021
8721980
3088291
304842
7520390
9454761
10266249
8824545
9301261
8792637
3136049
3787342
1905602
8750839
1682823
2492594
145376
7738760
4767973
1116472
9070181
6153216
3778886
8884823
7567316
525574
8951859
2553372
1537019
87361
7584347
1097489
1228002
596962
3448280
4637284
4766171
1230347
5366217
3130682
8735329
7740662
4503323
5914202
3788063
5867531
610903
4597238
358231
4665209
4525168
364997
8841207
3151896
1680448
8289365
8392343
9507863
4651470
8889516
8528928
3777091
4636793
3230274
340098
1683436
3053127
1888309
1781797
112146
5586740
6064682
9353961
8834676
350358
7635557
559837
154095
5869530
3784129
196243
12786147
1458315
2637257
8890204
2082564
8104106
3498740
6040574
3926631
3878590
530985
4820335
2049530
8236026
5493360
5495808
6149608
3388965
1456442
3220658
4569231
3098455
4578926
3885848
715089
1608230
5897162
8722898
6311412
8742150
1989277
2988738
7926675
2002758
4561545
3354511
2046130
7621463
4578929
8478885
5332503
314016
4794318
1981564
8518796
1546835
8303772
8962104
5350344
9969605
7434095
9303366
8388158
9514264
8097965
5249894
6587952
7562605
4628268
2531550
8080557
9000798
4610944
8749474
1593904
8400784
8538090
1569569
8733211
469683
7520701
9467343
8762737
2072287
12498122
1894760
6073572
3210653
7427412
8051970
9410307
2746825
8631771
9056413
3064724
9983423
6059616
8715785
8996046
3297064
4608417
2006514
1664001
2736750
530997
1728656
9887831
2639921
8714951
4580276
3221307
325681
1901398
7923228
5922801
1560934
2248549
8419076
11085898
9061046
6072540
7429398
8832974
1138675
7964912
8091887
8374362
13888356
7764319
1832621
29181
523653
3316228
4758725
1527374
8267627
6088746
8387953
6050287
4504063
6046484
9763511
8477635
6070243
10190451
5917287
267551
1870230
8946675
4830205
5925382
9302331
8417659
3132720
1651971
8855300
193252
8236629
7787762
4612277
9985636
4790270
638853
5501582
3879081
373998
2646076
7389955
327551
8861565
590201
7692956
5914447
9923405
6107585
3915176
3872402
8684947
5215018
2737732
3621935
8376783
4765276
3783036
3039127
4702299
3309814
6061061
2057769
799597
6288797
9493322
8757785
9778817
1121633
6063408
4614861
1562393
8394748
12777635
1570207
11216284
10203237
12335101
174668
8836686
1991026
13660148
8684965
9177173
120247
9298231
7920216
8842396
7689173
7434116
2587740
4576050
4515535
11964268
2852574
11128847
2651399
8641125
4749347
5363403
6139863
4656796
1699175
9109955
284156
8633507
4667749
1899184
8887637
2537420
1679131
372157
9582597
5580497
2786653
2137111
2248004
3623593
8868232
9019450
3097107
2492200
3066332
375007
6039372
8550194
685980
6069637
3260111
450332
3124933
315685
7840993
4507420
5532867
8280161
5339139
1599973
2002740
1821143
1837270
1895518
5314343
8403984
8653134
7669648
3137577
8734201
5331706
1756166
3920276
4628173
5243992
1549555
5344730
3019353
1584414
2610790
8885560
5548035
8738209
4503463
7451998
3045125
5395888
8960339
1564603
4794317
3499333
6013914
3097465
9892409
2541150
2247827
11154931
2784347
3349376
7704710
7775970
1220389
514836
8768540
3191883
7633439
2039414
3184370
1589070
9495473
6283437
3228818
5336581
1633645
4609250
3349401
9341096
4550893
4600313
7675893
12756341
3201139
20175
2143109
8753557
8735354
4738023
4503708
4510818
9389962
8098109
2097851
7470932
3870813
7580383
82730
4748897
1254446
3385724
6149256
6058879
3222372
9517575
5363402
4507108
7545458
1896382
3876299
1779442
1592822
9902989
10177610
3464620
8847943
8639381
528519
9001901
11018040
2890223
8758205
3122456
8957966
3869089
8735020
2082184
5324820
8755972
9514265
9017954
212319
9103753
8712133
9866386
2495991
8888218
8234022
5897406
7994449
6068106
8956829
8953982
6072245
1648783
4619406
9453523
3072218
3178075
4635999
5347685
8719414
8389166
5231745
11183127
2779249
701766
7704153
7794334
5538119
651747
4514139
8757974
9016592
629933
7700081
151928
3186909
9466391
592814
8633655
1648267
8233437
3878747
4502294
7921856
3188276
4532601
3097076
216010
3039803
3390002
1686398
3806832
632396
488495
8743670
1677526
8718293
3853381
3033386
9117499
9324077
1655549
8977898
8718997
8724880
369464
5230173
4533061
394285
5520254
4830528
7380399
253460
1590682
261308
7920472
3886861
3637633
8627313
11020762
3788101
5335844
8085147
457979
3297977
1643910
3918710
614903
7767662
1652437
3312067
4499104
8637430
499363
472195
7412184
2573474
12427004
9427276
8803977
9292683
6588906
5923607
382064
1892366
8826639
5493328
3037847
8802002
7713659
8951470
3128490
8721050
325939
554756
12496429
1805621
5475082
271835
454267
8958406
9495456
7919415
9780420
8016661
3367092
7690388
6063818
4757622
5869628
8994505
1702942
9367604
5370307
3141435
8746985
7672345
11187808
372792
8748265
114527
1637807
345213
8644224
2751410
8634568
7428653
4524866
3769880
7767841
8968354
6003049
3453111
818747
2728223
3517565
206728
526227
5210937
5578739
4633725
9101853
1902933
2551624
2616811
9897284
2153447
4601095
4592762
1608290
3389320
1235837
1507537
2000488
6051553
2094458
3383754
7497277
2729654
5356359
1528652
12746332
5322032
541534
5913503
8105934
5505998
3222092
8724577
8759680
9420421
7665626
8995702
1968779
4559961
3933535
1972441
7625164
4667255
527054
8567973
8997396
9446462
531235
4629774
564557
8272307
2002506
3788705
3214451
2099236
3882457
8872890
9284663
455092
7926125
11178460
8875159
9377865
4506885
9972527
8222248
479863
3017056
7786037
4646408
9396593
12419447
2236600
8790809
8957695
8768025
5350943
471670
8687233
5395051
2152115
6039137
8974335
4507411
3186378
4522465
8754737
8953955
6113828
9520558
4544349
3886358
8867270
7536335
10877183
8851523
7921288
8867253
1836611
8956190
8827230
326591
1572103
468044
620991
1117555
7798515
9779990
9000063
6046258
4934271
5541906
314470
4688915
161228
4579375
7690923
7647787
7535626
3237939
2048817
8942388
7702222
374416
1998107
1721872
5339524
4609781
2642828
12038259
5278415
1598118
3880107
6049887
6046103
8539418
95510
6067980
8742053
3124100
4527489
4755572
4568673
7623429
4759298
1621583
4730364
7934912
581263
1593502
8285011
1104469
3208575
8265758
175004
3125346
8797641
6107358
6295302
710642
8643060
8996990
6143866
4761253
3824542
2639290
4584311
4575455
5544099
7830322
9764858
4769535
4691490
8852240
1207229
9510041
5510204
1585864
1825030
10178598
9780048
3390949
12345997
6113509
93152
1586547
2750913
8680557
8953118
4757854
9594154
6084979
7674026
5337535
8381
4506927
3297023
8752624
7700093
3124138
6045963
8385920
8845993
4549416
2578820
6089221
6101831
1670967
8414211
4541125
3022777
6179989
5394421
8957694
117102
340368
4681621
8756677
9455331
8737423
24729
8534892
12706828
8880486
1121455
3872714
35649
5296421
8829295
509257
11016686
163967
6012174
1824028
2032162
1988140
594512
10199818
364822
310332
2046755
4593902
8820506
3911531
3235428
7924975
375745
3933515
3637167
7500025
5915863
1687520
1561725
3216246
8814111
8628974
8763396
2052912
7527640
204215
1836274
2066134
397402
8633417
3188275
1967310
8957504
2107327
4517636
4634012
8993823
8305066
7414831
151810
8937556
8739953
620756
2886573
8413465
4566491
2152874
7994394
8843900
5324227
3157802
1969682
5341734
8755681
2848576
5914475
6068761
6069592
547580
1652415
8888115
8410512
1592013
1894812
4506027
3476325
1837052
12712196
8392435
471694
4554198
8859521
5558181
8958095
9300965
8976457
3460943
8950976
8476713
8837312
12497528
7554017
5531411
3432929
7935936
7627747
4693344
7728427
1973678
3882206
569567
1088925
9901250
5273561
7921724
8870719
12782087
5582417
2740502
8880900
4640505
3025768
8895179
1113357
9296524
8873050
8985572
7404065
1765447
3136223
5490420
600699
3932097
4686140
6304220
4536956
8390215
5528656
8632046
7656811
3875983
12345112
1564593
4700851
7622295
12094506
4646453
1590091
1663776
9895832
7707525
3143713
8607824
8959827
8158863
1811118
4609811
2633262
8850443
9478565
3157563
372785
1613154
4584593
1222834
2055361
9981153
8073349
1567711
3792752
2843827
1972434
616456
301738
7922271
9442459
5319347
1956913
1695591
9294512
5390142
1583838
2493023
6070167
8476440
9110058
8825359
10833178
7924782
3223118
8640413
63138
8058797
8413162
3120803
643900
12827709
7534916
15942
286136
6174127
1816989
5518992
4589238
1901304
3130968
8975240
1496389
8895675
3489950
2749808
3125804
2004484
8957554
3629769
4572660
3216202
6079959
5495217
8405992
9986470
519165
3512277
3368428
4599255
3350197
1567455
4584627
3787725
10230790
1833237
5333273
8990516
8531776
513619
8536807
4577382
5156043
6320763
431653
3111898
2544596
3625738
1217267
4752657
5392565
103259
4534452
311926
5333079
2724455
9193349
11018661
5204344
3806723
11002755
3509397
4624471
7424482
8997604
1972225
7416191
1567379
570656
11190748
3878757
6102334
9316005
1996124
1565579
486747
1182797
6061738
7715393
4587948
4602860
3141243
4643871
1984245
8952111
1679760
8954135
7425004
9891373
3627720
368157
3140372
5401508
207003
6870897
10846846
5915041
3298419
9217118
8757446
4933777
8738157
2778968
6041379
8486770
3498781
8635459
9894789
2774772
4790783
571004
3171889
8104154
8718289
10254877
8863268
5519989
7460966
7653032
124244
9619509
4603338
1220415
3427381
309319
3783704
2612693
11295
3628718
3084204
8111123
8684153
8719911
3487046
9799321
8316331
1597745
3222950
3223436
8731439
1202602
4763503
8627633
3024004
8640622
8069898
6082256
1564327
3622948
3883335
8410094
6066099
3138691
374330
3449952
4616742
2040181
9362006
2528896
8633612
4701864
10227839
1704643
7406323
8416106
2531569
8948378
6592640
8151519
7767955
4626846
3196412
8834077
8862691
8838259
4671596
7547741
5264051
1106680
563399
4755973
6094502
563276
7430307
3151818
1608932
1985206
4833915
11098061
95560
4857711
3124023
5585236
76237
429951
9000111
8552925
9410072
8881301
9181649
7453807
1988032
7460265
5439112
2744330
8958894
3784460
12737074
8749106
2743991
9875665
5307315
1593380
7822722
3639267
3382426
3352490
8884806
4510842
8869562
3886628
9296284
555057
2003313
66954
5332918
5311774
2538107
8757835
6081200
13816833
1249839
4741967
3913991
2547834
9462089
3492105
3210554
7640439
3801157
8892062
8563131
2071694
9004652
6081241
1586936
213098
1565894
1573573
9828319
5367878
9217151
13836785
8068299
10189964
2632027
2060285
8648943
8650469
11533996
8865302
2603087
4596629
4588121
8529129
2740330
8863165
6058836
629610
5324501
4601443
8627932
5235154
5861987
1138517
1095334
3625043
9322567
4912388
5357548
1101353
6306260
1973762
8391607
328813
8885500
1895274
8873358
3510633
7551116
636161
7994685
3229371
5585150
8950794
29312
8872093
6061140
4729915
6292497
5917003
8126664
1620953
4829442
5300004
3122767
3873643
309585
5487306
4613424
5313121
3145784
8950788
601768
5221805
7411536
6175312
1115131
4484590
5376067
3805595
476586
4600179
5388000
1902627
4527298
8881819
1126729
428398
10712489
4503225
6094940
281046
618571
8963697
1072428
5362985
2605007
8725677
1665597
7994283
7567992
5519757
3518666
8872204
7626574
8750912
5313463
601486
1990560
8061711
8630934
8755140
412051
9420823
8523807
11207780
1906598
3877888
4519553
8956887
9764004
8954809
8659187
9464882
526131
3215768
9879444
8953231
9455794
8678623
7828305
13485714
7373587
7622051
8390194
4656279
4911514
83321
8478912
4609677
5325766
8718650
6120748
8723813
467475
8853093
498977
5341065
3880721
11014454
5923294
2638405
3222933
2817951
9971925
3788747
620996
3229348
6064053
1990322
9775178
456481
1839140
2598702
2744656
1410902
2062282
1238723
4476253
5314476
8943631
8882303
5871958
2895386
4628353
7703181
1546649
7411589
4537815
5919272
13381440
12575458
8874944
10196640
4529425
8860552
328863
9958785
9400021
6107802
4827336
4604770
7687078
1989377
7940545
9761402
7621376
3120506
3146660
8644787
5680269
1225034
4509839
2042558
8233863
5660062
9016794
324153
9002807
466064
7421298
160982
8776637
9321489
8107225
8476405
144931
2573036
7702947
29870
6040708
2771797
9116803
9106201
3784181
3879569
1697099
8759442
4631329
2593077
1602911
210825
8645329
579316
9594809
1623046
2811020
1560256
1824374
5361034
9756306
8955902
310784
8815727
8641445
3630569
9755245
1243903
8714412
8968516
544983
4548738
4694670
7736201
1600257
2053547
8617733
9402853
4490733
365228
8291268
1655498
3509863
2112726
3883541
8868095
4574792
4564753
4612132
1518630
7612330
8976478
188605
1509105
8949463
6040458
3342801
40335
448319
8809490
601282
8946659
5579000
5554193
518226
20619
2040028
5527517
1218553
369287
9059327
9465869
211309
674188
623353
2598154
6064882
8817943
10186906
1687818
8835160
5484502
7623690
9177051
1908287
3925149
203899
8301777
5180015
9302939
8749350
517981
2550394
8384868
4535960
4703489
13381596
1889399
2779536
404716
6165861
3132397
7701007
7566651
9919555
8628671
4756246
5377904
7742363
12033981
2081373
8527755
8738271
4508082
8640309
7677056
4823485
8219455
5854934
407285
5636734
9035111
8940110
7747867
81268
644890
4612063
653985
8972065
3925133
1098976
1703691
8621079
4513889
8738876
9885770
8958031
8914237
2255436
7810786
8390170
3783083
7689363
1097225
7498092
5333500
2549266
11232336
2631700
11015296
5896928
3298035
4634463
1173125
425864
9292637
2052607
509946
1616132
1887416
8831717
10879701
8387911
1723922
3210992
6053601
10871813
5880477
8841748
9801060
3135384
82695
5584382
9385468
7690915
3501386
8628830
8632308
3508622
1987125
9060575
5658268
6093559
4502798
7583934
4583521
8416659
9881337
2740788
8631213
611790
8747359
3518694
6094046
7560988
1693503
1549875
8475530
2260728
1662483
311172
5156948
4751654
5912972
8838856
8996817
451952
416887
8957769
1988433
11204046
1987688
7777334
12748022
3504269
9969949
12426375
1575806
299328
5914859
2070296
209265
542815
501532
9527344
3877424
3250661
12097625
4628028
8743983
12489086
8635361
3779912
7396368
3302414
2745204
1599486
7615798
8525269
9460228
5485798
492949
7759005
8729656
1974687
1678367
521342
8957606
530357
8870827
4583258
8102286
8726533
9969466
3508291
2043374
2576835
1972809
4480739
8976886
7742807
3140599
9901060
3094093
2586280
7400640
9526430
8992942
5355107
560742
3349375
1527658
91493
1568241
1587613
3934625
5338329
8880344
4633178
6109279
5419582
8881042
3782685
472298
5897886
232704
5300996
5347962
8409924
4506352
4731808
566567
3343899
9462995
2494287
10878282
193124
3788079
394356
616041
4743641
11162073
6016480
5339452
4504175
3508688
9049
1789444
95598
2152591
6071352
9537287
3127238
5597805
8853171
7407373
1888351
4613081
6102195
2118116
1660089
322852
7398422
5341591
7297495
8285820
2583534
7399446
541880
213999
6108935
5352418
2768835
4700323
3098808
1828015
2595072
1987228
1593316
7994473
3625867
3498782
1536132
8989251
1104520
4630091
1562729
1059230
8638320
7826517
48451
3640158
5370108
3255874
4661757
8643879
1601506
4690703
4586735
8291888
3165833
9085386
5528815
212619
8961625
2076278
302806
7784103
495385
5337131
548681
5362785
6041019
5536995
4617081
7925891
5245828
11109379
739758
4703812
8636393
5922769
449151
1795667
5499803
2095783
8754616
3882755
4510876
8684818
4548913
3786670
5244446
8673811
4706799
8613993
11707844
5392437
4782060
6113112
9212391
2079520
5214806
4985917
3878226
2571630
1063199
397854
9477854
1086595
128237
3285131
3919482
4535054
6062240
1564939
3508085
4613179
169261
8883865
3234245
4706094
4704645
2832664
580106
3208541
2146228
8668768
8826943
6106563
7561469
11094740
508063
3777732
261474
1430362
5516632
7775354
8155795
12453976
4917231
8390098
9472633
5346950
3807883
8715037
7675599
8992535
1972931
3124758
2894559
1682219
9296783
300466
8976192
4667856
8283774
5310520
6104647
8878747
5273532
3148856
4708653
6292465
1670136
8743103
8479045
1681611
8737136
2544692
1751714
9982861
1588664
193890
4565028
5312054
1467126
3624882
1574696
5267013
9754241
11012333
3633753
9423386
2644640
1770901
194731
4608225
8123627
2725412
3249076
1618536
8392692
1525315
5454483
5664470
10007324
5054312
8989045
3125084
4825277
8718031
546456
1551990
4680947
3201881
1233194
4646065
6108019
7584213
8999400
5496346
808684
9302548
5363783
8951487
93885
5989750
4517043
8990811
8565664
3864435
2154180
362537
4533568
8839802
1432939
1174748
14724
7703291
2537734
3789893
5343828
1646605
103365
8960735
4787721
8834471
3290468
8746533
739703
8991499
13351542
8996570
9794027
8857220
1894982
7814050
544304
12828316
7619569
4489980
8682940
5880145
7736114
1206051
476956
7761724
7544142
8103000
4677268
7422604
3494935
7400764
5337511
5505482
8966134
7454021
2638625
6102277
3508990
10239340
3500230
1049063
10231868
1908845
8161324
8624872
2141631
1643718
9001984
8296961
7782220
1568911
10874106
32346
6105939
8995842
4920279
2739291
4506859
1578037
4763930
5659372
8559092
5322817
5763065
1679874
1686715
8410918
8303929
8880952
196470
1649871
1206120
4542380
1680490
1217810
3537922
4515329
4505950
2082329
509682
5919773
3517598
304118
73852
8957964
1676887
8738202
410065
8846578
6105829
5040520
6169724
3117406
8477215
3881179
412630
8068371
4610271
4628974
9463085
8993584
304123
1506910
7415999
279713
7701985
9109932
1141142
6071574
8957471
8829412
8716258
9121519
2596167
3920358
1624212
133961
1137267
6070795
3297721
8751270
1652941
3805917
4536800
3880187
5796113
799701
9100955
9585683
8994366
1583488
4545380
1900363
5304185
1193448
290586
11214494
3155309
3183958
8831809
1979157
8956595
345071
9038722
7751790
8681588
9421965
10185851
3261715
216741
8953851
3389321
7631009
1671873
1591254
5236350
6286313
12341011
3226860
3126575
2568893
8958007
2631145
5990308
3817910
9100070
3167525
7674287
8273456
7690983
9839755
6037600
8639606
2594317
8958540
8283819
1984206
4622307
3225757
370104
8750319
12722467
7419785
4642129
325618
3634552
8631194
1904458
4480942
4756506
9868142
4489876
2538178
4898759
7394345
1969946
546559
4684418
8634605
7388920
3203085
5332385
3924007
5888797
9169643
277376
7553228
2568342
8887522
2732211
7395110
1984820
7660461
3094111
8957902
827336
69310
3446428
3042890
8857763
7747214
6295398
2008108
6105253
28834
739693
5543337
11010821
3854460
5486622
1653965
627896
8989112
3786477
1967964
4761281
1566586
1898860
8961209
1724246
3127061
9582494
545560
1467916
12481875
2068124
8715011
7978357
5331858
8637935
8829580
8950256
3880680
3227945
6075792
7637625
7555435
8639980
2154103
613121
2048605
13822494
7690526
9878283
7801998
4572520
11017215
9457355
474803
9829412
1649598
8827918
6065693
12375892
1078714
5357534
9504717
370093
2151592
9121397
12426728
3879290
712016
7924605
2737257
5335700
623572
1844583
1194113
2496141
367255
378657
4474023
7559786
1716867
1642061
2572691
1898552
8642993
6068234
7530375
8634380
7623607
13709442
9117813
7429632
7483280
8997361
125976
1596657
2247358
4535956
2594219
2077729
1705148
8805304
2056824
7435744
5308958
3634527
556318
7690533
8736453
3178084
8974263
3628380
9041003
8991704
8869837
4477776
1305130
12733848
5529327
1988958
1582241
8409574
357611
604310
193813
7761615
1518884
5371461
1898207
3868506
5345424
85450
3492118
9017451
9874826
3188325
4514466
5907340
5536907
8633435
561395
8889026
4681023
6062381
514774
8960730
4566219
8719172
3357352
545270
4791477
2073465
1624191
1520397
1468783
123632
4766197
3441339
3126660
9001782
9298405
4583495
8407632
5918396
9301885
5511211
8997752
5343481
9479338
9422476
4474550
4687683
8289465
545911
8304223
3630825
8960369
3365204
5543442
5923783
4478454
9406670
3481691
9030715
12190195
6065934
3634676
8958499
4473746
3198717
3213150
4660806
6078221
380804
4572154
7628976
7345700
3921858
8375506
3140742
2224102
8647477
12781285
8733450
3124756
789673
544413
3628783
8272823
8633661
4477812
5905628
7693633
2977253
3632683
5359595
6150718
435239
1568168
5352180
6296947
1836129
1208733
1206603
1117327
8507954
1215804
7701851
330885
8744105
2725668
8851964
12361432
4744455
6094055
442487
3580955
2014748
7699301
1255290
311447
5337189
6296318
4635896
5332206
497167
4500006
8873234
3922949
9624733
4512317
5357285
507578
3434353
6106184
9964530
4682616
4526584
9779184
7388399
9501442
1662687
4632878
9781577
9764087
1173811
324706
1993292
3879927
622699
6090237
569442
654558
1522243
2093371
4592777
9514797
3879160
2031798
1247608
7995045
3624635
7744651
5283911
8849853
6062085
2074028
3540214
8184699
198717
1564366
8613356
177120
3379347
2741319
13836776
4684389
7601276
3098259
7925335
1662589
7994432
4618703
1048073
7625143
4506886
8391414
7545560
7778652
8875031
579236
9105571
4733713
1580907
8726581
439911
5303710
12781379
9184074
2749546
8717368
1684669
547341
9210538
3337132
8261793
8639257
4630701
8762893
7501753
5285111
609696
7919802
4516193
7690082
105516
611317
8871433
1219787
3537420
12715358
706006
593058
9585389
7831216
8755078
3885589
4618674
5532423
4634536
2577846
6101188
218886
3787213
7690040
8389768
1827271
8850833
3877354
9099562
5307279
7620221
1647197
4475667
1898791
7507046
7677578
3189054
1524224
5277324
452260
1652435
194543
8857285
2111109
498064
5362646
6091376
1638187
591991
5881060
7924653
13836788
3323804
8990542
8477762
7389580
4714870
6149104
3795727
8888477
6064805
1218803
9358805
112210
1694274
8882182
3454086
12487845
7424876
11739327
1603039
2066376
4529858
8753064
3024775
8947396
7680241
318841
58818
2255378
11191097
9473565
1991056
1835201
3148256
4503120
11112927
8950995
127648
538879
1611490
4502054
3129983
3627317
8415588
8957345
8988792
183358
4689442
4540458
7720457
7418547
4506808
7536056
4656693
4613267
9422403
4705801
180993
2070532
4515525
8631262
8956449
4814193
8391922
4645371
2528159
11005342
2568379
1689757
3113912
7829776
510889
4741509
9587185
8107068
5363846
9416160
2746570
8714768
8962170
1539409
7633488
444253
1556942
1479742
8295477
2616007
8757091
3041438
9419092
9767667
1236431
1525680
8879552
159073
143530
5304791
24578
1591592
3626050
9472787
3783029
3785254
9000684
6075933
3388669
4570293
8630369
7546563
8545366
2057109
9346128
3787095
9295429
1500706
8717832
9777169
3238351
5548317
4597626
8789243
3396535
1903881
3868485
1587203
8121623
687730
4755189
5570763
7415880
5343857
3109352
9059756
8951721
10008542
3309069
8632037
7279384
3201869
2538224
449646
402979
1745861
1663960
3124821
3128002
3485012
1584181
5585918
5213026
15195
4516101
1989500
7774009
465962
494316
8867023
6366010
8962162
4619866
6062376
8830165
4531798
1082372
8290934
4761838
4584410
1211442
8664912
9300013
8685260
8720862
6108643
8685857
8642588
8224614
2151747
8097953
7776337
1595585
8957037
4505240
1223206
8970615
5554160
4632998
8405937
3011852
2697039
1105908
8949744
9973350
8951709
9585397
8960395
3433390
3097081
8957870
1591110
4739724
2032041
4516640
7567749
8642241
5372201
202256
4622462
1745756
6079224
3806739
1973118
654705
8638900
1729862
1593023
10166085
8640283
5329546
9078415
7702564
523654
9112795
8866804
4758362
2617788
222744
471540
8281160
9788834
6063290
5160396
446373
4614802
8996252
2025209
1903000
3921722
2537214
8628555
6041945
10241729
2069907
1529102
8989737
9431855
488063
8754985
4512716
5167933
417328
1690793
6102239
6062398
9478
4580054
2734009
3487172
2755077
3864509
5527314
2535682
5522082
4690609
3907465
1570648
8639690
2780293
8390500
2894668
7532571
2637283
3872903
601800
7841656
58751
564218
4531603
4617244
8738448
3488465
4821384
64484
2151915
7938339
1576761
3788516
8958838
7670481
12725673
4741738
8643228
6064970
5473740
2548893
1583724
340509
8722175
8844410
1272671
9979375
5230638
2052539
225080
9378395
4596013
4497851
9403832
375684
11157012
1811401
8720708
4692479
8277051
4762806
9062044
8755707
3383058
9016528
314004
6101285
6078024
5531237
7426690
177136
1646788
9763684
452698
5913748
12688785
8290581
5764914
7397081
8636427
365004
5266862
7488318
8643864
52642
6108848
8829047
3233617
3915582
7673936
1631390
7702572
4830231
2530930
4656357
100053
140852
3915936
4649825
9347236
4598468
552384
10008884
2246207
8991158
2831766
4626869
2568123
4473985
5324525
4780604
1689904
1681242
3518420
1563485
7619402
5327452
3884190
9497973
1594205
369355
4578367
12101277
8073250
6112437
8872981
9427631
1896237
1885676
4531800
2060232
9174073
2846739
576573
599975
1113806
8624059
4596792
3511267
8725125
1680530
404008
6117060
3291221
8630421
10873314
6059453
625478
5529800
3790743
8383057
2575728
2577445
9300780
625672
7994745
8757759
3496228
2773117
4685042
10930495
1586481
4564545
8844109
9783432
10205180
5917012
5760466
586016
5331177
3502494
8956436
8978369
8948179
3115577
4860015
2033157
8842706
707001
8957335
9506728
453783
5191867
9115145
8836843
1588192
3229433
11181878
8955798
5300851
118201
113310
7994075
3257596
2554472
1258435
3781928
3120208
9304551
729176
1983396
9415764
308994
1583229
8758664
4634316
7913304
8809097
1599960
807401
7604348
7726456
708570
8526147
1114583
1650088
6041688
9296177
3879529
2744463
4650315
13862883
1603362
8550978
8757591
3072248
8421647
8603950
9029862
4544420
6081107
11010590
8278078
6056533
8910431
4475807
12523706
12420540
2067931
8813964
8987959
257021
5331796
8758917
8638468
1784920
12758991
642770
3892785
5873123
9031448
12443474
1906055
5204382
1832437
3869197
1894509
3488927
3517051
560188
11189548
4477778
557242
7677991
587359
7408489
347910
2812923
1972738
1702863
1089717
2754449
1173851
8098754
167965
6077153
8713443
10831383
5879793
1685411
1668755
11204013
3506782
3788953
11967012
1583125
625682
3793586
8992213
9517221
1088189
1584120
6173029
1675253
1679682
616070
4582129
4705807
4558998
8103992
9450599
3137914
8209835
8521136
8304797
8735062
1808929
8625621
3878424
8643534
9464160
9297500
4598899
1204856
3076875
685273
4638869
4566588
1586050
2040911
3787339
8948019
8736730
8262444
7631905
120512
6093892
1809033
741626
666175
11457897
7531496
8865739
3775693
9302962
1687678
8403280
4622311
4611050
8829441
7919878
2726143
3878111
8886171
4497294
8752706
3639535
702162
4573441
9463684
7648616
5618172
3517758
6296676
8632299
7376858
8966126
597622
10261224
5656758
5198924
1820254
9422576
1593190
11196532
317780
448384
12802562
159256
1680873
8083122
9296633
5535750
1695364
4688084
4502750
607653
5275627
2733649
5424729
4540641
6111427
8382069
4580550
535622
2601228
4754163
7556656
7582665
9889624
4588736
4677467
8304394
9500326
4612432
3215591
1628607
3343641
6104382
7825304
2219784
1433162
7674738
2647413
312318
12494535
7923694
4833897
1977289
4570732
5488091
6116747
7639795
6055330
8744839
363394
4654650
10114559
4933990
2750556
440020
10187275
9826178
617675
8896553
3125083
8955562
2001533
798869
8720474
4479678
8613943
7517024
9361255
3501202
613148
2062005
8391083
11027428
3776229
9178771
9913594
9417380
1652370
331167
9896122
4647447
533575
1899929
3050026
9421736
6087105
8743991
5530965
9987065
8986833
4692702
8621880
1683304
2061534
8866185
8890366
5578874
4679382
9472704
5398311
4552642
10174151
158066
630300
4580275
9943949
4821822
7430840
8990668
5533347
8624343
8646349
3485429
3460716
12425257
8410412
4916944
1975851
2071400
7727966
9119988
8647119
11190741
3806888
3793189
5304898
2065231
3934706
8796914
2151174
1896552
8809577
1569384
8236636
9414257
1525593
97260
4517291
5873120
511100
8958494
347381
1676920
528253
3084852
9017495
9912382
8634117
7412590
2221089
5299665
8637111
1890051
1615355
4614108
8759539
4538544
8879817
9111105
8852114
5486170
8850838
8750192
1972867
9416962
263547
9408396
6177711
5578860
2638253
458440
4652325
8727340
2751577
4668664
5719232
7621137
804541
1686782
8629166
9000122
2610091
8265639
3352554
8743154
337908
8959545
8412798
1209862
3435162
3128424
5548129
40036
8956688
1610826
8718275
7777902
5393255
2001636
6285664
1635115
8152122
8354248
8627155
4516661
9468548
4643186
10228739
4918593
8810562
7384016
7631893
3913767
6109154
4647659
2069854
8754183
4478893
11220581
7717451
4506245
594257
7944759
8606678
1544981
3116745
1966001
706124
3644687
6030648
7547732
5339927
3772252
4609289
6066140
10997178
1895332
9001978
8748854
4759945
311062
7400641
6174264
9487923
4535195
1591032
5871048
7701402
6071406
8683539
1227396
8743006
8416764
8887384
9055962
1099122
4596781
8068494
7403504
1635165
1594339
7720201
12418483
242604
10196689
8833222
5269380
8650404
3782635
1204059
5347465
322436
7521150
9100494
8988817
402598
10009206
5881085
1180916
1564647
4538695
4621873
7448644
6064381
381595
8481573
1957813
1756966
8743049
7560973
6177232
1519437
3344575
8716913
150932
9901676
9882732
2594672
9251136
11015756
6306671
9187860
8870646
543723
4651902
8758687
3153125
6061095
1792022
5361183
12191086
7651477
732078
7735790
3497871
12752529
660998
7994297
5657507
3796435
4615421
5544680
8392430
1075501
2600481
8756354
8390693
4518393
8277751
1818404
312800
6056736
4595108
4862284
5500732
5329261
7760442
7923895
72758
8286013
5508798
594363
4788399
1977050
9424316
9299239
198919
4764465
2539021
3929246
3501544
1216047
6087081
8748621
8881520
13895114
7669076
5310871
9423459
454077
2644727
5237673
8957732
3780887
3010719
3014145
3228107
1895947
4643905
4574286
8100646
1893480
3222509
171360
9035112
1973475
7401176
1640441
9884628
8850515
5662078
390981
6087366
5489903
9754893
8636468
1273451
5524662
1212467
8292738
4634004
2753458
8866637
8819618
5866638
4583345
11099672
7709258
5330874
392588
464998
4474038
1889192
516066
8745578
8975022
594792
4671808
7405598
1551235
4645236
4564106
417707
6072244
4562334
9001424
8878980
538747
3879729
4623610
4636419
8806366
1605924
8745306
9886189
8413373
487513
3804450
1212208
229691
7511229
8613581
3874909
5289773
8745564
1895836
8720047
9224270
5072414
206679
3144872
2573835
305098
9854945
10869368
8851297
3508768
8995279
1164893
4550853
143689
4506414
8390757
808686
5916074
12454063
12781494
9468706
6300425
10839670
6072368
7351611
3776470
1678212
7785341
8411153
337961
8410266
12440238
3510492
8635858
4861686
409838
6063240
7924089
4689728
8384629
8722781
3121984
2894200
1975456
8528536
7622060
7393601
1703808
7419522
7697208
8849690
8779306
1631926
3458879
9591575
7771144
452194
8994651
1208196
1894782
732133
129458
8533252
9171583
7390055
24854
3799711
10847640
1545967
300561
9304145
4474626
4508226
6082257
8716259
4490539
9215875
1794877
3877131
9912139
8744502
7452263
5347204
254008
466290
175744
4689903
5393671
1679373
2059534
7417356
6094161
8294472
3220856
7641714
8735861
8816265
9428475
1096713
8150613
8635393
6025048
3880685
6038932
7980542
3784421
7925812
1564588
4510942
3389690
2081811
8638462
7778438
8731105
3628877
9485251
565597
8112472
8409547
2730211
1578332
8630619
4599457
4668250
3792728
1588364
4620255
3151003
8624474
6097203
10846369
7728735
4600540
9453177
7556119
8872492
244335
4633193
8972553
9498955
1528086
4828418
4567790
84516
6059035
132374
7994180
4536134
7757984
4505752
9070705
2075701
9949303
4537139
4606291
5565956
8964575
87966
9417106
9094057
1631704
3344802
1596671
8286827
1701601
4707255
1597724
5323755
265757
7821846
8304262
8635936
1577807
9331301
7527797
8807712
206756
5516599
9419200
6115138
11191583
8859695
1974127
8643596
1569387
2530210
1645421
324152
3519049
20711
12426778
5350226
10270253
4639890
197053
2890708
9773554
1830150
509341
4771949
4758658
9069348
1664290
371639
9323508
3111750
1682372
2141023
2723213
1080103
9220675
227467
5495428
4602949
3624645
1686749
7536969
6586992
647629
4719569
8742002
2575102
12049854
444436
4765530
1094570
10147837
4515228
4701151
1586348
4683113
5343616
489244
5916394
4699425
7639289
3624792
122401
8976067
8416601
5173535
7926676
2634325
4772822
3926375
1593983
86846
2757735
3802685
98494
12800274
12343105
3085994
6175662
376464
9393608
8643652
3877627
629188
3064113
7356695
144396
7570290
4535811
3259961
9892546
10192152
2732716
3787243
4520319
3434769
3122573
4726480
9781743
7498031
8996615
1648158
6063365
9320483
5938372
8635271
9898255
4490932
7424018
40933
58607
9379351
369708
8638911
1680303
4576922
8625892
8950383
4637197
8373722
2244918
1093785
3879097
8889651
8317410
3115013
8871407
109601
8987016
5352388
2090889
2634838
9494737
9912454
2748467
5297879
4594889
8958475
1204759
6073825
4742672
829842
8975213
3882947
2497042
9883991
1891145
8742837
1129685
3460284
8665536
7925762
619142
3863079
539112
452985
3510586
7616540
1592115
6113561
2495390
9347599
12781807
5358830
1592116
8844207
6284185
670639
3220857
7485741
3923612
8871586
8959309
4578401
12623518
1191021
5489869
3212754
8481396
2016182
1906757
7397087
8961323
8637286
8628710
195988
8302968
827467
3199167
6042738
9310487
329049
1650189
1428072
4614780
1564746
8724137
12731341
257283
9000224
129808
1897681
7616961
5541793
273698
1650370
1670500
8848985
1606949
7404160
3769952
7775998
8808946
3180675
5176227
5539412
8750046
2821135
627763
4604845
1975574
8986211
8996837
4474651
2231364
2069461
8815243
583813
9176985
6286292
5913884
1874319
8406053
8746089
5921193
8873072
407451
8843535
8685649
7497392
8637897
8957409
5359733
7699018
7771118
1643734
8738692
2243417
53667
4571915
5528957
1584474
3297004
8951128
1677662
3933731
7915983
9507718
8852871
8899460
2143924
3191801
1976336
6070350
5514093
1226302
9018413
5547571
146408
410827
11702741
7396847
8758113
4506949
9581237
6102328
8406927
3504172
8962160
9327857
4615939
3865729
4566015
3153019
5372335
3216316
3815728
8957963
1672913
8410120
3626577
5372955
1247950
199712
5513346
469377
8411049
8957688
3164756
8764260
3217784
11458270
4729635
7280128
4539758
12093199
5168872
8152639
6082981
9892115
9968643
5352630
3349652
7655754
203466
1805671
6387369
2039055
3007087
9416221
2117743
4561922
3880260
351072
5896949
1595836
8127171
7452073
8485727
10255437
3124408
9453061
4503253
3625453
9450361
1118142
4498428
2041275
2009086
211754
1744744
4502763
8758384
8637973
6060862
9001732
6116163
4624659
7633512
1553627
8371324
9295914
495720
2746079
214298
3074340
8949985
8642767
5194775
9416587
4828836
4505195
8625049
8957364
5341022
8652253
2730801
7780016
2751917
1038746
8885113
5916321
8528124
1704786
739235
3436317
8736829
12623497
8391900
6105120
2071282
4505633
6113495
9469460
575687
3530825
7936957
9214846
2101291
547485
4705982
6040416
8792161
4781915
10267095
1542918
3501388
7881977
574560
6045860
2611793
9466393
8390816
8757645
8850502
1527483
1230104
142537
8820484
542664
1080098
8832848
4970725
3112886
7603976
1983123
5925832
7746626
8389293
3776485
2602344
555889
8959641
8878444
8153707
4748010
4684936
5309429
8992299
7697302
7516429
8643724
4636522
11105932
7760312
4488357
307319
1993249
3508906
12738516
1968436
4623008
3785386
8857891
8987865
2638806
8976072
5874928
4675369
2493834
3624576
195253
2093522
2852247
8683105
9512995
6068685
7914037
8754270
3148469
3509658
5917037
3190547
5581604
8727265
6067892
5543350
8125271
4706860
8991028
8961206
8637285
4916614
4633108
10560514
5873101
7771680
3343718
2059850
1186537
3886374
8952234
8962125
7493852
30052
6009584
3494727
1591569
259307
525833
510095
10923491
1900980
7369098
4728282
8639280
2595114
12575018
8224608
1644151
9498804
6061492
1596607
12108808
1120324
2046155
2543230
3141345
3021802
7657934
29699
8745635
9993610
12782708
1582149
3087909
5392591
428193
12294442
137734
9193498
1991640
1726524
3208716
217007
8825413
612059
5291308
7560189
8909184
5866694
372457
528841
3436385
1663814
8989348
7444088
1227898
7404631
5868767
7766663
6063825
4727311
8385444
2148408
3881724
8975892
810721
5158917
8001762
73060
11187719
5921154
3080591
1978421
5327185
8627854
9451215
12437877
8779297
1694755
4763740
9879027
4718094
3121957
148072
8553120
213737
2054514
8104446
5542455
8988368
7557375
8855238
12097327
8627206
8883998
513102
6024537
4593023
4497930
461765
7656852
5350255
4628472
242643
9108923
6309487
9517526
8883494
2001839
1591848
5341483
7646863
1569994
3639529
8955131
599951
3803079
1593032
5328082
3871488
3449460
1973240
10837243
1527530
8966142
228775
8635031
328394
8683807
9584872
1585217
579299
4559039
6022049
7735588
8640668
9050913
8734631
686806
6053125
3324193
8803350
1663305
8718092
6072369
813813
8997208
522052
8409573
9304278
1468545
1123027
3046406
377708
1458307
3133792
8637425
5526585
5872708
3934298
8992357
7688752
5906745
3775924
9186483
7985165
5852806
1477406
3113400
2151922
8964367
4766961
4625079
3803714
8974724
3451920
5862015
7536863
3619332
1649791
2548672
5347281
3852282
1658627
2586096
4920034
404555
8755368
1118407
9461762
8888464
3454278
3122886
1066568
4592525
9946180
9473913
8957691
1592153
5336049
9534276
6003132
6046488
4606112
8756246
4633285
1888888
12573532
8821895
2063080
8957968
11002403
8400497
5578190
11017222
8989084
4607789
205618
8803609
1216982
3223072
3455236
2040233
3485176
213928
6065680
533673
824406
9351971
6063484
4702343
804747
5867344
10840900
9110436
6038063
4756925
9336832
5481884
8220486
5993639
7712343
8748878
8285888
5867755
9514957
4646435
5224636
5271987
3481946
7778028
363253
4482163
3097857
9302214
8155363
3774667
4484118
9175681
8897831
9972815
4680620
8638696
8957690
3382297
6291303
7546435
5547774
1970538
3853589
3252560
7558725
10195393
8742575
4603644
8401308
8635853
4749918
11029766
6304803
5345912
1555128
508482
8997345
555101
3507735
8744231
1589252
191212
8278743
4519225
1703833
3212062
8643674
4506881
15641
8643178
10009093
4533509
5527161
8766814
4500820
4542958
3644143
8638463
3024642
3579940
190579
2073968
3324728
1639911
7703198
8758573
1220629
3326655
4670369
8059311
1597402
2750238
3199022
4608640
3779595
8642972
9110837
11188094
4698381
1906922
3347908
3873373
8717287
7925697
1992773
6105327
8297771
1568219
2635703
3874189
5873549
4542735
3462337
4614979
8125141
5545296
8876815
7725473
5764235
3186864
1587946
510637
8718232
743536
5914780
8415511
1227920
1085057
365583
8953146
4588512
9315722
4593649
2059195
368072
7690136
1907552
6109554
9069349
2609508
5241917
7942558
3855094
2568471
8759076
5157354
8734296
6305857
3180547
3097788
8993778
8835790
2153467
13817296
3878723
8752274
512066
9423115
10830118
6038321
4634392
2254031
6068933
8498272
4608563
8391084
12722805
8281610
13888696
7686858
600904
2063730
5323370
4561732
8951566
2887627
6117212
4500417
4691272
2645285
4706176
8736185
4621684
3792057
301882
4506783
3205676
1118202
2147440
4706328
2055674
8412195
1601480
7609114
1957865
3122540
2152193
6590015
1594347
8740235
3300198
8631740
1520751
1552473
3878591
8648507
11016140
8898954
11175353
221523
5303738
8304808
121500
4510088
1593447
5862974
8976528
8885961
7819218
8873174
5168694
384098
8632404
2847156
11215000
4700178
3925625
702824
3129108
8825137
9779922
3181213
8680291
4595255
9001992
10156683
1526100
3778730
713142
3881167
8291772
1582038
1565765
2535810
8751341
8744228
2037447
8635225
4480493
11183256
5923046
1972124
4512881
3225742
1147139
6283434
3621907
115621
1560621
9535798
4533059
379803
9109905
3123710
3128364
534950
8950094
2749189
1586665
8997448
5656399
7559471
4938221
204983
2081967
1602146
4748719
2058784
4485301
13886873
5224137
9977534
561361
4545118
2257277
8948522
8862100
4749107
9062269
1084823
3506581
2748541
2152203
4593318
7723911
1591852
3806664
7506763
4652342
12322612
9017325
8637336
7350484
9067637
5367315
1636818
2496610
5545148
10859721
3776911
4513543
4697446
384219
11139056
3293277
1529892
6065802
4536418
3212024
8968982
2535120
7966891
7406504
7549139
1975481
8740824
3126981
1561391
8831172
607469
3803416
6052174
7513632
4588960
8957501
1693073
9451823
5313305
111391
1973988
5222647
5448226
298750
4917289
7623909
4585998
4506405
3364497
5542768
5213504
2819127
10193991
9988179
808685
4689752
4502660
9294979
8795830
4577182
3356373
4632792
2011416
11898471
3355896
3640419
11016145
3347157
212863
4513133
1570687
1826835
87590
5355744
6298613
3139284
7636478
7732602
1642253
4486056
9324763
3624155
3450659
621561
7937595
8412674
804830
3504639
4788020
5314801
1229000
3130975
3360037
3223584
7404378
3367760
6090179
6065726
601844
8285675
2221093
6107195
6059374
5502161
1509092
8682101
1980591
6081534
3098594
3152212
9299931
415077
1973911
2072217
4762230
7737025
8391979
3142667
6046092
8375806
9003821
4594372
1587284
1805830
8860936
3390019
10833937
322500
5916042
3853946
3467245
6070710
3232499
8392106
8957030
9058613
1136022
4514787
621085
495043
3180610
3869972
5904780
6067321
2848789
1834119
4588779
5871053
5233054
4687744
8857855
8958133
4633474
556490
2047760
7643351
8717126
3892027
9178304
8869042
1740625
4638353
1646636
2003663
8637260
8296023
2005380
4581392
1695544
366637
8563206
9030016
561582
3453324
8974924
13812924
9405996
12424847
9052862
4602350
3253071
8985427
1609422
1175276
3620338
8806089
2017106
553852
5918537
3132769
4633408
575262
8410734
8682887
4824088
1564062
6105946
12800279
1603973
534396
8887497
8803469
5301608
97329
7924548
6060658
8744825
8734967
1593068
1693301
582180
1588043
2143062
1901716
6107007
2606614
8634775
8682404
3374255
3876971
12623447
7689858
3913864
8273746
1616127
5448098
4819378
5341066
7610657
6056956
1523211
5348097
2038200
5295868
1071597
1120696
3309955
7773930
4702410
4630086
1540687
8976923
8630918
385666
9461375
108007
10154111
3496635
1035023
6288542
8897118
44288
9432064
550492
6051885
43090
4649167
3063820
3870510
7776072
5545132
350484
83082
599221
3135309
4773058
3189205
11088907
290316
2844376
2247061
550382
1032996
9114666
8413335
8969174
2598547
5222019
4572948
4476074
8749088
5348995
5072418
6101958
6074143
4688434
9616187
11017721
2081574
8639301
3927607
1815383
8850834
9102262
5801630
7653924
8958137
2577801
4611979
127862
3864701
8857203
1974868
484102
7690895
1151441
8957989
1788366
8864176
8856982
4835721
107507
3806937
1900604
7465356
1594611
5546302
4681998
7639093
543684
9780177
7647832
1550992
3378383
8077235
8955243
1120144
7351633
2636079
8410319
4621280
3129023
4516511
3806010
4738090
5361262
2151381
1903626
8912519
3117929
8744680
9466972
1791446
4662148
5507669
496402
812501
3129251
8716588
3509621
7923442
11182941
5583255
9003733
8957600
555880
541918
5485068
7654986
554109
8835978
6063569
5366383
3143565
8631246
4524595
4705542
7659866
7394180
7831217
1843490
7992008
2647281
8754963
4826682
11005657
2644289
8563266
8948374
8689364
293630
5363334
555738
8236029
3098383
582328
4569198
2609834
1983525
8730556
2646590
2006424
3331229
8950813
4764971
10195222
5479093
1111277
1498104
278591
7994064
1597985
149385
8387777
9590678
8875855
9306519
6093420
1624465
5347910
7734379
1114037
3507133
3475880
4639843
551192
2057098
2607294
3778212
4721980
8876706
8285663
7924193
7799346
4779412
4589850
5870686
3147754
8887371
1977635
5334505
9428599
6079156
4916731
9432640
6065807
8372674
3887033
8835974
8957249
4742866
813344
8873649
1971815
6058771
5243008
3253773
3233445
4583689
9035255
3155342
708638
2989598
3505203
5583827
7523247
11967187
1682893
7724843
577064
5311618
8810647
8636706
6057225
8647928
1897261
8715064
3039372
1568397
4732899
4592501
4830874
8296389
8907312
8631719
8511341
4473771
3494465
8622037
1895365
5360264
8909289
4632065
491967
8961496
3257778
385048
4701819
9780215
8974016
8676595
5904790
5913695
12052367
3934588
1582941
8949455
3633682
4572221
9189005
2741272
5320073
2044415
605924
5335677
4560595
4628047
6044393
7400963
8952275
2991200
6071808
8742018
6094866
8799782
6066673
9783343
4650783
8636332
3256864
4740982
1701740
9876412
4929581
2739361
6111813
1469112
1258906
3073600
6137143
83170
4535881
3083344
2739085
8956793
1170640
3392604
4590600
5350979
7451715
4473498
5221181
1082997
2001182
737593
7713607
4706521
5917136
2540668
2080336
5334842
7923744
12666686
1462415
3854791
12780633
9422304
5579389
7504573
7823924
2737099
8948582
541179
1601565
2535908
4604182
1634755
560604
108006
1647705
3852747
684818
5199210
7564089
4768477
8312845
8885072
3098532
7425756
5914686
3519130
467839
12798795
9290040
7275446
296749
2032301
198517
8631799
8362536
1591068
8947544
2034986
375128
4619247
7633755
7732873
8296753
9059130
9450448
7413627
8737541
2587968
8960118
8392082
5869696
1976236
12078741
1969446
6063529
4506586
1974746
1050121
8882005
4527935
309895
6111719
7656295
8776175
5661625
4506942
8159104
8235998
6065717
3148887
4579594
339890
4702010
8739389
8865331
5357150
4711130
3434277
3797856
3773011
708624
4566022
597234
4503402
8096887
1114035
8638693
1895584
3032042
1789171
8954863
4596558
1567619
8757716
4595999
1832799
5861811
4752121
9316736
9514958
8745318
8615320
8845074
7653155
9174686
9530937
8753672
3891891
8757804
2046053
8907041
3014045
4513154
4567243
4582568
3043934
1821436
4747038
2031622
6091471
3454659
4495850
2744856
8076976
8735232
9768362
5346382
8815763
6132377
5274051
9018394
11116958
2548771
4599667
11095409
1092659
2646361
7516822
8437187
5344766
4503913
7383121
705129
8958675
1528035
9309137
395916
7536958
145831
7622190
2057768
7394405
1681546
8627913
1095739
3152796
3152367
686940
2646078
9755143
8957778
3174442
9955973
7629861
1898920
8719186
8409188
492973
8721552
8679425
1205918
5240537
10610911
559770
10163895
1123955
150745
9465379
8792314
6284188
8822292
3504613
12495282
8939337
4571980
542005
7823797
622983
3188281
8716095
8949763
7922642
7982606
5320017
5669198
4606442
7427371
4760819
807572
3488475
9595538
3625718
6287446
7297272
8873041
8957698
3260607
4671015
1084647
8100311
2079482
5300869
1829889
9469461
5547946
4516143
1998045
8834992
1987386
3075066
6059817
1899868
2593393
614964
8957260
1979288
7776565
6074165
5358028
1617287
2739094
3785146
709719
8638116
8124309
3784124
3870110
7605815
20254
2576844
8649831
290660
34728
794777
5360163
4506769
1592159
9584376
7799561
8280009
4542646
7352093
8755769
8075343
533064
2643459
4510665
8952845
8083843
8759477
4686491
9772892
8775184
1981864
8978301
104407
11025384
8864749
632412
5513621
4609887
3428945
5331854
3784934
2719424
8069878
9932032
713873
358234
369691
2738123
110735
3123514
3463516
549385
108693
3269482
3507343
5157352
9000433
9580038
9017209
8957703
1567571
2576671
8987252
9414387
1675856
8757563
3519367
3488100
326205
8739902
12780931
3632709
489478
1523226
1587547
3127838
8614229
7607482
5244754
8411090
2535693
3867108
142576
470089
8989720
9762986
9879959
6081330
475540
8754837
3102181
2001313
467576
2612895
5301902
12498847
2047839
11189423
1521432
2809767
7467124
297304
7516650
8840457
1700422
4499328
4726030
7769434
7394391
787773
1550696
4830247
8716312
7746857
4681454
8884208
1690690
5906701
3214128
8096331
11007239
7647127
1572631
5999186
236449
6099325
4769844
8871266
8861541
8096674
3127570
7925532
2044633
4519503
8732269
1688230
10712745
3435375
8744665
2891029
8991273
9463784
3390308
8685035
8962960
3368260
1646222
8263192
7405137
10840311
7688791
369109
1248739
1134210
3136528
3124540
6109438
9880719
6069232
4538052
3785994
3631929
4603472
8639425
2549573
2078741
5492803
3480271
6097798
3118079
3920638
236327
202687
1751028
8956687
330084
8857870
8824959
8956151
9470139
8957664
8414867
3356939
5580006
228998
2616060
10922694
1593284
2080120
1887753
7559096
7710707
1191020
4607049
8735397
8640260
8967898
6064463
8431846
3869853
7467591
7702344
5240538
5564906
1959178
3623698
9882999
5606125
6301635
324044
7367815
6108094
8377241
4613370
4522454
1657907
8649017
8953867
9012983
5301573
9419692
8405982
3004426
559711
8292165
7382726
8414599
8644085
1832776
10008253
6066203
4701793
118567
6145182
9120862
3225741
4620557
6291723
8848847
7631711
539441
10831581
8994362
4516335
5747636
9018049
514222
3445381
9781059
3390765
9014863
9466299
3191617
5583042
3446087
8946374
5995154
3640520
82828
10154175
1097556
2822783
1685448
4594271
3624505
121709
8358110
1184335
9111128
9750200
1684275
8416454
745398
729512
4727800
8390288
8976537
7352006
1134248
1549880
9468124
4795674
4596882
2779607
4477470
9016354
10190104
4722307
517835
7428697
538978
302085
8103077
1875478
7605805
2006387
4649432
7426559
438467
5917027
1749611
5918250
3520295
2645833
4651579
3130663
1268943
9404607
8744903
5611296
2153497
8872852
5308698
2059573
4485894
7622946
8749137
2058106
3868551
4694436
588381
1595270
4511498
6074811
9845880
367678
4647279
2818517
1673379
9515157
8632504
471455
8732185
4475884
3458828
576818
447765
8754776
1625808
7841746
3480942
5326468
5913307
7635915
3638136
5650595
8744755
6115725
4558410
8662768
8152363
8649421
389596
6107249
621901
8644899
1541921
8889554
6094970
7449833
4606827
1115367
3123085
3267291
8996663
1988622
1580942
10002374
5543072
3772108
8850176
2222878
3158272
3781727
9464851
4604970
2063394
11026906
8996983
4534014
9214244
3223231
1648431
4665495
8819794
1811086
4624906
8638063
1815380
3169170
4594520
7825589
2896366
8267393
3926866
2577046
569603
4552256
5912668
3498939
1987999
4489008
1990707
2604826
7843904
478981
3456728
1992204
5325276
1560475
6115883
145957
4825793
11002267
6101865
1663258
1982866
4679604
4723985
3507445
8680278
9345887
1535645
4586523
4729410
9202306
83480
108316
2608234
8631876
5167913
1099236
5292672
2151784
7618258
366761
4546957
2498713
5277985
5860884
8396002
7647770
1999957
5413023
4729335
6066086
3351792
597269
13390422
301435
4645640
1468614
4693116
1589137
3783012
8757707
8951062
8496867
4549540
4510882
5564950
7551159
541668
2570968
5326288
389561
8957170
3508903
1170772
3505447
7350572
3876034
12046471
4640411
1569092
10924147
8726424
5611381
1224911
2011446
6102316
7551321
627944
8892976
8086024
1178943
600232
8103466
6056419
4539576
4504964
4654348
1985117
8411255
3624212
3026421
4583306
4535228
2731573
9352289
2228861
4640867
3879258
1990932
8867360
4490644
4915909
4517015
1467150
5869920
8746441
5299226
5356256
10204820
8634208
1890494
6114811
8978526
4831236
1291264
2045897
65807
10189195
471546
4705679
4772731
7537306
4479061
6108770
7822299
8754663
4761271
8951718
8376893
4920283
9306759
3620353
3799424
8645046
9486474
3881140
3877007
2608436
4510890
4601639
620858
8990088
7553141
3224295
9058956
1218375
3140394
1497203
742810
5918103
8079329
8643957
2002168
8995873
8638288
602292
6073673
5926792
519792
6109425
5582408
8650015
8365756
2496401
12780713
542957
4586691
6113514
2043283
8406248
7545441
4682075
9448716
9000043
9758315
3343401
4681620
9451265
3151706
5992639
4511806
1542220
6059366
8879197
8378518
8850408
4752953
8713229
2605631
1165889
1661637
40893
731030
1985810
6102305
8440023
9062646
8282676
7480671
4566270
5299803
5875370
2033344
8633549
1596661
712399
1704032
2751523
5302985
7694035
5219291
1106639
5270192
2613904
2071541
8991665
4628016
11195077
4606800
4669515
6290470
5647308
9352309
5498826
594079
4535449
8630523
8294337
713383
12516073
2578968
510904
4724827
8644790
8961351
5587018
1240805
1601203
5898452
5345826
3223964
3782794
4533320
8415569
3510218
2244169
2066636
8899080
367966
3921441
3137174
8715781
8743320
2633612
8619095
1622404
7439587
11220321
1611484
117535
1609003
7437770
1775102
8636030
5249756
3434685
8390778
5226515
2497010
8437898
4488732
1830018
8411
8412620
1139868
2537705
3770395
1990538
9764362
459337
11693312
4474752
8830508
7745502
480486
4474998
7616713
7771873
5545006
456370
532740
581403
8977843
6067469
11459575
1959363
8961214
5866327
8648182
7780856
6123419
6093038
5653270
1594363
8993092
11188435
4520971
7778931
8638268
9428736
11174594
3867298
8960374
3931448
7771431
4535201
6090018
145255
9427396
6038820
1899809
3143893
4494780
9304056
7381447
8876282
3796230
6111792
1256769
1641601
4682445
9104968
5631622
1827984
8979915
1225531
2151943
356751
11220482
4516104
6147030
5915159
1683002
2077416
1690986
4594744
3075750
3122768
444052
5919949
4515931
5571754
827614
4496910
3621934
101972
8852209
5347295
3353617
9324764
1225295
8750333
5305399
5326500
4693195
11218393
6068442
479865
4579430
2727982
8713377
7400719
3476054
812508
2079002
8777895
4926419
9591840
4820757
2777844
9774027
6173758
1811911
8856906
5917610
8723970
9774480
3777173
5628991
6061279
559671
4480406
7426263
8760313
3229976
5914567
8890469
2045105
3343938
9297540
9062626
6123448
1892293
4609099
3881008
1840169
1254537
3791530
3872673
4550875
3353547
4611318
3148903
176481
4645299
7409814
8737564
7433983
384095
4606247
9407861
8845494
4614937
8536258
7556637
1689344
1642996
5281775
8952990
3098574
6297574
8389416
4725873
5343790
1974956
3641030
7624348
3886582
6071294
10187621
1685058
3252046
8962152
7703489
619966
1895696
5919859
1228976
539440
6081575
3185941
5244911
5896915
4598391
4744394
2055927
8726069
7466608
8478831
8388267
11202726
10999246
5310929
9315174
7558810
9113170
2540647
1835885
9434676
4775879
4823277
628137
5280768
8829846
829404
7503787
3144365
703996
5872664
1977229
1186479
5283566
8755006
3803805
1978498
4593120
4915843
1590993
4640727
2039717
4685750
9213084
1072349
9455759
1528758
9943164
3438079
7836886
144492
8098154
1819367
9937169
8742844
8067699
4613589
3121722
707876
462228
9304032
9214735
3784987
9403671
8754220
58651
2570269
6008618
202220
324915
9214106
5347721
8963345
5529723
1895749
9806878
7823882
2750132
4585131
1629953
9336645
4928495
4505999
2057291
6007558
7844873
8638636
8957764
3310880
3157915
6040222
1604550
1994682
6114845
1889359
532971
9472851
8729967
4545634
9436938
107545
2479468
10009537
4920085
12094500
7430783
1970310
8884184
7710718
4625546
534592
3884593
618629
1563410
5536577
1639764
12711552
5529710
551402
4718928
357754
8998359
1601367
7631713
8873380
1975450
351842
3216141
9305792
4788585
5401691
7456116
8391978
542254
9889031
8855153
8831338
4626915
8627312
8666557
1088240
3827427
7923347
8994309
3509759
7428616
5924467
8632883
2079507
8753488
97454
437714
8217240
1077324
3579877
4533067
4772964
9176420
4684564
1518881
2568030
3434375
8823216
8854174
8807236
632402
2702441
238722
9311276
1893992
1652501
6143105
1567028
8957984
1694361
6059507
8550142
612675
1981211
9305616
10611845
3497992
2618622
4764230
1675914
4506589
1458222
7666575
3118858
5355942
4773685
8881599
7624146
8640297
134619
6078809
8416518
5387272
10190516
2646037
9299844
11746324
4791516
8973004
4503579
1634322
2785749
1573781
3010275
8755258
9631497
2743323
4584008
4763616
6107677
8712924
4625427
9390052
8564138
368995
106986
7924624
1908177
7462868
253463
4789547
3442436
9545156
1203478
1904845
6098208
2588157
1591157
3919333
9288066
8643078
9451161
1598279
1892786
3344104
8999867
8841384
4535796
1046645
507919
7488168
2153454
6047434
3634439
4514011
1984386
8518351
2036855
10231830
5232094
8235834
8771287
1672201
8991471
2830514
8413721
4486675
8625756
2614038
5914470
1632922
6293340
8782971
10198522
3624907
8396501
6113597
8957784
7919906
3868152
9423133
2537278
7786380
9101484
579875
3430936
1057232
51563
3353740
1895486
9497539
1980597
3929244
6098894
2003110
372042
8869499
5354852
4506172
4518618
8909379
4833647
1601269
135172
5372744
8269663
3778267
530474
8631952
8411665
1228178
9491761
4611569
11131677
5263753
7348263
1891941
806167
5490372
9061401
6048832
2586610
5885373
522873
2534437
664607
528733
8875606
8957608
5374274
1702120
5255283
9020500
3623646
83910
3120503
1591791
8388303
8643881
9446973
8887703
4645176
7621106
3915146
5659726
1873772
4500744
382238
5349544
9315518
3891805
7795806
1590809
7440668
1981076
4506033
8304734
3784614
3469916
6589763
1589497
1209455
1537891
3125863
3921369
7263178
9453830
7609328
9105243
5875374
1183684
8106640
6088944
6065771
8386315
1582760
6081481
2641206
12305817
7747636
1905552
3782832
8236008
6109380
6014683
8279860
788505
2076847
4608849
5352242
8637420
1623739
8656357
1541614
3261896
8757181
7406455
523789
8747850
4512299
4507434
5554444
1588714
8389453
9072718
5551467
10574394
9461317
11018616
5328086
8630438
8294621
479062
6061730
4626960
8966682
1986939
3226940
7623787
1610394
7609348
1228445
1670249
7813436
3802116
347494
4504458
7729814
4771445
4597804
2631376
5345915
620027
1548436
4695778
5904354
2888707
4831114
6196204
1590888
3040989
12745645
5234649
1128846
8759513
3807359
2644011
7755120
8126585
7644509
4505295
5584036
8075835
5914298
84525
8713900
3781165
4792165
5869549
5532958
738716
5343635
1468564
8306925
3390203
7701069
4549947
6138635
8806990
3792694
6070347
5925252
9515679
1627241
1820585
2569044
9173235
8564006
7815801
8872493
4518503
4489037
3795837
9877712
9378443
8868838
8748841
8969513
1567319
7639506
6061588
2254627
8894506
8504760
40408
8751235
5208849
641385
2581545
4508497
2532894
5327472
141423
8842510
8885268
4514144
5362837
15952
3219021
4788537
8835029
9875621
4545978
4503469
8848912
7625792
4475023
11012419
4506439
4737478
8886629
2007157
4700288
8875613
3182974
401268
1873374
1099681
8993271
8718617
9977121
1455137
4513909
7499168
3489441
7487822
739118
8740530
11224416
1569892
8993317
1892128
11072173
1650444
1038259
5864708
706956
2056329
8076614
7624282
8559678
6034355
5251066
7551119
3175428
3924587
8881679
1894994
8390334
333389
3128272
4619090
366068
2073795
1966124
7408182
4548732
9805683
1634606
4649476
1605066
8074038
4591614
8957402
8801979
4676686
3934331
5440843
4594460
3139779
1895025
632427
1587340
11015391
1691156
2045136
8096498
2751436
8664000
1971278
453924
2742505
2780080
1615509
1224253
8391771
1693084
8751246
7408209
6041682
9583752
3123434
8992155
1729571
8726018
5583527
3098207
3791615
8066264
4787018
8989142
4594171
11009255
8875618
7638692
7541539
8627445
3129548
5544225
7760304
448395
7746582
2512016
8991903
7774201
6112990
71082
1795485
8640121
1569692
6589011
2118179
4534253
8745418
3882315
240646
4499327
9321823
1199246
8748325
576684
7545561
8748887
8958058
2608199
4707199
3579790
3878734
8959603
5656364
94566
8853103
8515819
1554943
4687824
5181802
2011736
4820336
2061991
8415871
7775763
8993339
4704636
1902084
5325175
7841786
3134805
3353096
221368
105027
3770305
9829022
5574501
3440012
9403544
5460552
3785583
1657485
382600
594550
11204212
5914110
8998963
8662216
12452748
8956023
627461
1586718
6093753
3442920
5917157
3260969
7829646
8959536
3032833
9407958
731264
6148492
2977041
5595007
8842090
55651
1569392
7926640
5352980
2629667
2590429
8961657
6056659
3344570
6042744
7561379
9038414
8755343
8727176
7637981
8106897
4712776
6031374
8908733
6046141
10256110
2833961
1835388
6056732
1802002
1138925
3776255
5548044
8742839
8795079
6051662
7919922
2068914
3865148
8960211
8825179
3329246
6044231
4506667
2065436
9176548
4532445
8665534
9125997
3471227
3539770
9973627
7945148
1572864
3384157
3501433
6112219
4514573
8751026
5883752
8235997
1889597
5351469
4566743
7634453
6016074
9413036
5926471
12720768
121922
10995745
6169240
4726553
5888482
1689869
7520226
1838196
3150810
11016718
8999426
8641827
9062465
7751700
9879452
3332914
8412006
1570958
6035578
11015188
9127094
4501152
5925517
2100682
8946853
4646621
9908091
4766072
1592049
548694
12297475
2146687
8958796
149134
4498322
4537929
3225198
9850240
382549
4789908
3097801
8624678
2625723
4600470
8820555
4532725
1096504
8960738
3776079
530624
4740421
8754179
13106672
8885510
1655537
9908084
3245859
6077045
211894
9394240
6511070
1689140
8996589
9102734
8853972
3807929
531214
8958939
8752863
4538008
129923
3877752
4747389
1872662
8098282
9064282
732606
9334136
9763752
5918046
7625235
6146789
4646781
2549909
1551335
2611312
1250742
9035968
506604
12776549
7690237
9833489
3779670
8802750
1252024
3288911
8616931
2772961
8635471
801469
4623349
8964368
5410953
3516697
9040209
5551032
9297580
8634313
2646819
5216896
2555850
9944457
3064394
7552142
8140941
8949947
2000552
6067632
619461
5181327
5280558
9970471
1175244
2531852
6063452
7389847
9809379
3131667
3422582
1791202
9877946
6118390
8383517
8957779
9047142
2784745
4486219
10835608
9030459
1798346
4682688
8735236
1838286
3056687
4509206
3775675
7725453
3118381
3121959
705799
12495591
1672281
8993738
3926740
1789020
3494097
4526874
1173105
10170398
1984244
4676167
8415128
9462317
231093
8951468
4507225
108255
9466835
8975455
1523150
11173839
1679621
9058380
8383876
1567486
8629413
4537979
12812854
3798642
8237082
12755285
3144535
7794234
5557209
3352176
8223461
425840
8235949
6067521
285777
2038948
4625901
6094873
7755608
8745385
5630792
2066001
8634859
1554686
3221314
3341422
3815905
1527024
8957029
8628576
12492350
472145
2594188
8951505
630600
6303745
1457434
327521
5511234
6176940
494847
2640301
1894339
7461648
9943639
8643188
3811645
1899943
8685021
32773
335183
129958
8740374
9172492
1835248
5387593
8364863
595471
8743097
3353225
4534937
1561632
8840807
3925758
9974271
7936080
251331
4550091
5335900
1894555
140218
1573901
1647210
455950
4620855
8685481
3237940
9003133
8970020
9537513
4505085
9321490
7965354
3627599
3123904
8736626
3770153
12573172
5920595
8949941
3501472
8849705
3785508
12320011
146142
5231976
2001578
2638718
11097166
4683291
8989690
7628475
8719799
3799551
3324742
1806050
7468190
8627398
1247558
626957
4522324
3866863
12092200
3508084
425866
9067116
4787057
11021413
9777848
9984962
8998365
3041241
3787217
8974598
2107420
8103362
8878177
5917262
1471307
1690568
4587404
4511504
8646678
9893277
5388034
8766214
1648926
2832294
1599021
4474165
3787024
12439327
5587381
3387870
8385628
1704098
367181
1301134
1681075
8151429
2002400
3320347
3925436
8952570
3391401
8953618
297056
9779860
3621493
8217210
9421510
1564356
7686014
7702495
8474987
8392399
9444102
2641719
4593385
5519834
1592150
7630367
4502652
1593434
3510569
9584016
6296401
3488684
12689510
1412966
3626116
9212889
5265527
440686
152993
7376270
6082496
2041107
5898541
8103005
8642734
1592458
3773807
1674188
12624149
8272145
1743985
8953087
5914229
9891688
2817643
5570758
166836
8717191
9034599
9433093
8150608
3877762
8635046
7735552
5300321
101859
4516498
3161700
2539350
3124044
9902940
5532534
8956111
8639121
8801790
2040794
29462
8954317
205617
2541997
3223123
6040679
2895259
12747394
3346143
2618331
8865924
9462660
7943087
3378984
9914318
447532
8868371
10271016
4604857
8740837
7965044
333604
2895395
4473913
5868191
5865957
4708703
2574672
8640957
8972043
7640735
450999
9048715
8765450
3358788
8110021
1179271
8838809
2591957
5916953
4744188
8754965
8631178
5654199
533054
3879533
10231627
8977198
1203353
3440643
1510433
7358902
2231363
5919079
2738394
8104045
4687755
5879671
6303164
7644733
6044948
1889519
1563881
4506753
1547326
616210
8550729
11745750
7641778
5279906
7922202
475011
4475363
1958812
5567318
625382
578348
602713
3856642
8376892
5917633
1694283
3449115
2077527
14588
3074626
7745889
8997267
3507840
196434
6292628
2571414
9110085
1482057
6075782
8758869
8476365
8212572
2569953
3880903
2060979
9431958
3290276
8826490
5263906
1597992
616889
5597839
3201681
7406462
9292898
7406272
11691637
7384105
2003930
2545630
3788318
1881006
456333
608299
1638165
8955782
8631044
4539864
8848325
7365614
8534005
7441759
8072857
1209302
7720879
3340659
61223
351667
8625661
9494424
9504823
1639892
1758393
8839237
11019658
1650190
5627863
369917
7994621
547695
8486919
5888068
4534435
4637554
101389
9880702
220380
3137937
1656777
9292676
4860549
8959752
8743562
3219073
2491596
6105061
3322909
1987606
11190435
5295126
634309
542755
3509040
3382924
1220734
7751757
3039901
7281923
1467556
4823974
8892389
10197768
445450
5232561
1520944
9782406
8001149
591571
2750341
4659217
4589083
5513656
10153587
1467240
7743763
8743690
2042773
3505981
3224267
8629889
4682587
2737491
8684988
1257484
4640972
2749142
8560655
8414794
6092956
4555371
8751431
9906427
1888668
6067953
6116686
10194801
1703937
3915288
2613313
4679753
6104153
3468613
11083538
1636653
471232
8744790
12745918
1552941
528022
634480
12436709
3194758
1770666
3636917
188499
490958
440853
6107003
8272613
4491164
4590783
8290223
6056907
8297044
2142434
2043503
9294531
7924164
1591921
4602628
1244825
3020154
1988332
7762097
6088916
1790609
175740
3188324
4733722
5496011
9421345
12116837
5675480
8632789
1702801
212075
2894338
5518817
2777873
3257660
543012
220809
1986401
12761393
4547592
6296891
426166
5915092
3285766
3383103
419584
2749476
3482993
3509016
1648160
6073103
1686376
7726771
2649094
4865672
212239
6080785
630323
5309304
508803
8635405
66953
3868035
1592974
6076945
2534217
3492923
8958090
1989931
8998222
1596539
9339628
5526398
8848804
3436099
8752641
3438025
370568
640706
1136376
6060802
7663812
10187264
4689624
4490386
3215141
563929
8388114
5530376
5270240
1973463
12465449
7776415
4745959
4793129
4571599
2571569
1587043
183978
1836997
7371096
8610663
9017919
7768028
8877775
4649980
9305796
8914621
7922258
7561054
1874336
5305221
1992491
7924549
12725724
3877534
2142799
8478432
8963841
5331371
1097583
7662635
6054034
8635370
564771
4641907
4631636
1580837
3120252
5301162
1577044
4643731
584841
7748868
8865893
2644075
1693606
9079259
3177428
2153106
5268912
5335695
8750351
1565470
2151651
7615556
3138393
2137121
4591024
1565541
1616610
2082009
5287538
1117213
1224138
487191
1531592
3227714
435875
8958135
4703296
5353530
516302
8880346
9061861
499157
7362896
4583674
2739729
5539889
3481387
1117068
4745817
2569226
3638943
1195849
3821276
6064411
2736902
4541537
3322266
1900995
7575986
2042363
4643141
6285564
8089637
3124568
8648272
383017
3342463
3259660
4639285
8757550
42396
1498205
4696035
704891
4695728
2987881
2778541
2047485
2749217
9214721
3781488
296765
4726694
4542665
5379215
8636262
1675393
3782797
8635092
2576303
8224697
267464
3111571
4550931
4505701
8948815
5359650
7406075
8734456
3139955
807878
3353661
8861754
1275271
13852744
3042317
510599
2599831
8968460
8992478
12424432
2593753
4694429
9458099
1527458
6039678
8716631
8897191
8762927
12764463
419744
5550668
4568987
3148931
8753184
7694294
3780876
5391574
1224878
3141121
4686819
8994660
4720087
3257946
8788159
8687186
258057
3353242
4592084
2537842
4491124
4506751
3227476
7387357
8640411
3881281
8124894
9017289
6045913
2000952
827602
8958615
1226817
7753050
522064
2578656
2154406
617851
3436327
4765818
3633628
8679186
2598831
1834154
3167064
9519759
4494478
2727510
4490736
4538731
1248244
4490672
7691322
3137451
3783687
2719663
8410357
3923317
10221053
1585873
512100
12345788
1522002
8507949
2242806
3631177
3464563
3807084
5924540
3350568
8948316
8834945
7690480
8628458
4475068
8852104
441564
3779291
9902132
4766565
3189631
7616190
3805287
8388129
494526
3932695
259170
193147
12829258
8630235
8836088
3875369
8550567
4851369
1519284
3250912
12801338
4517287
1987440
2230712
5538086
5535205
364886
8998424
1584481
4595985
1690373
3882145
7462677
8849971
1599348
4535694
541429
5359394
1973248
9455650
10845011
7351131
12575253
6087301
8871094
1526639
6090190
3818993
1697626
307102
8953617
12739172
4672855
5343492
3777044
1563380
7407609
525497
8416632
3297880
3780533
2145343
531329
3805586
5501852
8871626
3774145
3216424
1966121
9493310
4504765
1299963
3881562
9301051
2594647
583495
1113705
8750936
1904296
6036860
1871754
11097579
4520977
8858836
3266150
5916673
3133154
3149991
1680030
10864131
8899234
9001729
705269
4634909
1677566
3461954
4548706
1571529
3273476
2087122
7635560
7794777
3315872
4916645
8387116
13888361
8288008
461389
577521
2765894
2495138
7777622
9456341
5250492
678780
9367507
3343658
2007432
3869844
8867539
8127924
13485708
6137754
1693167
6097900
3128243
9213211
3496827
2220611
3140293
1984019
8875533
2537510
632544
11173774
1898054
9427612
4777968
1806570
4633058
304100
3027782
150834
206447
4715682
8958147
8970165
2574162
8074258
4502254
7774318
4635438
5230007
6071137
10207846
264212
7373801
3886226
8862845
6066495
112679
4814421
1986424
1034034
3630899
3880583
8677314
5335455
6085860
1562443
8885921
1685350
7518681
8758377
8754814
9758155
7543696
8961183
617433
4697247
4603002
6296962
4534790
9519908
4690586
310125
1604323
2070468
3495632
4634026
8814608
3933020
8524398
1647716
8650017
5343976
3784276
9468150
8645919
3638339
5107621
9466394
5635877
3225219
4504299
12780058
3460874
3506557
10174828
1983586
6037672
5347157
6088672
72746
1225955
1870783
544478
5524523
7395433
1601029
5327908
7468182
148626
5916931
5356762
4628504
8897528
4757305
8638308
27022
8631750
7653740
8867896
3885942
1527951
8280280
8637776
11011051
8278910
1633383
1713559
5922535
2090254
7920905
5529709
5920081
2574305
1643046
7763234
8992185
6099286
5191420
4634771
3246191
2235834
2549535
8052766
8948145
1837905
534251
9450071
8627919
6055092
741253
5571861
8747901
9058364
6098319
1999580
9043663
1034190
8830215
714301
3507591
8404114
1208432
8749258
4603837
8942029
8841341
4601154
9300444
4626367
9522141
7780482
8731700
3455301
1872421
44535
8632952
8996545
4756060
11539700
1813202
614186
8953217
8999136
6109591
5231686
1097066
2743664
5353968
1585826
549266
2042945
6055849
10876950
3639298
7538530
2582123
2575955
6295324
1456458
3804422
5203262
6045808
7832660
8415004
1892934
375680
10229487
4500896
3297666
10229663
8942708
8830108
2244255
8124679
1580760
8375943
8841458
3775201
8868774
7560489
9469070
6057137
4538095
6059829
4692649
1903070
1977455
8996734
12321105
9748909
580093
9038844
5920162
9001037
4506440
2611476
4504959
7638281
6087907
8723603
1901625
9102393
475232
4603904
1993031
8301358
2635981
1569780
2530584
12735548
1649206
1673186
3353327
7754724
8714984
3773553
11097299
1974937
1222317
9001979
8746807
488919
5922339
5923207
8828936
523754
3882336
9425313
1256919
494479
1550783
9420729
1529046
5598794
1696383
3222947
69111
8991022
1705065
5247070
1564376
2005820
3294664
9782266
8289074
3774104
1686216
3139630
7746244
9018679
8107506
8868183
8996580
5205588
7516830
8956893
3509743
8107217
1117504
8720520
130419
8638889
4641266
5522930
1656435
7272240
6147181
35701
357606
3145985
6286989
709052
1602535
1089233
1795714
1592828
8640709
1648238
510127
2601179
5915179
1590842
4595853
8413970
8950480
2567660
5543088
2817798
5921612
4662264
4517843
7843903
8774402
1630040
3773699
1591951
7748907
3308287
2777604
3509887
1899294
9003506
3326798
8304470
8958154
3929089
11087940
8217386
8957559
8392019
1569126
3777505
5310664
381965
8732804
5867686
5526419
519990
9845039
615942
1895881
9302513
531535
2481036
1612234
1794330
11544499
9420727
554676
3098008
3868828
1588221
4919135
3366165
8794855
4564386
1886725
3178065
1535639
1893441
5291896
1611502
6007531
12754183
486983
4760945
6046340
3378983
1223207
5587150
5326044
3880598
7347483
2076403
11535153
1789050
7536691
809716
4742647
618542
8633587
3440051
136558
1608719
8813763
6583035
8563895
4579964
8529701
3784403
4494191
1205032
1973872
9304905
1673338
7556373
9405435
4510639
8479085
1680135
8265978
73051
4821788
7431158
4927153
9017428
8749406
1158570
9900115
218885
8077077
2638938
9305834
11699184
1526852
9288112
8994511
741207
2731530
8648277
9404751
5376144
8951864
465278
473846
12086859
3248609
580404
3460293
7662819
3516792
2228976
1524050
97234
5271786
4760533
2734057
7658667
5489834
3928676
1635156
1469120
8433519
5994903
1575030
1988341
5343591
8753298
303330
828641
727218
9233314
550335
1628233
2618589
8872688
8856089
9108660
8864045
40249
8224884
6589398
683874
1998953
1652421
5926287
379568
8828989
8104316
3384394
1824236
2600021
7657985
539977
371905
639885
4593103
2059497
7844245
8955564
9420050
9062200
7541360
6053545
4589030
1977063
199439
5370713
3878309
1584594
4515858
489118
453064
9428496
1682790
1570477
1038850
9419201
8977028
8798217
8230568
9948465
3098878
8977414
3338
8956358
8873264
4537292
6590649
2153951
1686320
6051287
499732
4699464
4772909
3484212
6114783
7723688
8633573
5312134
7395884
3246581
8291145
827567
4610051
154126
4560131
3349533
14749
3221359
361227
8865875
3478815
3445251
1703447
2735366
3622442
8956733
4515404
646673
3776587
2043675
9591466
656401
5923289
5914538
8632471
2646722
88047
3404763
1133685
8956295
4476102
5233610
8634051
1978726
1456123
8873215
364449
10160478
1596510
4646035
8958162
7563149
5337363
449303
1431582
518539
5346300
7687872
8804541
8853519
4706703
9450320
1876633
365287
1645178
5922781
7914479
6059445
6107759
10116952
1518534
8645998
3127443
8218915
1976513
8237470
3126283
7404364
4504093
3395582
1120129
96868
2568296
4501150
8876933
1582083
4580931
4502739
9492310
8750506
7818385
8632677
8749089
4658842
2619077
3184772
8874909
1959308
1682632
517543
8870917
8716684
6062384
1656020
8388181
7395883
3924795
1974652
8628927
8685625
1624598
9126455
9413715
6059875
3204910
6110005
8549328
10249976
3038169
3884301
4507915
3815565
83229
8531594
8762430
405947
1569624
1990247
8844756
1907397
3492015
1458462
6113375
2644247
7773127
12351517
8831968
7516901
4761151
5352898
8753011
8912735
3630983
3300961
7677091
9431400
5509591
8544422
8856644
1644733
66108
11024808
2719052
8227805
9467013
6061796
1586967
7925022
8745785
5583810
5873760
7385117
2742613
643820
1599889
529008
3151560
8957983
1564347
8283831
5915131
1790299
4537689
2220201
4607906
1642902
4814139
3354848
11142492
1583714
8154875
7557974
8237673
9458422
5922196
6066197
8683223
4607145
2003393
8957611
13816920
7566619
3181893
4936674
1262073
8629169
1989254
8228318
4496209
88096
12524488
4642094
318629
2002431
330955
5917872
1984856
8947249
8683817
4692830
713031
8264275
7510056
7922207
2052352
7921296
8959379
1821267
1694853
8156893
2631861
3028035
8957555
4762766
5493751
4489671
7377868
1246312
1565760
5916649
7657569
8908744
94134
5225489
9492715
1181332
202648
10998041
3535392
8969101
537536
8949791
8749621
3129022
5159570
3448709
2152765
3921138
709557
146154
2042012
7425208
1811117
4619952
8263347
1597297
6063982
5370406
1575619
4679992
3095292
8561376
7389926
4607923
5570791
8748028
3784043
8070907
5536933
7620286
9297313
3620485
8894126
10186721
11072768
8629167
8951189
9517564
9819108
302671
387618
3247882
1549300
5374457
608297
1184015
157179
3037312
2640663
8839032
4666970
8061654
8754499
8957075
8952208
3082182
1567476
3492052
9896070
1660209
425001
1414929
8103879
7653807
5417851
3126742
2054755
4515966
4516224
4684431
8640126
9365661
1900651
1907532
3163734
127622
4498997
7415619
8742283
3188093
8742946
126810
1588001
8237043
2087265
1971594
3877411
8481172
5545240
1225944
8787093
1843788
9018069
7824955
9351505
3865857
703653
4692340
8284634
4643427
5193202
4589518
2776626
546836
8956185
556102
7528675
157310
9471520
6084901
7675696
4624163
2644033
7848400
12747339
107629
5914748
5427804
786619
5465068
40694
11454859
5546428
8912753
5913957
8100840
1235191
5919230
1597347
8722710
5337477
4627886
1561863
1273429
5917876
7544549
2820607
2568029
6081244
10263881
1694869
8440826
138787
3627657
1536007
240411
1984001
4477436
6090002
3800114
9463777
6066102
3126696
8887319
5582564
3098522
1662186
11164263
4847352
10183425
1563412
4704671
8828976
3932711
289309
6306041
2113831
2079602
4642001
8917062
5352718
8641435
5323962
3883542
5896879
8958486
3151457
273505
10177427
8736571
7520132
227347
4534743
576523
1217641
9059587
2987310
7525447
8886446
551808
8833326
4474162
382741
8151356
8957546
8949129
5913096
4625922
486992
9303480
9487038
1547630
4594362
4534457
8549010
6288786
2611079
4792279
3451163
9493546
5578332
4542918
1667897
8960363
3178792
5501544
3881251
8757786
1224739
8550159
9059766
2746387
13401810
627983
2498827
3227938
9078917
3883586
2893916
4669632
5326932
5222680
8126852
8809711
8437595
3920556
9498649
4621626
8978255
4596135
5391260
6146173
5266841
4629903
9471651
1593984
2599665
3301046
8895158
1632124
6587955
11018704
442275
3879060
8877512
1833283
1072713
3928145
3509846
3623146
446048
1837128
4604082
3580560
8824875
5914285
591921
808390
6017251
12619655
5232214
1551893
702729
826510
5904412
9037707
6117563
3807041
5343396
1834948
7542371
6115946
7916073
1562840
8510227
4702707
12437586
12443599
8062609
531862
5195207
4506924
4598013
10876983
267579
2151679
7369952
1074638
5336385
4589393
3487951
2215485
4633929
1224525
3052235
3125750
9462178
8834038
9419086
739302
377914
7300380
3324860
7920421
8967004
7913374
2038965
8955939
6038894
8867792
3509061
1702764
12351059
6064686
11458265
2004789
8967129
13873932
172241
9193200
3579454
1607138
7663354
11028000
97494
1894254
6074885
8717389
2641203
2084408
8951725
9297527
2823384
1893613
5916372
8863994
199120
5493391
544334
2151427
8267832
4497931
7558589
8733423
4689339
2989474
11004037
1976553
4568312
8266212
9003541
1172566
3519568
5651143
4636642
6056749
1303760
9515948
1131853
7770016
8746177
1906905
8092049
8125387
5392791
8970488
3777927
2055935
489259
2735180
203445
8641359
280672
4730772
5462632
3491083
5510111
6065541
8727682
4739370
12512629
3133016
9886642
2644802
1671649
4819169
8640884
12723560
487645
5358001
495670
3343482
7320485
3129804
4516378
8740533
3518513
11002754
487593
4764777
8843473
5913908
5373255
8073779
2989575
370863
8966576
1470480
4498458
2554459
1122516
464657
2731333
3124860
2048111
2498938
1897701
8632805
1568447
8731784
4547850
4562568
3924018
8740494
8290924
2633214
8957321
559482
5650853
7409388
3784839
3545836
7422234
465593
9178997
699760
5913759
8745425
2062438
5921871
5276441
9416916
3393724
145342
4778792
9187835
48876
8630890
1681373
7556968
6295202
349599
1592198
584304
9370770
7467
4629530
190374
9416851
5283509
3931262
597432
3382831
1727397
630321
1070231
8947907
1547854
3879659
6309651
9483187
2254583
3096289
7401128
8103595
3807916
4519563
1977456
11019054
5586547
436250
2497097
4828629
8098650
1582655
8969927
8759605
7731648
5337605
12781105
4560176
4606812
2747158
11164597
10188962
3852204
3448965
4673206
7728908
508485
8985473
5764763
3869668
4629785
6040887
4769095
543087
1475453
6038330
1563932
3863257
1106693
1574560
620494
5532806
6116889
1668512
8611336
6065828
1225095
1609831
8948506
1792959
7404701
11082297
8729494
3201102
1975172
422877
4539823
2143569
7561416
1562727
2783927
5896815
589637
2036915
10876464
5133079
8887409
2577985
8955650
3145565
10839908
1175417
8966859
2610682
4516781
8824449
3916126
3341069
3874140
507913
2825286
2527886
79224
362496
5323681
5348756
621059
1969055
7755302
9001863
9296911
4728869
5914839
4557912
1839852
3640329
5359868
8718920
2055208
5898546
3181743
5244831
1592723
5246414
6069944
1548222
3870894
11029878
10855051
5302103
12441677
6065685
11459771
2035758
8906648
1975387
4647520
8778775
1072775
1548395
7714002
5168800
5346749
73009
4935167
8848237
8380770
3444374
7915071
4547286
8884771
8956642
62811
3805234
1975758
12783189
7658503
218863
8972595
651781
30226
3388966
4677857
4539980
617041
9412389
8630103
7383193
4633476
9765670
428836
3496933
4541398
1703867
7567785
8737726
2751538
8627920
7842366
1592347
2612980
7713201
5311197
9002824
570844
3323935
8637272
2645898
8846633
6049282
40448
1507736
9984143
2039762
9375570
8631036
7431046
7526313
9472874
21768
4539495
13735557
8843164
9173773
8965615
3879086
3142704
8057699
1901333
2059071
3882084
1632879
1694244
322972
3448602
3478201
8627499
8963686
5919862
7543635
4571321
8951411
327037
4773713
4675943
8528565
1591055
5490382
9369596
4517991
1686769
8403392
1672836
1616752
1211102
4601259
1585848
8833156
9789567
390708
4589086
2847266
8754929
1232785
7844911
8509442
4475719
3878446
5524902
3434378
3923804
4753163
395210
5548361
3225191
8973503
1658029
9173
9001059
3067019
1524357
5598984
426549
3216916
3146863
3880148
4828407
631391
1905733
8532261
5507539
4606599
6064524
1614308
6040670
5870530
3458870
9915784
3227303
1571408
6087450
3627416
188510
6305572
1836347
614724
3931722
7275448
5513295
5358441
8959212
2578344
10185324
1724535
5345231
151868
1905583
2076024
7526446
2219426
5541570
7545953
7422386
6064519
2892739
3886455
8957907
5338442
8956483
7630385
4694625
8884729
717055
8958060
1203354
11000104
7721409
3188821
618738
8632882
8957403
5358659
4626598
8625560
8685448
7612498
2243608
3054446
3936018
244843
2636929
521974
4773013
3881192
3633258
8956080
7749512
2575115
1201292
3540754
103277
2547689
3499513
6091051
7498616
6064491
3218722
5871212
4625371
608868
5935265
1229532
6055815
5924100
5357336
4554028
8967920
8750580
1583195
3143183
116504
1522080
8898021
7418763
1193417
4604444
8629634
2810184
2032775
8952690
8275532
5335992
8416316
8951516
4475284
4704421
9302516
4638190
4505716
1214948
1212269
1805093
2045129
8951108
375141
705506
1902472
9379735
4546320
372567
547769
597161
11180206
3884948
6112074
661354
2534586
7437553
3200618
2617475
1566209
8758424
4705620
8725317
4534577
8641103
5333656
5460507
8640912
9428676
1703973
3226548
4480998
8729711
3134708
6167204
8974970
5287434
141141
8414345
5269499
8945240
12443603
476855
1800149
6061675
5324169
4643678
702874
1907432
4605423
5863572
5915605
522433
9583185
585778
3807808
79321
8716539
8414647
5380424
1100346
5362674
5919879
9426624
7474582
2577529
7982377
4732729
6039730
827645
8638755
4624833
4572274
3242058
9422629
1610310
5569612
3304202
3148755
8887120
4766890
4863269
9000084
4770019
497659
7661746
1984068
5341410
4613750
8414271
5904286
8957344
568260
5510746
12461854
8951559
1629382
12577256
8832576
115099
7515411
6066510
8972640
7837346
5924967
2549741
4513185
4577746
8650761
3042664
8853845
7278733
173707
1175354
1583633
3127586
6069203
112597
1627842
7517733
7743606
4740350
3219994
2729957
1226950
596202
1562770
1624101
125869
6040902
4503290
8961808
4579158
3132994
8638785
3793896
8953259
5230372
8758631
150131
414678
5385616
1584395
6069572
339440
8747777
6083270
9322904
613878
9453601
6288655
8281638
8634156
3632384
4763101
7402981
5338942
1243337
8973061
12783784
8758124
5803980
6061170
1790347
7532856
4560014
370050
9016036
2598769
9888654
2781495
1103033
7387454
108298
3934089
8506242
3494742
643108
8852022
7294597
8839835
3146532
3130759
498599
5067124
8799324
8518455
4786824
5913863
1547374
553332
9303696
3152081
4689206
8410809
7350656
205820
2894662
9055198
7402297
7821537
9518229
95590
4734970
7350402
3875432
8744250
1108095
5507567
1110029
6068752
2032165
5914297
8103832
9178335
1986323
2057237
8487069
4617537
8898310
8410754
543725
8103898
237059
1657094
2739955
8383816
3128227
7791865
3134522
391140
4559929
8631764
5242514
522435
8422843
5263140
3795884
8753944
826456
7550202
8805107
8825847
5382189
6066433
3213079
8954785
1435310
3873345
3142501
8389653
7935246
4511426
7937290
3578743
4583364
8732044
5345724
8832855
8727534
8633440
9763110
1541678
3096567
3499354
3142444
2220193
4535358
4611204
2751138
5921634
9894701
9056708
4490737
1795712
3026439
2073564
2611760
1602793
1593532
206704
1654480
3396512
7377882
7549261
12418928
1644747
9430917
8635418
5916927
606125
5346091
3932907
6026620
9064592
577334
8917407
9895922
8631597
12463066
110190
8415003
1678583
290704
8843901
7294187
8709695
7720139
1988695
7433648
5317071
8536935
5528780
9475808
129283
3065684
2584993
4774580
1569478
7540208
10205078
1650981
1894770
4535394
1648785
12757397
430001
9170660
13709452
307832
9879983
8437612
8755457
4593241
7621702
9367532
3776676
7788314
513358
8375305
7386076
2091940
1899083
4473328
8872345
1998879
12034051
4744501
1684640
4684474
5548329
1663625
12572489
9320771
1774774
8520439
522314
1105161
8956598
4636445
7495132
1764400
9451127
11455605
412027
3296765
3640053
8801895
9469921
8155172
562946
1595102
488458
8715036
8099317
7840994
541796
8799419
8989446
4490746
7292894
2610875
12825622
9586060
7689428
5584871
9866675
737963
8412473
8630476
4502987
8625996
3769518
3798735
8720232
6054776
5875933
7415949
11101494
7626431
455126
2038567
3789291
1993896
517972
7660146
8741029
3817195
623571
11223583
539336
4476194
3036501
2745258
8291225
7971536
1601560
3490303
9214533
1905032
7651043
4648942
1779122
3201578
8743215
8226426
8949385
4506157
7932380
808732
3068959
1659043
2747954
8325805
1176091
8959834
1897477
5925615
3626296
3325009
13696520
613386
8404789
4580467
1176975
8099139
6097392
9078691
8872628
8683251
9293953
1623457
5905210
8286308
6061122
1893061
8635950
5303145
1642756
7618543
7418623
8682668
8551828
4573190
9420503
2035436
3872638
6105552
9083016
7838309
3790191
2045729
8737052
1892550
5230671
8301370
9456598
474371
4592133
7714379
10922727
7926282
5299822
2747955
4588661
555572
3878206
3627718
9212506
5873649
9584626
5365114
556034
2614262
8074062
8849322
1701589
2616135
2620358
11008381
3627742
277007
3323711
4764154
3876717
8848511
9926833
4514709
1898401
175764
28781
8237804
8665254
1535363
4605453
1982550
8415765
4638338
381993
2562380
5301846
402277
4636260
3853206
22127
4729795
7759108
99027
1227886
7560308
8076118
3877765
1677560
8894433
2592240
9117733
5222683
8849318
9417107
6089782
4561934
5318833
1901772
8841411
8532660
300377
24407
313260
3951205
3350068
4751924
3927530
1457972
8966799
5924298
205040
3353383
4683123
4619019
1598000
2244721
7564018
1075423
2886824
523866
5586429
1127043
9425750
1205208
194982
8988239
712750
7681934
3892075
8852548
6065587
3519337
12757778
538920
8506719
8830835
8296540
4827465
8989430
8741876
7737542
8749496
8630917
6110484
9424183
703466
7623659
1091937
393351
3322659
3798726
1894743
5584102
3639439
9490688
1663160
2500012
12523185
8872553
4532403
92393
8957777
5920017
1899665
10242417
11014373
1570099
3138896
8626201
8730820
3224844
726329
8886427
9211461
6058676
5237464
3626364
4619701
7561464
1126662
4537371
9019226
9104403
4826559
3773218
2059376
3783269
7455971
8843961
12425467
5914873
7389958
5036241
2646101
2240013
3098102
8413911
1976430
6165380
8869636
1648101
2989949
1744701
1688621
12107958
610695
5310598
8682847
4480555
8643607
8957142
2046427
1581687
4512717
408102
1983261
4651182
8782721
609533
579494
9293843
1648333
4569261
11009224
8957658
3876823
3934212
11152611
4550810
5336994
1703275
2050256
1600972
7689288
3095343
1120269
3827704
6061671
2730606
8949086
8520718
5936706
7407628
2063092
2592180
8898920
9366599
468479
704942
9116766
11458526
11546424
8484
4705754
1103751
8629927
3391269
8958770
1844996
446333
309944
508385
3124856
8392369
8752544
9210983
9782247
1549229
5337537
5919619
8750400
4534714
4510927
7404507
9115886
244542
3784937
126697
13856349
3225347
3112793
12623533
572481
2068287
326091
2537538
8862170
7765587
396965
8640874
8543647
9764642
4755667
1871735
9218075
7689887
8989919
4575415
4687729
7703206
322429
3578815
3877447
7491606
1657119
1210952
5387320
6067101
8967618
4633987
5328549
9775336
4490045
9467671
7698739
8865005
1467693
7529849
5503730
3156925
3368343
6179885
7621408
12049047
5326294
8372365
3783801
8740445
4717365
3919117
5533730
10185021
7734652
9322633
4646793
3075352
3345360
7994733
9004088
1251021
8957791
3050086
3432298
1203357
313040
9369599
4498382
8540118
1682520
2043005
5542322
2646564
5177171
2113515
4541874
12423057
9175673
4632982
3775764
8635048
4763395
1598324
1078713
1525746
159777
2646099
7651604
4549072
12444117
11230348
1234894
3195774
8964029
3398107
3015054
12049929
1568379
5347553
4686510
9416607
1873593
9513177
3863898
8140303
2606246
8724841
8881450
1521263
1126497
9301263
3774912
2644803
6065646
461037
5574901
3518838
3373945
3225878
5327762
2058837
1084845
5221978
1690291
5919280
9520211
6062429
2110066
1817869
11140429
8664880
8993684
1666486
2577791
2075325
8678383
3170498
1549896
1585301
452394
8958241
9427896
8750518
2528926
3917190
1984886
6117195
5583403
78367
6069633
10208791
3490296
1985687
1829978
1580819
9117712
1758708
4543706
2749793
4705574
8757959
2256048
4511511
4628762
279864
8963602
1981857
1834793
206727
12807346
8995460
8415669
8282908
11205479
3798535
6042552
8514276
3784822
10188544
6061717
4515853
4538340
8099009
4629295
9469519
5189892
3129488
8612771
7384266
1697587
216306
1957822
7663792
3084993
8376932
8848065
3133775
2725395
315497
5914697
3351844
4546897
3434533
1652158
4536650
8959282
9461911
1690704
9379523
8825023
1973262
2048312
3217045
213046
204537
8631686
7547098
1033960
684099
1106379
3390836
9182245
3122513
8219446
1686837
1566427
2007127
9105576
9407032
8997440
7423868
10230903
1569462
1060136
563434
8719349
9465346
3508340
6114956
6051545
8954571
7306539
1591115
532542
8868519
11002507
1525529
2079239
8127510
8236593
9306352
6114596
3521876
7624375
7404333
1599655
5297750
11096873
3256712
4705494
8376442
4831912
583578
8957711
2082941
4531945
8220551
6142004
167535
4492424
3370278
7920968
530811
2064546
11189071
5513543
5278748
3128511
558948
2074030
5526318
9020516
471647
2237353
3451500
3255456
3152085
8992957
3622255
1875944
8641463
6065519
635858
8537796
1376121
2537974
5905112
7640922
8876214
3039796
4819687
8097378
4555176
1593314
8433138
2006602
556975
4818502
7417048
9940802
5532264
8375914
383093
108343
1806328
8897204
10185964
8435216
3493836
8757030
8394
1973823
5868598
8572324
9000749
4539850
4546790
9777359
2731386
8377089
3149017
9378843
531893
3631789
5905080
430688
1646643
7924596
1634750
9449281
13390713
8756196
12045957
8637106
48762
1894445
7992888
9197106
726417
1138395
2779002
3109807
531265
3861074
4672314
3505627
7742349
8854469
12453904
4730633
5583425
584428
3811303
5453429
8501023
3639517
615534
1207611
8842247
2607207
2139404
9361761
8749113
4636838
2749704
9296734
1612512
1252867
1902484
445506
3853081
4585489
4621627
2492256
5346669
3345302
5627607
8860168
8954207
8879534
7407563
526289
8410853
11215299
5579063
7691819
8101017
8956988
1587281
2045685
3886538
4495218
10136392
5173227
3167484
5599269
5915812
4661533
3632487
7389899
748606
107592
4628736
11253887
3813833
3863100
4633002
8105721
4777490
1255729
7723261
8401925
5591450
113746
4616241
9107270
9819613
1679192
3266523
627447
9463326
9406478
12781435
7345757
6041003
1563819
4511662
8841795
8389548
8949794
7426276
15446
6019172
219116
1703111
1084104
7730033
7416691
4516572
5913848
1990350
149508
1974235
4548136
3880143
4617266
829450
3628758
2073680
4498293
328094
1823005
3130089
3074719
8897839
3781920
3219927
6149604
2125798
3917022
12384563
8635378
725778
8099882
2246365
9490174
596607
8075610
11029648
8281268
8995025
8865190
7703827
112174
1901023
9002929
196422
8683783
1222423
9001562
4598551
1122624
1831125
7793278
3787565
3798091
11092541
5585077
6027253
8752043
8412578
4538003
5509173
7707504
3880657
7385644
1664377
1753263
9805458
7825819
4696441
4553505
12736407
8758109
4717730
4746304
738310
5586388
5301847
9212253
4572386
369881
5187644
6179723
3203816
4686732
2063353
4515518
3504649
3132201
6070076
4587914
3202929
8296766
8845458
5203451
6066812
4682022
9481062
5544434
1586466
8648940
8958260
2745361
3328365
1086701
8893178
2595118
8875741
4597580
2044435
9331069
2746980
12782397
2752723
8887599
15484
8753738
5350523
8742711
437003
8846367
4627237
11077432
2487662
10187258
4555778
2582133
8378946
6588790
9854986
600787
3149084
3112757
3887032
514713
202911
60602
4821801
3020817
6020060
7653582
3145704
13485780
8965322
8745319
8010497
1703274
6044127
5390065
2601725
3494887
7741120
8569266
324159
7470028
9914016
1892167
11157320
3805222
9288012
3065315
1178865
7389565
4777313
351717
1151106
11075311
7928005
4476315
4511983
10209674
3844298
2152143
5322747
6306912
4617176
5916950
515911
1227225
3231
8071158
444041
4595110
2076957
9297792
3468386
7479994
4637173
4533495
5267126
192589
3791021
1089714
9452505
4587268
10192923
600373
2640611
4514080
8991030
4863008
4598168
309244
542325
9414589
3047433
5918377
6118497
6062387
7529842
6057438
5486420
7484222
2629978
2538625
1118052
8815655
2058862
1907551
3097662
7919442
6288934
7404520
3385653
1170425
4865676
4766427
8484108
3227255
8952157
12098013
8635272
2066212
1983413
8964256
3259662
2495960
4772004
11457193
8630381
5548341
6083049
2738737
1645372
8770141
3076575
1822907
7634966
4628625
8735198
9818569
2779673
4560520
4831958
3873698
5343748
8631099
8720939
570729
4475278
8489928
8412688
4549394
12500631
8684697
6871545
481155
85731
4601271
7422280
7376343
3261682
4861257
7921109
8956163
8751580
8752271
1695999
7773057
8997331
1790871
8077166
3077001
8947795
6065534
9105645
3197461
10168719
3489424
6115712
7384004
4605655
1651929
5362221
4729036
596033
8956901
1561836
8402466
4552901
1245436
1033246
2576960
284215
6086628
6102167
2538117
3867299
10923244
7418762
645695
12190175
8742528
11750415
7846747
1713593
8633657
1695503
8853685
5881203
1685703
2534016
3131614
4484510
5348913
4706205
536302
8628905
4506708
1905862
1910075
4785824
5297166
1098341
4502706
286851
2745850
7510319
2578572
8878800
7595553
152560
1992898
8066435
4665925
1968467
9629375
5356053
576033
5340670
9103683
1679661
1660862
9769045
1463602
3081447
4704017
8211730
5917946
9465770
2592376
625752
8732170
5508155
7700922
1681679
8957049
3355350
538311
4719923
4583039
4648632
7760456
8632223
9471950
8720351
29681
52391
5544030
195448
8560837
9501419
9296176
8792206
1050522
8713818
6051976
584283
8952857
12443202
4538346
6092579
8634188
6062512
6061695
1669148
12499564
3877824
3503540
8755172
488213
1836058
8955121
8957862
3504625
5352649
2817927
8875667
495046
9843881
551337
4818846
1226461
9497969
8784064
3459366
29101
510591
2890397
5818920
4511612
7839292
8716122
5449115
4606700
3433926
5914451
2609940
5225582
3503622
3869220
1798450
8852342
6062008
7689266
515602
8991157
4494502
1471688
8630472
3869767
8879451
364079
1510151
8833016
4915573
1157808
1697657
8841656
144266
7544849
9944547
10239133
7392010
5500366
4668819
284656
3448596
2988623
3116479
3778560
8535737
456228
277785
1666741
7546064
2753860
5244665
8941533
1616801
1572967
9120921
1982767
3497155
8852504
1597701
3177819
5863142
4980052
4626305
7920833
6587975
4525546
1561592
1118066
8910653
5511087
8392095
4769501
1106721
8403955
3197580
2609266
3808084
8385797
4711540
501774
3472429
4566349
8825032
8150607
1460851
3878242
3179465
7509194
4630598
8942711
8877265
3921209
1566469
8629745
6292644
1235793
1653224
2630932
8643227
7680159
10230965
2643362
6056743
4680420
2614510
9455196
5338711
7746442
371257
6056130
2578020
7538547
2493703
1662428
5886307
3911770
5914750
447630
7637145
1971778
7702528
480284
4770170
10189631
7514171
12386318
6290025
7690074
5313744
1697486
12808703
5354183
72519
4760975
6089279
3632338
13836813
2727279
3501945
1705748
9178353
9509783
634936
9079683
522152
1134536
7410828
8213985
13885018
3237938
2751801
510722
408903
2636262
5399610
148145
5906538
13380169
3182324
4685246
8952709
8410737
44209
3505698
5914474
8836300
8416732
8682443
7742331
7923873
1571520
1137128
8413174
11190502
5539256
1607033
5918049
8749962
4487058
8994833
351968
12728810
8831078
3574
7925898
8642060
8870112
9048848
1586159
7754648
8952183
6588788
7922101
8632864
9422077
3030165
1592422
7997889
1213077
7514786
1886709
2779492
4762176
618249
3297908
7726054
12317396
5914445
3635582
806996
11025260
2057853
5411399
193464
9292686
1888008
8962521
5495537
8550122
12810493
5508252
7491371
1976304
7559738
2060352
6115644
6061731
7840944
3782475
1161440
3522248
9061763
8627982
3802733
3625551
6019282
2111110
6063932
5914025
176506
8637528
550542
2153805
5389400
8854336
1536428
4828823
1874148
8736693
573820
3772907
5307141
8389797
3322908
372064
3215892
5669968
8735411
7776077
3638223
3132646
7470890
9798258
1296216
1125595
8212837
4657585
9411798
3141519
4920467
372278
7614313
3060807
5335212
4506170
1433745
4632699
8912888
8733205
7561943
3486351
7625615
5335717
9877958
4629348
4746086
9370654
7757407
5359093
557567
8103017
1701370
9172600
1584620
2646567
4573133
8991693
8824187
236241
1670894
8379187
8821754
11087616
8899462
1594246
4488497
5914385
1895003
2747605
8155375
5329292
3882327
4772146
452986
8478222
1836652
3370416
4511118
9431360
529867
2741633
7751797
2748326
8950530
9296613
8714274
5922928
7749862
3573501
2611796
3464932
4529747
3639056
3451499
3128704
7539907
4518381
8835192
8875311
5858794
9974726
8870988
8801670
9004086
8100313
1219392
5347297
12754953
6106777
1567439
12777396
7738714
4666367
478565
7402956
1564444
3101957
1822175
8417050
2494003
1596268
8717137
8864088
6064978
7641496
12712377
4817776
6102410
4815485
2043165
400815
3791024
6309452
4596643
5582837
8626426
4620964
4615471
4767632
4791979
106494
9066305
7653070
1890716
1225422
13549211
8740743
1586240
4706988
9453525
9410095
3453301
8715505
4519791
9185973
1646818
8677195
1592830
5157257
4509573
2612042
512562
4586043
4920357
5332931
5884874
12318581
4499376
7552438
2069530
95572
3353435
5358693
4504696
4502720
1970505
9389142
5581026
1979091
8476403
4611279
581013
7546569
8957760
595524
3777674
1635934
4603956
130523
8834325
556071
9833732
1970749
5919135
4697671
101232
8646980
8811376
9083505
2745348
4771348
1539951
9926458
8723060
7388093
5657348
12180671
2737842
3291147
7392788
9114293
7771026
12524614
2650671
8749528
7627053
4626871
4589445
5868877
44338
2778535
5241975
8683237
2740210
5394577
2757112
4521071
603751
5544801
10194156
4566525
1527219
7407368
8645184
605573
4629360
8403446
3934063
4595147
2142697
3024042
499156
1984275
3397055
4512494
9750403
2780660
184932
5941728
6017185
5365974
4728856
3122148
9777975
4710212
2231234
371935
4690090
1154736
5860621
4535398
1275883
9901864
9369370
7554589
7675894
8290666
2042924
4931761
8688401
9789006
4613434
8967304
3002575
3866036
4597335
2564768
1214725
2230629
7656275
6048759
3507753
1689043
8851867
4705234
4823797
8634470
7764008
1583953
534614
3885705
4700390
2244523
1219042
306722
8862591
8119589
9883834
3140446
4596777
3118712
9428113
1984786
4636266
5918565
6055538
4593192
13816908
3365820
3913796
8955616
11745753
4537912
3639432
3506610
3776851
2078619
8896235
1119500
7690044
9966714
4712311
4917612
3374755
8957734
7697237
4640364
5344446
5298471
5872745
2643674
4743529
2078199
9781595
743928
5346321
3452180
322516
3148618
3781815
5401693
1996147
1564846
1651557
7663884
9615824
5914539
2739795
3643095
375364
3489991
7735223
8648144
4683645
7778901
4533299
1699167
3639215
1093781
1233720
1048955
7405421
8881453
3623321
1897436
2748201
8716844
2632280
8717500
1612821
5231498
418704
3346588
4704252
6053179
71691
9505657
5219635
4650385
11133626
8993595
8992495
2045580
4574382
4739883
8410743
4737688
1313297
5889175
459133
3388562
4688951
8552162
12758332
8983387
322319
5914946
3883360
1904403
1641257
5347197
8749270
11006599
8390390
1550871
8955751
5577162
1811432
1205008
2239022
8850532
3926998
5392377
400287
222078
516755
9300331
3926193
7519958
8106138
3500209
369566
5533440
8383337
565346
4645033
218387
1585828
1629770
8714653
9115156
5220670
7924299
9847619
3133560
9002831
4819076
8870511
1670875
213998
6110899
5317434
9904795
9844044
9465040
5389766
4537877
8978628
6114633
8858163
3806351
263183
3435949
152207
3879688
9955614
3224517
7745737
6062752
51546
7515701
8784971
5544525
244834
8899390
8294479
7528569
8967454
3782666
5570938
3928763
9063406
7994754
2079522
1592335
8219285
7391885
2538966
8956251
5584694
2988251
5862019
5528605
266401
9770677
54294
5569546
23395
1575980
8884120
8836661
1447621
3879215
655219
1135469
1673459
12189928
8237672
2574408
4740781
1668168
8647944
1468429
5341366
8569619
3806861
4568700
8123930
1649604
9578396
312059
8755042
4727837
568187
4694320
2895360
5521422
6032080
444863
1710969
4502258
2550692
550392
11224520
8304895
8750773
8799848
632040
1583719
11462306
8718852
3381264
9817052
12443427
112192
6064354
1601206
3222996
11205539
6579498
9422750
8734693
9518913
8651636
585759
3110779
13719985
8384308
5897319
563789
5644246
2747485
4831047
8800159
8899013
8379861
3865579
5444374
2579822
3794298
3779922
4643241
6298869
325966
3184371
704666
10264822
9517168
9002658
8662590
1639610
7771681
2529879
8964380
2153367
1661163
1824508
3201636
4767344
1226408
6576397
4646070
618588
9471907
3395621
74510
7513221
13186589
4622710
4502212
3881798
1620571
1979691
8864443
7546018
8684179
5490004
5165368
2610795
4566199
9308115
3216201
7924172
8761100
8535429
8859149
7559861
612497
5926274
2258958
457887
1595389
4626310
10227892
1975454
6090944
1181070
4583726
8975910
7641634
9382775
7431320
5546917
8320469
8623812
4640370
3147396
8993586
7386699
4753928
1531726
3126592
12472387
8739551
650803
2634376
322970
7467995
1211286
9850218
4515590
1567423
283638
4558692
9508742
3617918
9103144
8640313
3392310
2642782
7745809
8825308
1837938
3368902
6076125
8560029
115929
3002687
8948294
12451881
1688633
3074672
1987568
10159082
309067
10204423
8958376
211365
8683002
1810030
1671640
8101005
8951833
4537744
8096744
2136560
11035605
7402388
7617103
618371
6116951
5371827
8957780
1971994
3438260
1226647
5306035
12784612
2728664
5573706
8511338
3337122
3626386
556073
4628917
6093505
1272282
5499197
8966879
1696592
310901
5355024
4620712
266393
11459089
8728689
4593505
8064095
1677765
2497883
7738136
1219350
3627583
4508554
3454222
8898691
1565785
8215589
1570054
9420526
7744329
1228548
363561
1207482
3781838
2104562
1837390
4515292
2736021
1523750
3633652
2735723
8632400
9067
7458451
2896087
277397
7770044
9212965
6042459
2944857
7615967
488139
7427091
5542517
4731030
4630973
6009553
9768839
8949240
5367951
1659804
4791765
100606
8631186
5674049
5897960
8771247
4620974
1496524
9304490
2646365
6286736
3877098
3251728
7718615
1898395
7620966
7841074
1153744
806198
7484084
8877260
9423234
3541748
7837579
7690079
1973138
1671173
8950685
8735165
8643318
4480807
9409919
1565529
4513953
3380336
2605845
345160
5523136
1696969
9019302
1103190
8872394
1220738
4537009
8951524
13353085
3484708
1206382
4631858
3638476
1645017
1269399
3434929
2079550
1596470
560633
6088475
12623086
8060859
7687623
3776110
6061868
3510625
124255
8951731
8234180
5883433
3109704
616102
8818112
7626317
5361342
386665
12487381
4703816
3624728
1579409
2598464
3540678
9177389
1173009
3923589
5567451
7618791
2530334
4688403
9000466
4829229
9418465
5912292
8641590
8390947
3870631
8713998
5273024
515267
8891443
5914143
4547252
6084212
7691092
12756736
8831825
1603887
3782327
612679
1570405
11004796
1990372
3377569
5365528
7418722
5275187
2595952
5176646
416004
8630929
3210289
9363496
8683786
9520711
7690501
8722999
3508907
7649653
4519164
5348876
2077150
1589385
1034094
1672688
8995641
3516834
99979
3224219
9972034
8630936
1806003
5585241
4639817
7396049
1139602
5392059
366491
7391900
1844983
4829090
9054556
1096412
73049
1594031
8836234
6067175
5396548
12070158
7692036
7509842
8863676
8859674
1549135
397692
1990877
10134440
6085336
9048781
1316276
11016278
4680935
453683
9460150
7921348
8639652
7793417
8990311
618753
9170709
8683112
5990185
10188492
8993340
3480363
1680149
7702852
2140770
4564565
3298607
8643614
344528
4507356
9393823
8411167
1587935
9462778
1111134
7412833
8877309
7981938
7498032
1802108
9516224
6091200
8884468
4789944
4911715
4638055
2054813
9802811
206968
4572769
4519809
3113810
4921152
8400368
2643126
8949451
2536077
4507565
6062428
8958356
5588433
4854554
5652617
4788102
8951144
1704076
3373760
7545781
8411466
9867669
11190638
9384864
8834837
1584068
1598120
4701627
7749540
1591271
3125078
4580611
4703933
3101110
373972
7435372
177686
2073489
8883094
293546
5617515
8957035
344758
1561091
3375047
7744424
7637111
3876841
8477359
1243548
5363051
1126850
8640158
5448601
7778342
12053056
1587535
3227315
4705003
5498040
3639103
521015
2585145
9303186
1750473
8971019
2591029
9292223
5922659
9298225
1511117
6109470
8758134
5905167
8635896
4595886
4789320
5331873
8467
4560212
12495561
1900961
1979253
8909466
199955
9414981
9004494
9404387
3216517
2548737
475356
8948683
438662
6062991
1122132
4506640
1987391
8939012
2535116
8977838
4706552
9752193
37722
4692840
9756879
6047108
4761055
12573625
301027
12034412
1843489
3346684
5295138
1713389
9343251
6112418
8399304
404279
8838232
85673
8848551
8636921
1612955
8778626
1976562
4620670
7697228
1194249
4625293
11071002
2747956
4750602
3788837
5303478
8970292
3300149
8681108
2061871
6099822
332270
4794022
7921672
3097096
1566251
4717428
5350680
625740
3450919
2645125
1034049
7619455
3133124
3876028
4478736
3393620
4620701
8851933
6062051
4634809
8757121
8869924
612467
10245874
37166
7824550
9305504
4859927
354016
4916028
6288440
206357
7776024
321633
3142366
6026336
380442
7767475
8715644
4705544
6113500
712749
6026528
2738218
5309792
8879724
2745384
12493286
5883708
595970
412622
8621138
3579956
4506627
565815
2101073
8739931
4496696
1236391
12356809
8997370
1975750
8958131
10999594
12189516
4692408
1777851
1563989
10865001
9043963
7659683
4636574
5365345
8401679
5542946
8378883
12443931
330946
1563275
8298065
1552270
3629850
5325399
1986184
1978948
92141
3780627
7742824
1241667
6032316
8415281
3625958
8948436
7761762
618607
4919766
1584025
9174377
2536110
497995
8895063
8786106
8480323
5540296
4827601
2153157
2063244
7702918
3098980
8801344
3632890
9451743
7635919
5529635
6064936
8563652
559658
9293723
9587631
8971266
8963330
4705540
5920548
2613848
388963
2612189
9784795
8413546
4518435
3068794
91992
8877178
1492643
540611
5906747
3784487
4604813
3457176
100024
114536
4592110
2612984
8082476
8713499
1996229
5368999
1676161
3040131
1562822
6094680
9301822
9460230
3127954
8957958
523572
6065536
4637426
9054280
1970289
8237497
8998751
2060869
6008648
5365649
726119
4506583
8279859
319032
3802858
8556992
2542235
2050762
3193926
7697148
9212956
64372
1904729
3627330
1675414
7687961
3221897
7528351
8726814
631247
8569484
4501334
6110973
8512527
8958839
1560227
4506581
5874227
7994873
4628828
1584302
7761204
3043640
4609599
8273566
5922986
8635385
8390191
1998097
3430814
4697690
4687127
4748900
8151322
7840323
7602125
8957744
379574
2527809
6087110
8626046
164656
3630821
8866883
7428093
11137078
9402975
2078870
8951088
1255823
2002432
8392105
8951141
8660879
608887
4603914
6049415
9190284
4594651
8806819
8070108
8830612
1116395
8280457
6102585
12567071
8836513
4592190
7926626
3127778
4598821
4645530
7663461
1981575
8104599
6067706
1682272
7551730
4597036
1151709
4626135
6097480
1835237
202268
4489511
7561508
3018187
9106181
5860179
1213887
3634660
1902494
8947794
8754396
9461881
6106141
5144711
4664961
593892
8106503
4920356
207433
7837224
2056863
4833898
3065221
366978
3212793
1982884
3626352
6072429
501303
9395733
7831836
6090890
8639005
4693289
6066234
5301777
5308762
239492
11216749
5915169
11014503
2082299
140160
7286010
2578780
4585278
3121832
1672891
7394593
534931
2619874
8718615
5644842
5331622
3884393
3775490
3153625
4676414
8630097
1088930
1592311
8288067
4613714
1825739
1220651
1973503
3922233
5539779
4534013
3772234
7362180
1987950
1179312
2551604
5924469
5231385
5919399
1700639
8636490
8958088
4767218
1270848
3624538
4527810
531366
6070082
8276735
4833752
4552442
4511388
7294743
1278073
566626
5341341
8661475
3326150
3881139
9304165
680139
3215643
8904686
8958061
12521060
8896778
2498939
2575981
1584616
416786
149186
8685146
8388768
8641394
12778016
8741034
5322127
9111584
11086435
3632498
1647845
3118586
7703386
3180306
9761464
6058409
9210897
5236091
1568509
6105947
371206
7521271
8720411
1263593
8912245
1897622
5359678
627787
9319881
6045579
301433
6023412
8778614
8873827
8402542
1241317
4860552
1682217
2735971
5362187
2242170
8825055
803497
8236021
8744575
3351116
1647560
5340886
3045167
9463046
8752828
2737378
11175465
8714846
1612247
2615998
7615550
1644844
3453109
1192560
1976506
4755905
5158702
1892942
8823011
5915155
1572632
3437197
3325381
7625613
295224
2727511
1908655
7925763
670702
1592194
3510432
4489770
3341373
8237386
372091
2064723
8646317
1602262
11454140
8957859
8845410
6104462
57965
6070238
7692333
7613551
3507574
8621846
3497513
3381746
4561421
8957452
1651852
6726797
8060165
5518094
6039757
10531436
8415217
8745439
5343217
2154419
8951802
1642571
2144362
8972311
1713392
8758939
4724817
1611517
3632448
146816
8303336
306916
3487678
2781491
8058536
9213212
8751997
4746920
10880063
337077
199406
8884189
8010487
4511716
1701671
13884366
1640654
5917319
5335856
3341908
9054569
8975359
5460490
4622334
3085079
4600977
8843160
8396688
7690084
8947176
12732004
3377326
8630586
5584493
9298524
9298423
1457826
438552
1137980
9969891
1683299
3044968
3148505
8754592
599639
3345032
199407
11065403
8099218
2008332
3847018
11214457
3259422
13485726
8958469
3777874
567210
5924216
4498057
2056073
5209046
1103870
444682
8623633
5211538
2646408
3626178
4688083
8754359
10194838
8391256
1675702
2565229
8848371
9104335
7539546
2731316
3863911
4598178
8683931
4596943
1599349
3625092
1222210
2148396
1591730
5529826
498799
12300992
8718965
1567775
2077811
8644095
640674
4917261
3627757
9003477
1906561
1613240
1630803
3351838
9300996
544360
6291214
8631051
5919876
1608202
8859244
5203725
7560506
8290678
9586567
8731933
1957853
3087371
5303372
6292380
11381468
568901
3812165
8826267
7514049
8876937
4636751
8965830
6102782
8914849
75024
8985156
5582880
8873344
3124896
8991454
8886919
8954902
391902
1576385
1564700
7624751
9194713
8952274
7640432
2004880
8715498
3496847
5171617
4562567
7746347
239691
8949034
6081574
4575225
324057
5316554
3636138
4518358
6081329
533843
9944269
1592305
449041
8962964
2644318
4688119
3229485
8870524
4815882
7625025
2644496
8641367
7812643
8412592
3030759
4535753
224780
3067242
7561825
7273531
3793099
7409681
8042525
6052324
3171110
13362957
1700153
5925150
2726805
322653
547670
5654540
3875637
8751164
2543015
1834779
8639408
1905388
3352267
11712625
8724454
8871647
2625787
6070323
8952539
671347
3286468
1515509
5159738
8637922
547628
8909127
9121631
2536625
2644951
5916008
3115512
2066706
8629945
6035233
99984
9059737
4502220
4916352
139388
8977626
307382
439155
6066251
1562848
3923501
5355070
4736594
3098496
6101793
3228117
3508418
8105880
3367087
4869477
4826475
2535332
1586909
8641725
3628296
6104335
2727139
4560783
12493363
7654940
3884923
321670
7636260
1895892
679748
2143638
3140700
6290761
9897056
8375311
1581252
4635065
1227423
494767
4704661
5358529
3582334
7924634
200354
9581833
2225348
13811767
9330594
3073914
3252588
8830623
5937134
609369
9510985
8686925
8997655
3454172
10177808
3581104
3785513
4524168
8907859
6049866
4647423
8233308
7546343
9778639
8753368
8956361
355588
2045702
2261705
8104411
2892499
1988039
8677671
8666463
7383706
3075350
8475159
9451675
9117162
1676766
3459160
2647384
3494694
1225492
1906817
5914878
109211
2595511
8767336
1660761
5341418
1901709
8275694
8277324
6094988
11087860
8866691
8752971
6066230
1973375
2755073
4519278
6108680
3311023
4787510
4519106
7381159
9001153
5376934
8949472
7479618
1564085
8952792
4861314
8909056
2650349
5323772
8058849
1506906
8897196
2589439
5897235
4560447
2990679
2009196
3145036
3101938
8283501
9438005
2236754
5305651
6106400
3635570
100986
1228582
2138762
12300582
3145944
554827
3876603
8437042
6081771
9582087
477415
4577792
5546986
488731
4625964
8412185
8849305
9522675
2645645
7557744
3057595
2575176
4979775
9422723
3876601
2732340
629281
6132676
5473742
7454028
1469030
1138017
11516181
3931792
1643042
8635314
2005084
1571756
8829454
3474670
2637211
3045825
2040880
8769383
7926498
476629
5872130
3498692
5585315
3058112
9001638
102886
3207176
4474881
2251491
5304213
5313727
8289773
6063315
4599899
9459220
2001260
2075508
1552493
7762263
8767935
2079587
9297881
1967014
5314463
154110
602172
8892435
8738916
3578989
5620797
7622408
8392245
2051821
6098307
5382959
9471824
8912857
4532690
5914495
1958457
134248
6041970
161690
4767432
8886634
6118557
435161
5520060
4570088
8957472
7557404
5229985
5350019
3343259
9455263
44261
367725
8079191
5295254
5925990
9035751
2765335
6292233
1612973
4741918
9380645
4617942
1609043
6118414
5308474
8871642
470534
2037821
1603907
5924102
3158868
8991455
8949938
8743070
3866021
5645186
4573120
6070029
5326701
1227873
3158244
9584119
8263622
4663364
8992460
377045
1690026
2821616
2895394
2548715
6072186
8840534
10560979
1590401
3348641
11024979
5343565
5501139
8955482
681645
8874402
8717746
11458178
12832563
8851698
7555549
6061228
424875
4611601
4671853
7510281
5312684
1685020
8993703
5190916
1565375
3301251
1090406
3879789
1998165
12443063
1655376
4599991
8859584
5564919
11029875
3795890
556686
5341990
7745909
5328353
1205551
1555049
8730633
4646897
8888289
4733447
1907313
336308
4610526
3052665
1967586
5862209
8850549
4656367
3805388
8872515
1904034
1828493
8826909
1795509
1468619
5905955
1806131
9187180
5324733
5464288
3880717
8415913
2488342
2649872
3928045
9416678
11028065
2741316
2750745
1546548
7692898
4476392
504672
8957259
3217920
8743830
7785594
1560473
9616531
8896648
8745481
2604123
7860
105861
9064946
8838939
7741739
8899040
8297071
1082381
7867260
4984531
7772055
8986815
9301519
10158750
3120016
4516633
7560286
4868293
5465193
8954761
10976109
8097845
8884499
652134
8957347
8391699
569483
4650138
1124073
1036250
9454074
10192297
10976155
5585743
3385364
3915255
3344308
637080
1456437
6080516
8992934
3444244
8848965
8727043
9490438
9000588
1765344
5645961
8878150
8375245
10227628
3913895
4541019
1697268
1650339
4514041
534757
3126413
9190010
7641603
3880643
3641351
8869327
8726254
12320289
4585297
5368738
10251726
3869973
4498231
5309289
155773
3459656
8946487
216184
557368
5458791
6267507
8544536
5613370
4829240
7612145
5904685
3354385
8996285
8636905
8720275
83381
4706836
6047001
6043413
2151549
2063245
8991581
174120
2758468
8834904
9107803
13697149
2073517
3116812
3140126
8956442
3881625
5914645
12623440
1974580
7389910
8626483
3209211
2138702
4576690
13803029
11127867
3493758
5251606
12826603
12712596
3229302
3927120
4571201
625037
2544904
9522093
8717825
9297859
550491
8305510
3076227
6065542
2568911
2138391
2154182
27456
618712
8736694
4829393
4613677
3505200
553353
4503111
8836992
8994388
1570187
1768859
9870477
4554257
7422106
9296195
4664053
2893463
3341796
4581824
6040818
454564
4582799
3778626
7828352
2533819
8792742
3877100
7687960
8436484
8096427
8727385
3296690
1583930
4496667
2727839
298673
9168235
643988
9002060
4701863
1554741
544834
8868543
2493781
600496
6296658
8079533
1680960
3499308
7847165
4616019
4705675
9410715
6057562
9419934
4671890
2548421
9201355
7431426
8817347
4693201
8721591
393628
1237832
7555475
3137573
7828294
8886640
3388551
9776111
3127779
7925627
1605911
2533339
8734331
7778638
3188208
8564370
9187121
308892
4636792
8715778
3117915
8746144
8866371
7454086
98549
8832047
3433322
3297699
4627085
8784812
4509721
7268625
110177
1610188
135703
3135120
9351766
8959395
3447039
4601522
1594427
2777353
6288663
8758562
8989722
3352812
9851333
5382795
628183
4828632
1597479
7761985
2054906
9195837
3827474
575806
3637703
1547161
3222388
1225954
4659529
6064084
11751478
6062052
4937805
8793320
8798348
7922927
326427
5584544
1656175
8957133
9415593
9403373
8849680
8743333
2610989
4676166
7996823
7770092
3877792
3212127
6074442
8390898
8752089
7738049
3807834
1646295
1979792
4915980
6108863
8631616
8880177
8382484
11147711
8237919
6041971
9969727
3073111
590694
5330023
8714387
5325573
2537875
3137999
4587682
8650144
8652293
3783495
466422
5342243
8103886
5583917
4556809
3120612
3352260
3354604
2765441
2079147
4919088
1471786
9194941
7754563
340850
6070974
4569791
6313984
1584393
8713374
5855075
5874068
7381130
3098155
3133524
4481761
347772
9598089
1636473
8751987
1702889
8752722
2002983
4590977
1996835
9882548
1646942
449399
8562733
4577933
1545115
8867093
1254027
1686937
8058220
3071011
3214715
9898048
8739347
1100537
1524731
8866617
1656226
1208254
4640683
8274589
5207448
1571186
2782293
9890123
4776108
3418949
1818899
8092182
1125901
209536
29791
532969
4497765
4486969
1982585
8536837
9412588
1682918
3289271
5388818
254101
8288789
8439436
8072631
9014589
6060005
3199116
4743766
410161
3127445
5383701
5989647
3103894
4586690
1668889
4716115
8754420
6086601
8756842
203191
565492
1535009
2077602
12713016
443120
12725755
5916842
8765446
4615090
1976200
1102365
4538475
9883047
316038
3259938
1572289
2147737
3516911
8415869
3380012
736723
2735659
12350151
1466885
7374074
3880276
8950811
5397599
8127867
8743605
3915265
3778835
4699778
9909758
4645600
5329785
9428761
8757834
8742624
2609621
8973726
3924295
621602
6284742
474777
8854074
2607317
8149021
11700618
3923468
2056913
8715437
5503380
8868994
2605306
7546495
4515332
601347
2579698
7827377
446848
7559851
145954
8722758
4512427
4739345
5544282
5158507
2639338
3883522
8852258
6062243
3249604
6107565
1447322
8957322
11689733
8732018
4537041
4761230
1837011
1125150
6025240
5357303
7702600
7753120
9336195
8477187
7663361
8887322
7755582
1673313
2572982
457259
4592813
4766205
1271365
138053
3865121
4516579
5897372
8898777
2611963
10224939
7442071
1582607
1756726
4727811
9302882
5272394
4501294
2847543
10187093
9019282
9880964
5574552
11098493
457141
6063458
4480397
1904228
1890310
612392
2758661
12622894
6055581
7772007
5243889
4630259
4852751
6064397
221326
11096884
7935891
9854212
5915102
8757143
538907
606865
1206704
7681933
7761850
3485791
4539757
8715976
3850174
8305452
7539453
2053203
4826284
1527564
7627013
75865
7415812
704361
1995398
9294470
2047174
2570650
2075750
7630203
9109033
1900075
8634726
8647450
1661064
9002229
2647643
4763671
4645230
3127442
3915884
4562963
6099546
8977618
3217069
9902922
8300134
1891651
4768224
9966613
4627666
4658149
9127118
1072780
8881253
9880154
3637242
3864604
558954
4619319
9417019
12446039
1570703
6068838
40499
367276
4510046
374579
335517
7775344
319002
4514063
4604943
4553059
8954802
2843372
4694272
3121359
8558350
3805848
5218348
1113362
4565864
1609016
2643908
1986185
2644051
2741167
9216109
9302739
8124297
11185377
2101476
9387188
4594528
6069422
8739070
9374691
5208542
5325127
4511800
8955592
1152342
4504346
3501389
7625242
542585
7526663
1798281
1652407
1561565
2074467
8998514
1215125
3788931
3442945
3803320
546364
5864060
8952149
1674674
5918230
3877642
8996331
4594238
3182712
4638715
9423432
8733879
1902028
1547608
8068049
11016775
12338788
8160537
7774312
1594094
9112584
7461450
8606381
5325145
1686051
1685086
4475715
9453537
8602132
432076
8639543
8412181
5661655
5862212
8412128
9037302
13168953
8876217
8304828
9588852
8751243
5368790
1592826
3098165
790890
4757408
3628848
1894491
1678513
11765028
6063518
8099153
529776
3108314
11224621
9457304
3510828
9509099
8753107
8644123
3127589
3312560
4506761
1681998
8974159
8771249
541776
9522156
3179874
6045842
1221930
1530541
3918970
1136267
6069638
7936858
3126520
9899594
4862709
9299911
5873606
3926310
653413
7566628
5941375
8838371
11204131
8757427
8713846
7730004
6108031
5912992
1541740
4555786
9059759
6115123
4621715
1205645
4658632
8945260
3169251
1565875
9421552
8975535
7746504
3878887
8853101
8844365
9923674
2053601
9942691
8992810
1902748
1455772
3510237
3509425
5582181
1693564
3797750
447530
1193720
7642559
3446752
8743203
2550986
4635607
8828995
3784949
8308836
1994805
1650927
4733730
4661028
4476685
8991357
4613907
8540861
9302216
3129592
7564758
7735042
84468
2777523
1606098
3123264
3778733
8731214
7690851
2145142
1591820
3882879
4616784
11224397
8642995
8642659
5233459
3322667
2529044
10162256
8718044
9340542
1179266
5866793
5370783
5916147
563901
8749429
4684256
8217661
11196630
9586423
9195618
8073787
604927
3117697
373982
353319
1982670
3146595
4513936
7744188
1654140
378632
8873241
1158980
2005210
3437088
5522171
8724184
7556995
450366
3225009
4640561
8294547
4758168
4510335
8389273
4644437
8381007
473312
8396636
3213993
8720498
4704149
5904791
8649856
1659480
451711
7689920
8511547
1213173
1649887
4531948
5432769
4540114
705802
3178923
8884432
3814003
324822
3770184
8861854
1569934
6035850
3337126
9325486
9461186
1985824
8867899
9476401
8405023
3926721
184100
449899
1895705
1695661
4545707
1687995
7546215
6063284
2647328
8285856
1904320
9294669
6042676
4719815
2743907
4618920
3126899
8826581
199990
12728632
1666962
8959133
583979
1557769
1643445
308411
2741852
8562951
8391887
1622270
8741000
2645515
3881788
4502257
3042081
3934322
1563979
8870115
5516691
8001225
6046505
8287074
4694264
1047550
8651111
8301623
8794972
8416585
803621
3627229
4916564
193921
4555873
564102
5913827
8873162
209545
7560368
4934841
8841321
7693959
518077
379321
4475240
5582084
3635698
1604804
11191771
7823515
10157007
432092
8403941
3508914
8075264
4598438
419007
1529684
5322468
4642139
4768244
240559
10147330
8876218
3214292
2138519
1569865
3368214
1983666
1688026
5522076
8230768
1702398
8957882
3260413
8668314
11232209
8868520
1688433
5574618
5897172
5915220
9505163
2547865
3637302
4581277
12574393
5297110
579810
4479687
434542
1172485
1669914
9072412
3879815
8911845
3137153
5657425
8952692
7744288
7631026
1691072
1186469
4733723
5857955
3496608
8819213
2001139
7526364
8491953
1594245
7612094
9808831
4505685
8390156
8876089
7699958
3884688
4501884
6088892
11160276
433269
1582595
3081484
4752967
8997909
1825297
24364
507090
1957589
1903880
4574785
24040
1172078
7453815
471032
3620796
3290914
1523208
1592676
9357136
8391688
110879
8884093
3876101
8630411
594935
1525939
8666539
1603188
5356210
8987042
1110010
8637216
353623
4787742
8992826
8987251
9948097
616431
7994717
5533633
1973781
1728254
1055465
3375828
8636434
1894601
4613746
1044183
8878346
1817043
5916677
8308291
8825787
7780748
11019477
7375337
6083362
4615420
4524827
6094168
4570612
5333043
1059123
84340
455147
4586599
8817657
4512423
5335614
8752196
4636597
5715291
3878671
8868028
1582169
9452346
5358166
5914581
5330289
1660828
5178995
597907
8906607
3509943
607466
8749399
4574824
4535650
3126143
33969
3146089
9194778
7560110
8858011
8957635
9255495
8887537
13137654
63900
8872949
8724965
5760377
3373642
4569020
97246
588380
8783024
1656650
8765858
9590784
2642882
5305702
12055624
8539623
8630557
5922290
1519656
303798
8859021
4703714
634770
3925005
10834477
406549
3779958
2054734
124412
8289591
7516455
1589174
12809700
7637963
4774040
3230331
12757722
437460
5379253
1604971
8107437
8719824
2115790
1702768
8739576
8948810
5359309
1988202
8988843
1905443
5503137
3145007
8875127
11004218
8150330
3025297
542618
13697180
4584848
8105981
545703
9118219
6036562
605306
1688616
155148
5367108
11027003
3498280
8960048
8563616
539142
563348
9522017
4505492
3330457
5917925
5399694
5919033
4497395
8883369
8123450
5500880
2727290
5356094
1681553
453252
5316814
7276147
6041671
4478320
4531575
106670
3347462
6164077
819718
4792872
4594048
1699213
8289339
5358493
8740076
8713498
6066073
9422787
6102483
8953677
3872365
8955893
1991027
3631248
9054024
8266532
7379266
10164870
11190840
1680020
8834053
8847713
4538763
7653697
8992536
12490482
3086738
1696124
95930
726598
8965965
7441707
1988575
108220
2646168
5575609
6095650
705804
4624532
6106135
3114027
9590324
5995940
7379129
4560930
8544040
2041934
12488305
2077937
1993905
5301407
4620778
5568473
5861334
9211116
5915328
622737
557221
129872
5355003
595678
8830107
7636019
7623483
124452
9420304
4701889
1592220
2104101
4524955
3881618
8856373
4477519
4685849
7730963
8957053
7557907
4586974
1770681
9491511
10999562
9890616
2990223
790115
6106581
5535049
172919
2746123
5337912
2064320
7644335
8974168
7748930
3077587
390660
3187563
6104855
3044588
3873126
2076899
8951987
8897613
1687269
4730880
4533457
1565745
1113139
4566081
7716018
10173892
8070542
5391904
3210724
8391939
1975999
4732697
3118590
4474295
1592815
499461
8873632
1172537
2642754
4544103
5330348
9121553
3367427
1651250
2239310
4701948
157790
4507193
139748
1591749
5307893
8759480
3492970
4731624
1577258
7395923
9781105
3222374
5234138
5460377
3783024
1656675
98419
11192059
1594429
7612004
11114152
4542406
6110361
8735974
4583542
1654623
8845455
5914278
5507784
9174368
1591291
8954335
2048937
1993690
1763705
2990206
352977
5384080
5854562
5581724
6588973
9935046
5915647
6192926
7690499
630231
3224189
1698578
5579071
1600034
1660368
9017310
3166138
3231579
4547150
9195876
4503555
9921450
290593
9871455
333191
2810496
4680139
3852245
432357
506721
4703797
3098176
6346539
1669882
8625839
8876934
8832474
8712262
5914406
4628551
5513889
3914179
255687
60649
8533849
5503843
8867858
2634956
3774682
6074445
10204717
5536003
8824088
8958678
1239184
5513600
3791315
13106657
3122578
7621238
1982750
4504905
2057615
11186221
3238492
4719921
60514
8743512
8754333
7578409
5584290
1568747
7734683
11458515
8565322
5880400
37899
8393611
280254
4640994
9381703
8640814
1696212
3304833
9366004
8743598
571048
7692328
3933272
1447828
1976291
306606
8305016
1994157
1617134
8899990
8415715
3365363
9431019
7777988
8633472
5912449
3870620
2063087
8957548
1631834
7673715
9212511
11024832
8758534
5325482
4776305
4559835
4680141
9946818
1656894
1895418
1561458
1568364
3781166
12453271
1875565
4679428
8655369
8965321
631713
29905
8642698
11077253
8283272
8721565
8809247
8295390
1725129
7918857
1994194
203414
3626340
9449141
5164035
3933425
5355850
6070774
5671113
8643999
3128059
3137012
5859809
3503960
9212329
8852980
6068688
3127952
307801
8479162
5358961
269247
2045601
5614135
4703633
5301041
2058846
2496775
8958937
9339405
8872911
8391095
8120280
557815
12491047
2008090
487570
7786394
1582495
3114365
11134304
619607
8899360
4628213
8083590
1606857
1250654
9355008
3933441
4476064
8562634
3784480
60537
7701933
7407924
10178647
6072444
4518713
12344109
112351
281984
9418804
1584253
5650968
8729583
8846577
9305316
3620780
91941
97323
8825841
2008258
8896790
4680273
8684187
605487
8866156
3926182
511952
3877253
5158841
9483720
1101291
3137027
1973638
7690599
3095009
2532966
5547159
6098807
11198608
7635009
4628739
1504782
4536466
10251759
3150314
4609795
518370
4729981
6045833
2776270
4533281
3502299
2595510
8857118
6289658
9298165
2060234
8858446
7433569
310124
3298081
1087052
8746545
1600772
6055861
6059415
1690193
7637964
5881200
7548176
3882890
8388909
4506892
9890093
601162
8746989
8670019
3129572
10060
8867970
2122500
4513701
4706253
6010733
1969203
1642220
8888071
12492733
3478636
549401
3326466
3344800
2636919
12573734
1085523
1701894
11081184
1135148
8859537
1228599
1219430
3164551
8856905
6066487
193159
12044975
4475115
4601544
1515540
1541658
68627
8871470
12477981
7485632
3932059
8477672
7410460
206974
4596937
2811315
6063358
8743210
713393
217677
1644523
8874366
1469278
8870816
3179776
7565075
1641548
3168928
133305
9178341
4500825
9486186
4505715
12357439
7518454
8957903
7408481
8636369
613032
3343315
7566682
4514660
8956885
5501605
4607413
5333782
5155412
5512314
3623465
2135605
3917197
8712706
6075010
3881116
8957905
4518922
5584547
4706028
8636390
9114165
5510354
1986756
3875368
8753070
9518662
3121547
1625878
8957062
9592504
3180285
9000152
9451680
9501168
7983984
4593444
4684146
9092505
9312545
8958677
13660993
311306
5915528
3312967
8538782
8636549
7626265
9363505
5368153
4513496
9375885
5239147
606574
9354211
8956165
12416935
4730800
6101492
8606214
7688222
181447
11173330
5647364
4714086
8646342
10218144
8630233
5859014
8539741
3884073
8220194
638287
4645197
1880267
8746877
5391527
4504213
1650507
4741645
5350339
7530595
8763320
3344198
1993610
148835
5869642
1908027
9331884
3026980
4689351
4477973
5914911
2060230
2042786
2732853
340173
3873530
4694428
4476303
10864059
101780
8853305
1893467
1596681
4592143
8801942
9299625
5662574
1435155
1546677
7922536
2047218
6063965
12520566
3883086
7456372
6019884
1251637
2822520
3120466
3228087
8522976
6078535
8565449
3436252
1520168
10184400
1999893
1591941
3123914
9301117
8758733
1835206
4503496
102069
4573936
1580284
4731057
5354931
9031370
3880650
1897097
1588923
8972310
5504620
1708795
4534183
8237821
5519051
8101207
455078
4721386
9423503
11215593
5271077
9175212
83079
11457584
9323824
5261637
6053178
8971344
574513
8992124
3208874
8873028
12427865
3807815
354878
5433474
3470104
2494648
3308286
7565905
5379989
8405394
7530007
7827011
4513803
12318042
3197957
5915638
8409813
1603295
260976
2772745
10230583
1570624
1890745
4516414
2752229
1466588
3933838
10005025
1646737
7642221
9306469
12486783
3219809
8358104
609637
8840010
7618276
1120487
4600946
8739674
1791844
7418721
8780768
2618965
9109287
8958010
8970731
4490499
11698506
8635846
1981566
3779983
4507015
8746342
6096371
1980455
7342789
4511527
9197554
8310943
5649334
8646982
7434088
7545231
4738108
7458132
8719683
12345015
8958141
4630774
4511042
2606984
8217197
4592925
1685308
8957865
5918415
8758255
3434915
7405420
1228973
9301354
7466876
4618924
8753615
6056924
3122361
518391
8717924
8830450
6901491
3508408
1589044
6107499
8403159
8237699
8734035
12445484
3127444
1606936
1531469
6098224
5536666
4518140
4498219
6069542
4569324
1583946
198974
2755191
1990368
9949434
7691774
8745191
8753383
3311340
4707456
5518401
3487414
11025783
6071863
2082863
5861787
4649990
1646444
1586280
4613327
14823
4766462
5915139
8993594
9016643
7378500
2544286
6071125
91079
4620710
7425963
3798706
9416674
11122705
12777011
650503
1521110
110099
9412797
8783858
7656955
12340064
540626
1973208
3123949
5580617
4747481
7623718
7634751
4748603
7433783
1550910
3074778
7561474
4561707
8508142
9831794
3926374
3783800
8715497
9172972
8305018
4475040
2003431
8823745
2742168
8391682
9422791
195958
9298983
6290755
9109810
8870540
1094273
3799404
5339541
8979748
576313
34841
4640887
630324
7380392
9378677
8374212
7699158
9509534
6283398
521523
8752541
1624648
7462872
8862780
367465
12623025
13401770
3632442
9033921
8893129
4827045
9059287
9891010
8956684
2762892
3775614
1646708
2004331
3881859
3228236
8958092
10200141
8391916
349583
11188830
119836
1090992
8647518
3128962
3774572
8860962
11533043
3334427
652285
6053292
2779790
7384873
4638919
4682544
8756411
4639305
582811
9070718
4615876
5579959
1618399
9046132
3129552
8559745
4678171
7625232
8853653
7394679
6035363
8647553
5473776
437705
4473195
2573804
49179
44555
1837
8744974
5353518
6303522
4785103
6040476
1213809
3806830
5531116
12624053
9040219
8747419
8717973
7517101
6058909
8958407
7771493
1210842
4502342
6001352
8741685
8957352
1690398
8951612
8958150
106443
7640753
2610083
7624271
7778088
9462891
139613
2638793
4682867
8957396
4565610
1575735
619042
8633387
8124181
1119272
1975625
9172806
9480179
8736392
3317675
1907665
3158184
3179334
8752365
6305472
8635870
3486678
65273
6038949
9942089
11135967
1982917
3313979
1593033
8857954
570467
6066721
8652553
12752621
3803539
7429427
5867008
8722642
7452230
2746554
5493383
8975242
2604376
1769309
217141
1996527
8628640
3086272
8883350
7429047
3183622
2754722
1095370
4532607
3116586
8215625
9343189
8751251
4570721
72541
6031376
272127
9588903
806268
8232744
4569062
574862
1677504
8752568
7550536
9452984
452233
9001776
4571025
2726959
1596170
3121848
5924520
4495942
5504093
9751419
5316778
3639971
8635951
9036831
8832310
2031841
5528143
8736281
2495016
348201
4598998
825269
1893890
3780539
3804193
5235391
2535885
3053431
1564964
7539665
9594248
3437579
3784572
7514592
8565945
8644777
9977733
5916757
8808168
1976060
4586245
8959360
5364049
3209503
8951727
8739651
7777935
3315564
2638947
2605166
1525673
8162700
321551
5308069
2639774
9059473
7994716
366645
8646793
4608984
629989
4506755
591682
2742539
4650415
5368325
9803377
4506165
2078923
9001383
3880649
6591199
1901233
8795368
1646041
8847653
3211564
5252318
3887031
8976516
2751459
1237498
8611233
3098776
2073619
3229359
534170
514025
72825
7618147
1585243
8237431
8959684
8840919
12471040
3184886
3057045
2573656
555479
8718539
4600193
6078296
9780506
1976093
1582054
3118438
3518264
7415074
3876073
2081936
1475288
4592965
8747398
4618430
1568598
1587845
7679228
12489203
410357
3878936
1837513
3394646
3799106
4524597
8825154
7431058
8882990
6069706
167910
8959499
4511441
9194237
2644544
3582644
12833278
6296778
9444378
6557492
1583202
10875303
7849723
4537535
344261
7561195
5865927
2014290
8127889
6310004
8648921
7780722
41167
5904932
5051030
3773196
9805872
3322663
10246241
3884714
3116216
11223671
4584483
369644
9297832
3148866
8388312
8391352
8858006
6048834
2045426
8976427
8512572
457627
4721278
9796778
425787
8714764
3790274
7619341
3781580
5577435
1695459
8910770
9003467
5715347
200355
4503180
8540
8959272
3349529
4540543
7922550
8886920
9000474
1189345
1106612
575172
3629223
4781968
1587321
792605
1415642
1587969
1687663
8950575
7785952
3342274
137237
8995683
8749713
3130321
5536899
3120610
8401712
12328300
1224575
4544578
4478457
12825942
6011578
7669954
3467781
231897
1538247
4540669
8632785
1586550
3252678
630349
2748933
4503002
7727991
209470
6106572
2752452
1046931
1702110
3787170
8639251
526012
8951307
7422690
4564372
4829140
9910766
6102852
2235406
5368523
8641776
4535896
13892035
1260906
378117
5304976
8992859
2723370
11460846
8963612
6115200
8955205
7937556
2077618
4750659
306363
2043323
5915621
4833607
412913
10177777
4627782
3125088
92055
8741450
1680433
1704975
8777321
544980
3142071
2004343
8145623
4501321
5536386
387278
2611519
9042650
9212227
3884416
8647864
1972786
1639308
113184
5361152
8849802
8990561
8714795
2059672
3622732
2144367
2746155
2256399
7690529
150797
6061233
5512343
547863
5919605
4476324
4631137
514519
8127120
4577979
620581
1122730
11205407
9061359
6105262
8957782
8996282
7612473
11692642
530627
3353220
7388278
1173006
8841757
97467
507366
3151207
1643367
5528200
1470030
448984
6058197
4765523
4909258
9014807
1121656
7624051
40523
9491714
3384018
3377446
546046
8477980
1645818
9282312
3094201
9018706
9388278
8904563
239269
4597833
11009099
8712971
5928518
9125432
4618035
8390544
8115851
1748025
8416865
8912969
3875412
5492612
148911
1121452
8959744
1646876
9173923
8962888
8890096
7432995
99328
8756287
1254659
10187016
1988343
4658053
555025
8952783
2779678
375153
1252369
4822694
5914197
10838275
2611195
7624936
8113625
10154464
8904225
4978926
3883814
494854
4581439
5915534
5867381
2644460
9000585
569985
299329
8732784
2642138
9351973
154158
5914373
4689396
9423210
3508303
1909571
8741143
8948318
1586143
8965627
5574461
3342902
8557112
510086
7926695
7516758
1674993
6052187
9306754
7536829
2573300
8634050
8477291
8990817
9118122
3225238
1102350
4832928
1894749
8564471
2064075
8867165
1596715
3855374
8389607
3323488
5913190
3509671
8631237
150513
7702969
3933940
10149770
6074487
8972809
1647756
8375313
2540445
2614232
8626466
1828142
4861317
8672272
4480427
8968367
1294135
1528241
3860465
8988545
247093
2058420
8757713
2892487
6092451
3125255
5391264
4721781
8957708
6109401
3871676
1683725
3783192
11025315
9105496
5343691
4622483
4999017
8218619
12779177
4682690
1683700
8956602
447691
7554455
229924
6044846
7619653
3137907
1526109
4575488
8953665
4573480
4825073
5907728
686786
427797
4504494
6070258
8737762
3507062
1696432
8875427
5543171
3626147
594828
564794
9016860
7690467
1652133
2725197
3779573
4762997
8977693
8834720
8988230
7677022
3878345
2554756
2579804
7401477
8497825
7651383
4610319
3866091
6033381
8565953
3480683
8218618
1838947
4592779
1562062
6106465
8962134
342706
3124944
9462032
1547766
3094044
8724812
9411691
1117172
1680343
9211378
5239870
3790267
4506680
2547836
5373699
541804
5654325
2651172
9904917
614560
5907626
8516731
1598151
7414590
11152760
4634988
1979206
1171911
455800
2057905
8958115
8971554
3225844
8404641
1996023
7411056
8413992
8755773
2850126
1825477
3873764
447376
3343943
9441717
7845828
9462017
354118
3636628
8948295
1668958
8734708
10207130
7746600
4590892
7404582
12446651
7559455
8877209
6066736
204981
7730668
9904582
4594174
398187
3635875
8790389
7773568
9786166
8717435
6082131
8993641
40485
8550278
7769773
3872037
3505558
4506246
2744884
3640370
4505734
313907
6032552
4531774
4748543
8641647
606158
5224428
3878685
8744119
9019132
220993
555909
7773946
644252
3626476
11088225
8959014
7995090
8884928
6035908
8956509
8870881
594487
2079291
5246763
6117145
3461100
3229493
2749884
7429041
1249335
8643690
8474074
8118051
6065447
685500
8685141
1682133
1592819
4703311
4616454
8995672
4638946
7650958
3630596
1776049
1666695
8887329
8955777
3146234
1989022
8633663
3353492
8391985
3509315
6063478
1567976
8102437
8805155
591240
3877184
1549671
5312200
8101718
11127555
5526480
8324533
8486203
188578
5907686
8629912
5615701
9303715
3027664
2483058
5380772
4505748
1651136
8759252
2552777
3389313
4709125
8898602
57630
20173
3471842
5997909
7921941
7505261
4906515
7412063
8376109
4606730
3206151
5350930
6589008
4506010
9358654
1703504
703131
3344491
449456
8740983
9124138
178961
1589258
11024778
3776617
8959010
8737575
8895676
178896
7639073
3365135
8639760
2056975
6061018
3779452
601125
1893869
1887850
8878661
2637188
2781350
12466011
1695155
371664
7777551
277846
10188695
7622355
71302
4645591
4728576
8996268
5138345
341500
5238579
1565374
8829002
8877456
4613467
5333313
5916266
3488481
3128842
826171
1584063
98238
123778
1217508
4612915
627355
4503065
9305264
8216854
8749249
1654963
8864474
4514772
2065943
7941911
8755988
29296
8639268
5162808
366960
10999501
2523285
3458808
5922028
5279689
9300893
4695747
2608193
9515790
1634651
700746
4495786
1642750
1971054
211114
5865777
3116587
4634893
13758981
8436764
5391980
7545816
7403154
4738298
8437447
5348265
7431323
8825189
4572419
4919752
60628
4795639
7578672
1670057
9320836
625753
12037700
8389516
8850383
8888997
6045173
264380
6305806
3776391
8393450
5324358
4592280
2004046
1656457
1561367
7761488
1991214
3932596
8955888
4694476
8508671
9881569
83869
8838513
2038402
2756374
8389695
3442786
340389
8099451
8666884
3223715
3509455
4633075
5168994
5915686
6062921
7690228
5190968
3502652
9944815
5553191
7613424
8220631
8644084
1646324
1976662
7925062
2057101
6113950
1104550
8956038
3012596
3126819
63060
9415253
1539653
1623007
4974942
356152
9768827
8668084
6119333
2636649
8953235
5324608
12432709
1182938
1049762
4535017
8123927
10197364
4935533
3795204
3224894
8731514
8432684
8909708
13709449
4746522
9464039
1743578
1132897
3503792
3578097
4581851
1589695
356232
2818161
8104535
5332693
612265
552624
3352947
9428890
4559050
9310238
5339005
8106430
3133743
8291640
4550388
377926
525109
3119125
3876617
4478609
390253
2153922
5198506
8737217
3877976
12744409
1129999
5147447
468154
3025949
6096390
2645178
2060693
3344650
3122503
4582986
3219602
7512658
5873462
1225828
5584750
8956407
9423128
1645610
5483669
5756928
7650491
8557426
5543752
4558968
9001980
9469022
11184756
4507444
7381267
7542550
8801668
8962263
1828062
1606006
6058505
8997020
7612756
1816936
9453813
2063075
554143
4500431
8386934
2065532
9429297
8853409
8680366
4506903
7406024
6063192
4515913
3881818
1973622
7987939
2042081
2762731
401286
521238
8739818
5350419
6311063
5203909
1448454
1687087
4612699
3064378
7845840
7509294
41083
3881682
8392230
8992131
8125709
5351788
3818096
5873675
8640145
8511477
13868750
8642820
6107967
5463710
2774142
4518776
8475264
8958355
6070793
5915268
3225595
2493941
6007506
2061372
3188277
9782678
6054744
5926151
1816584
2780357
1606689
3350187
8731348
8281291
15178
8530567
11182544
7424855
3116647
1761692
6063926
8887147
8468775
1458829
392301
5579486
8962946
8547433
4913897
6067472
1571940
6113781
8743776
7744866
8404228
5529646
4535242
519340
515455
9830265
3446620
6072669
5381787
8959378
8127928
3775860
6105249
6897123
1602582
8878657
3388474
9481459
3165121
4583762
3805478
1975658
1263111
4635684
2781108
8758504
4539810
7691292
2590536
3881649
7725181
3249867
604498
10190535
3805722
140894
8402911
2894955
6082151
1700326
3509084
617999
3496214
7610552
7948234
3353350
9491852
1831961
3435382
8475535
3052417
1645088
5365179
1565280
4759296
2074918
3876336
12426430
6069751
7771666
10216858
2748171
1257918
4629846
6061517
11098101
3877088
8528349
3880906
6292165
441454
5490440
1973535
1694520
9299163
3248837
1568167
3473173
8968721
5308660
8539981
5563421
9623831
9472631
1672428
8072134
240696
3222517
7588954
1978326
596904
2153525
5437913
3204604
9771588
5547960
1115066
4588393
4510533
1906354
1135363
7644684
9419545
8742869
1898778
239661
7391390
8267367
4826209
14907
8962231
5526433
7923212
7642924
2000304
382984
3324007
8633434
5457873
407258
1793801
3791133
9352132
6102539
6069612
5344957
1836107
7642355
3120255
3932307
597298
11194952
5346527
8992477
3781552
12522598
7410826
3460848
464796
7398399
8856869
1509118
5328304
3471481
8967877
9106860
3809396
8946818
2151726
3020829
8271266
3636068
2763873
7538176
3917129
9888595
8751038
1644688
8888364
602907
7700977
7684691
5914284
5514956
1659538
3428926
4511290
6084102
2747920
2153780
1227166
8648159
1989763
7557101
9359698
116491
1648562
2079904
5347462
1165672
8749432
9179284
450604
1229348
6100700
7418630
8282722
7546314
1976843
6285343
8782067
7618562
6061676
8991360
8967136
5564911
1551706
4609741
1136704
331116
5355825
3110068
7692107
1673510
7643250
5335928
1828047
9867725
3096693
6111546
3877444
465496
592605
150955
580765
293003
7727259
1584519
9116447
8525884
3126571
3776777
4631807
5635689
8958005
8833179
4566492
8783114
4584610
403567
2550271
8391696
5914535
4615488
3855193
8510994
2758244
8957766
8739381
4612141
1988728
2046861
375758
1746011
7762159
3098769
5860625
1552196
8510182
5920825
2644135
5313555
4786498
555023
2379413
8724770
8743019
1695097
9000910
7814144
3285187
4647907
1977191
551527
8958442
8750207
520426
5923945
4497813
8531608
543575
8488526
3220156
3051573
5323355
2142545
621018
8953270
1697592
2779480
5914286
4830816
1537045
4685482
11157603
8473965
7650325
10798702
2032864
1810811
12340353
10958493
8889052
3788943
3130441
1462270
585578
1983689
8266211
2552913
4670087
741978
5917429
5830100
1656879
8246328
8540965
8412044
3328027
1697533
8949963
1564550
2616260
5872831
9913398
2645995
1099769
6034304
7431476
7403049
4750933
8724698
13106307
8686353
571245
4606192
4484697
4760438
3495311
7402910
9818136
599784
381459
8237192
8854946
8536921
12190963
8906684
624134
9464802
5564914
3224130
1973314
9218120
5212494
3137925
634190
8891568
4534778
2539073
134628
13899128
5391456
8672180
8537471
3437017
9534875
4515648
15045
9972132
12779318
8161645
12347687
2063474
7292299
4687783
3803635
9030080
118335
12573692
8996324
9803048
1213985
1985257
4511698
1894677
114644
7376486
8742487
8768045
70823
88116
4747239
8477422
805049
9587031
51556
8737507
9415427
3886046
5923140
3344123
2058321
8062251
8475256
8296189
5418077
5501819
1635841
3242193
7512528
3468621
5529221
8956712
2782824
1837345
3866146
7919700
1609430
8402579
9419671
274218
8437587
8743979
4666198
2080153
7371207
4475850
7621873
5863794
3802749
9404849
8629654
2645040
2249809
3804689
5237711
4622608
2236181
1627178
6290885
4506161
5295061
5579343
3805012
596660
2538393
1226421
7574563
2234975
3143414
9060189
4617731
7717098
806019
8646715
5748448
9296389
1035655
3133681
3213153
5585748
11095463
1803601
6043757
8746336
2773496
6101705
1125091
7725324
3878280
7687582
4585987
5419345
6087067
1889366
3776488
2535392
5937305
9840615
1096649
1569031
1649694
1903311
9103802
8942490
5542279
1114273
4568727
8898721
8989006
11745949
4732659
1595298
4501536
5494678
7632733
1688723
7456115
14745
8791289
1565814
6286623
8272510
1812559
6195423
3876728
4531616
9302354
2553981
11016429
6067363
8645430
8404890
8832096
6064429
12366978
8513564
5527758
5176651
452575
743105
3353314
8810552
4642199
2542124
4612970
1798793
8098047
6070316
4705430
2052795
7687434
2759543
3353949
3261859
7778377
9856299
665827
12489216
1640700
1086610
4594512
8739518
5531261
8855450
2146126
2067245
1644144
3886070
7433810
67934
3510262
1592210
5210928
4518596
8882110
5572917
7730209
704369
5545157
2748785
22719
3183191
6296577
8957971
2725586
4582798
510765
573326
1581416
3313982
7440519
2056276
3632424
4607206
4592138
4728968
2731539
4477177
5284569
1844431
1642396
8959220
1894884
84362
9754641
1205986
1906472
7539220
7468103
195050
2551341
7734752
7714237
7636693
516954
3885091
4531897
3530877
9880769
7567198
3109771
5495676
8855911
7423822
5313940
7398374
3233501
7917247
9196867
4584231
374937
1889235
11106340
4584072
521026
4630544
8418075
3467447
8637126
8636858
5311499
1250089
1624161
9970398
4534618
1565401
4761716
9972324
7781294
4560257
8961037
3808982
4815456
4599069
3779248
5485803
5355592
586329
4609292
8632233
3880045
12323480
3389323
332547
7552544
3127011
1574334
8097508
2129738
112550
8739117
8123592
3210665
8631690
3032751
1170837
726754
5359431
328929
8745464
2044544
7389182
6040957
1221871
6149551
9880096
9004082
5915270
3135697
6290182
8885343
1594664
8711459
2219900
7670700
2779300
3127538
1649823
8991156
8888639
596135
9914085
3641345
8880575
8758577
4504061
9212599
5526323
2646904
510843
4657221
5334067
8476460
9117630
2616915
5860963
7514789
2890623
4629569
4669271
8405995
602392
3179459
2586259
9750602
5908368
1820892
8969687
1821182
8991368
8949318
10167607
2233273
9358759
4767676
4790408
8801662
3881283
1545969
4474864
8770056
149845
6105839
4602234
1599738
219572
335528
4723560
3783007
3123536
4501526
3246741
7675867
6099357
8882331
10187028
365462
3354187
3881715
8642414
8403607
11458550
4536146
1689840
8997980
3869953
634810
5553165
3784245
2224909
630356
7510071
4683621
1996502
4700457
7925813
3800784
7564483
3328130
8628697
12729122
789989
10783695
5865573
7839384
655173
4915269
737674
3462617
7394449
3094956
3490479
4576664
1563857
5583515
575688
2496421
4477758
625039
7922913
3504911
1507157
377022
11009434
4638224
3116911
3774961
9763066
8146641
1830055
5307637
495078
7403954
5329016
3882588
8736915
4758963
5359965
8838061
2080543
2062157
8792643
8899018
1580531
3783138
559581
1456574
1747053
1592780
8873606
1971752
4512790
1977564
3370281
9976397
4494178
4700317
7620298
8096838
74487
1124652
10166258
10188969
3813420
8758751
6091624
5914294
79324
9363506
6081875
449106
8073910
1795347
3635383
12778996
3520402
1520218
3130833
7518299
1088168
1957646
1098670
449302
7624042
2011761
8634753
490245
8390600
9766852
1649188
4503664
6072422
9338045
4497648
1700512
3208364
8634191
2729193
12752428
1975624
5391119
6307444
8997878
5217898
4640340
5058376
7771882
1208922
626353
8643901
4656838
7624210
2779018
280726
1478484
2064196
5312034
12092005
1629946
5880294
4582779
9120259
4545553
4594789
8077374
8957705
1590785
375391
7510745
4635812
2642653
5337506
8809591
8229241
7377770
585619
9462019
3463068
2846383
8403823
1682001
4502988
1223748
5327988
9504008
9172910
8268324
4664731
4509575
3770798
8887408
6164562
5501141
1979308
9304051
9475037
507006
1729572
7993464
8632787
3793882
9302732
3074629
8867284
8912623
1991049
8955721
2846396
367595
3149898
7773902
3146964
1180450
10257024
8957256
8866578
4610807
6067841
4598290
7663805
3323710
8958472
1585300
1587812
1990178
8412435
5915420
590366
4622222
9435570
8964074
3127767
364975
10842652
7548378
222878
7698969
3784210
5919759
9296900
7700162
5905431
3856568
3518248
8966874
5535993
8714851
143935
1973610
1253505
7765908
3479619
8834595
2549969
7994708
9502208
7384881
11016863
97040
2571620
9319188
350525
1598292
8391249
8635377
6021320
2749359
2885510
9039386
2056850
12779119
9196648
3389781
449255
5869417
1846752
1599352
1987098
8948919
1578406
8636740
713370
809722
4633112
7388447
8746917
1691399
8804431
4629722
1593999
5897399
1091037
4578110
2780112
8957034
10009183
4714062
8861563
1593152
9866822
8286172
1981686
3099370
1633521
5916037
3037501
3039939
2846315
11027941
4577127
8104905
8747049
3622263
6167483
3325788
8717932
8843150
10206114
5352852
609878
3869094
2533786
1596731
4680891
1687570
9098177
8957264
3921952
8884282
3132124
4597111
8770336
3089909
8532003
7629799
512035
3187384
8527678
5343624
2885617
5391888
8098527
488554
7351501
9776557
1748230
250750
1693304
737861
11097135
4679366
2745649
3130097
8873704
157009
1774939
9030454
4693926
2609877
4503153
1699743
3316417
7924375
2733659
7638119
8477169
8686382
6081919
739555
8755654
1569109
4504350
1564312
2055202
3932597
4574523
7379304
7763839
7720876
9002122
9591635
5547115
203754
371758
7638927
1601512
8274681
1683026
3206421
4567366
4785363
7504813
1576619
11696577
4591816
8648765
1587295
9423545
1688332
1274042
6049054
10862191
3853751
11182425
9002916
8474102
6063184
3875624
3146987
4573891
7550518
5393396
3074161
9385242
3435795
4515427
9106208
535382
3135075
3098525
7993691
9293830
1985776
8507962
10158269
1579580
2139633
12495285
9195858
2990346
1996155
10862079
6054164
2990161
3888112
651547
8906431
3113397
3382160
8648611
135184
8897547
2786019
4506830
3640903
8831954
6128362
8995149
3793598
509316
569715
1219165
4674245
8958178
2146384
2045061
2065255
8629276
543504
3096382
7616706
3783558
3793093
252970
2059660
6304446
7430790
5534369
2057983
244701
4982573
3880981
7466674
9762677
3798393
3125463
8286875
8647973
8211518
8865048
1173025
406462
8732102
8302268
9381499
4625435
545875
8967655
365739
9878656
6110085
8845559
8955534
2073724
3789197
6293996
2058909
377257
191624
4833905
708639
3778583
2813566
10172745
4693337
6074429
1602284
3508152
3235558
8415778
9297808
1900429
8644546
8965317
211112
5917335
8748945
8743324
1051600
3627712
2617002
462161
8749501
9472008
3886548
1907099
1216295
1792451
686582
4657757
9416673
8415944
1892261
377486
3142622
6108568
6064783
5341807
4575031
3130037
2152525
8721280
12762907
4567290
1830492
1037601
8994441
8638345
97440
3509308
10154174
4920412
4550960
9298544
8636348
5916385
2532488
4593684
8752064
1205725
8629371
13390642
7945492
8614646
9212050
6289036
3496433
4685909
2534088
7550741
1599897
615052
2040261
3879501
6020340
12811801
4634292
8632010
2495142
4634276
1096836
8829320
4700353
8736574
8731311
3095496
611665
11456363
9002035
2152643
8235921
12575461
3808671
496903
4646430
4505000
6154048
1982486
4707295
8951722
2643623
8961213
8711637
10525700
1789116
8513918
533364
4580371
9511113
7381427
8636420
4684119
451537
3791915
492289
5566924
704266
232571
8640873
8630480
8732069
7371293
4601414
8685077
11002716
5330601
460059
11095842
708151
3778664
3883523
8634955
2724967
3611
12729154
1892873
5347382
3220258
532625
8674181
9018913
9882416
4761720
3884207
8717685
8869891
5199841
8887354
1590753
523204
2115376
5510634
8720222
6076983
3148571
8843149
441023
9844999
6075924
2068070
4513055
4731612
1692082
7699261
8850436
3782525
4608946
3382569
3195426
8740518
8416532
9370214
9299407
4626718
4637783
7458290
9081079
5243524
9379681
4515107
2012330
1832436
10193921
8774527
8735481
6062382
5916508
3353454
3130206
5665124
3881745
7631169
2613158
9944343
705396
615867
3098010
641190
2625724
1175293
6063104
9425241
1525889
4739552
8949731
8090411
487179
2976495
6061059
424099
3122813
5593695
3638467
34259
4760595
9293307
6041622
13888352
3510496
3638901
9466240
24078
461446
10169460
2243964
8538988
1527563
312555
9060796
511189
2780973
9291
3301427
5580106
3441267
8954375
3502000
105506
8749127
8832973
4688746
8756004
1596678
9516570
7642535
7716926
1981941
7533671
4624964
9462237
4535138
3160138
8758529
8974252
1680092
535740
8848236
9416679
5338522
8628845
1587614
8752987
8012137
8628004
485096
8721421
7939929
4702261
9453081
11126670
3214314
384539
3638677
8406824
9368707
8741641
1676051
2647332
2013000
8644004
8388324
9988675
9482935
8738248
1672960
12729777
6086579
8914653
738575
7774269
4580458
3498832
2571672
8636918
6049930
7924740
5915664
8955198
9780142
3219911
1206328
113903
3313943
452893
3350882
8991778
1647531
8884746
5499176
640632
3437170
8531657
9364716
4543019
7404319
1138679
1576156
8551557
7560564
4502727
8766286
1710951
3493607
2616780
5504640
6060047
3797508
8872157
4485110
9040258
8476095
3365168
5328358
8751438
8965275
355853
10999243
13903362
8682559
8964053
9827603
51081
788744
8435169
9436070
9059679
6114126
1520699
8415737
8628478
4864107
3225540
4701925
6009658
1163887
3875371
11016088
8632020
7604151
13714829
3197804
6109216
1677343
3640315
8957155
1792429
6062883
4500952
1084820
1894811
1695615
2746878
6058545
8725284
6300479
8735259
10273121
8391949
8635836
9955129
4530580
4711055
3129520
2587864
1906687
9107305
1975942
10999457
8942594
158281
1906442
8957697
8954913
1995397
5343638
3329817
628066
1600912
5518501
8414755
8833347
8876262
3347485
1972275
4477211
5324907
140830
555911
3485580
7426384
1958036
2636067
7771410
3631444
4586911
7759616
8997492
5873684
9017054
2534348
8417757
3129267
9000235
3881228
4486702
8270281
4632454
9292989
4822389
4706343
308887
2001579
10134539
304183
8739282
3781236
8391619
8412326
6059912
1973275
4670485
113750
5347727
5368231
4614360
2002726
4503900
479636
521505
8748461
8749435
8836934
3629548
2750044
83328
583669
9110679
5907704
4743320
4594637
1871694
4606043
4789348
6083394
5338680
3133280
1891232
1815381
4637215
5306096
5334811
3452196
9295905
524435
7348216
56332
11097561
1795645
4628987
4597286
701222
5473475
8223624
3770643
8735156
3771303
3921140
9046169
10853102
7512840
5922765
5916143
11192769
6100423
3881103
5543970
8741587
2549732
5573472
1494694
4761745
4511784
4604258
7441166
8751425
3328033
28861
7433921
1684325
4597261
4792547
8979978
3628035
8635869
2605209
4740691
3115097
9110258
1643595
4636053
5339484
1431343
5658371
6097434
4605728
486805
7922556
6589235
8683637
12572396
4608806
3220472
3866968
58102
6113149
1969400
9879571
8995228
7584416
1258223
8908376
626994
7561099
9971582
5338787
9331582
4738093
3127305
5287701
298544
8965403
4714830
378398
8296896
4727513
5908150
1690525
9537541
9972396
271925
5207653
151489
6115685
4506521
1792123
7551406
8624773
3792596
5354645
5862971
7770034
4510551
1192457
1072707
12755372
1998797
9320687
4594903
1226644
5212327
8881428
628826
216576
3336938
1087811
8785535
3396251
1626753
8614032
115464
8630200
4560606
3494571
6068626
8306239
1654013
7296184
9389086
7392833
4528094
4514168
3797369
3182636
4638566
3774293
431495
1903234
7625923
4688177
449814
4676477
5912363
565150
11014097
60580
7733276
3320422
1683998
1705727
2010283
3184501
2572903
4562294
4703774
10227160
1661347
1555277
5158511
8728109
5496198
9477093
8556700
605997
1134947
9517087
8961490
338594
347117
3053119
8875274
4503743
7560877
5351173
4476156
9880575
7556253
1648110
8635268
10150602
1584932
9418683
9065667
12063816
12455933
1976444
4491041
7690508
2034499
528245
3796788
5871530
13858047
8813019
6115188
8674498
4534894
8817540
554135
2535117
2741640
8233987
5313002
1604995
7754692
8864604
9030451
46708
4518057
7417488
3253326
8957985
5391307
8971581
3474096
554954
611768
8919710
4567217
8683473
6033397
11016393
5516686
7724132
4781777
1551575
1973139
3784383
1651397
556573
8824943
9213675
4543293
1853237
7816239
1984917
3468918
3132394
7851417
611800
1172052
4760447
7557440
1901561
3202114
3933169
7433185
3122204
8737154
4628553
7688738
44019
9292542
1665894
236563
5532768
3920123
4611253
259195
340852
8957475
29933
4629464
3785890
4700740
3343234
3775014
3868748
8979294
4582162
5340771
5543398
4706027
12078620
1611311
4500289
4627395
5222036
7545445
6112202
3440661
6040673
3578115
3778727
7486975
7548862
8649011
7656274
5534464
1225631
491228
3344113
3143964
4596336
4674927
3357520
2260758
3929652
8266404
4624718
457321
4627012
1836006
12488116
4531100
1892457
2650912
2612864
2809905
1446083
2043940
3365876
8061465
8063072
1973301
303696
4514195
8897910
3186348
5329496
8857904
3133473
594072
5469869
1566189
8851532
12578546
4504305
3874774
8106334
3783722
8716620
4585824
4689207
8749799
703469
5538630
9298403
8529749
5584615
5677619
7559648
1665906
1526334
8620830
4545307
8221628
4579591
5519073
8759104
9296216
2039490
1698565
9405232
4532082
9170926
1570137
1623131
8499120
458038
7749544
342975
4612941
5545338
2578599
2007303
6288495
2832971
5522895
703740
1259811
9844935
9298012
7823610
8957137
7814244
8105123
8763990
1222981
549078
4619778
9093166
8796412
3540530
3522659
4689879
8990349
4790400
9757787
5503177
4596795
8263264
1120087
2140496
4542897
9000014
6094159
1240055
2734634
3775233
5515420
1449188
3487328
7590079
8633010
8722259
3344685
2037095
3785377
7925355
1844876
1651133
1428485
9302903
6010032
3799405
3343422
8530774
1681695
8630389
11160932
1831764
1168538
3189220
4581782
8742086
8849998
6063442
547514
3875191
1588071
1982730
214844
5915200
2540914
7490945
4570665
3510464
10227533
7421444
789498
3801481
9839672
5340412
3787998
2747173
8749345
318165
5348787
8848792
8301958
3877390
9175293
8685428
2025339
8758088
8391746
5869692
4477002
1245127
5361043
8125838
3352445
6066184
204313
1790293
9457921
8957454
3390820
7511896
129844
3146949
3781995
1902733
3228850
8362359
4516235
1051323
9000010
3215385
5924084
1225426
1711056
5214970
1638776
219028
7536121
378421
1874362
8739716
3309528
5391095
5681925
8998008
9888006
3636778
12616828
2096565
8963412
3450250
1565032
542408
8645947
11219805
9454065
7402855
8992057
9002809
8991785
5523483
133506
4578994
6040684
4593663
1671947
636517
3508344
8873788
2551304
569739
1581752
1671540
8398401
4627540
3868017
8888819
8956575
3364797
4937196
567278
1545946
4683471
9059758
4487166
6080001
8635986
4967280
4545932
9033308
9420714
8685155
7701377
1978267
13868765
3134661
1871287
13291546
2054190
8973651
3886452
2137922
8861338
8758383
3930720
617869
8746240
1902553
4498494
3301466
5326728
449336
2005070
8955659
5374874
7835430
6104454
330924
9002894
8750150
603396
8758210
7623593
2490721
8955563
8956198
4534527
2046222
2734098
3224374
8634472
3915468
4763628
8641770
7435513
6048240
804158
6110685
8889040
8959493
6088282
6073649
6067238
3251474
2823550
9319799
3139237
511014
9536023
3508774
11188181
3877892
1895786
3799078
594569
145489
8854904
8625981
8751657
7550743
8390202
4907721
9467630
8501018
1226289
8895156
1972141
5914175
8636292
6108125
12497642
7936615
1119161
1128073
4719089
2633182
3783595
5916871
9303091
3389648
8676026
614187
9310268
1129475
4534182
4726763
5914568
2778818
12091668
1573223
8372658
6071547
5544117
6292498
8736112
7345266
4630425
5917462
573242
5916053
9585049
1616344
8391908
7727964
3316315
6069533
4669446
7673143
3127121
8958828
3139941
1719455
2895459
810006
161284
5349118
8865023
739953
2058219
7619663
11223315
353674
149375
8950165
8884019
1543091
3223161
5765264
3778476
9752194
8754063
6058486
3113773
9782037
4605400
8609992
5196782
81095
6000968
3133742
9888104
8068779
6097121
1618208
8939656
5343023
6103435
7734213
8391114
8642582
4539000
577244
5925468
198542
2042085
1680817
273912
2055268
3465213
5542553
4582345
3166191
5361291
7670561
3098051
1642912
8987339
5924247
1981104
6066355
1889190
8721926
7692651
7552280
5927258
8947741
4602569
9170345
9001259
1245032
105956
11094330
8849969
7916807
8816920
446337
8635420
7771029
4637096
8876046
4607005
6109647
8999401
1645370
4830793
3510383
4657103
7519109
4489518
630198
8725138
1904923
8875126
8850654
2535597
7399069
50891
11195789
4545010
8735818
3392731
4511866
5868757
517857
5917788
632156
453331
3487399
8714272
8995369
8833008
7506408
9466364
6108641
7925705
2598747
12316919
5561475
8793807
3440065
4740718
1699108
3131607
565256
5198558
3626630
5917006
1650438
1817946
1993165
2612206
9115711
740181
3925001
3216315
310505
10199743
8799802
330757
8870774
8524778
4991232
5525853
1679371
5268527
10999308
4763225
7600665
11190800
8391235
5344003
8648755
2614097
8837648
1965885
4509757
5815026
3189251
3790219
5389260
6916
1982003
11195961
9020317
7622559
8867857
7767724
1099061
3182606
3772112
8875787
7730971
8995289
6076316
2989637
1984824
4754517
7638741
4476023
3121725
63995
1135846
1635621
7518264
1645081
7627876
2646387
2599285
7432057
6079461
1610742
3772827
1677561
7402902
447417
5198738
4625648
2773802
6066418
2646476
1583505
2732307
12490082
3249126
4705394
5919938
9215896
3881740
5915126
8742828
4484930
3353349
6067350
8709939
8679086
551644
3222365
5235665
5521596
99975
9178322
4480953
203687
11190113
8836899
1307336
7552113
9103043
597046
509165
8992655
4633392
4502385
825178
4622596
9769063
1838201
1614613
2605657
8097049
8957398
1979880
10161470
252161
1680401
2895922
8794934
1693787
8958151
9421252
4505569
7521685
9322228
4479590
11179768
5296191
7626187
3913794
8775610
101896
521622
8720783
2634632
3316028
1182541
1182309
3508458
5204044
9002910
3480187
7435268
8825466
5915218
627566
9476657
1525198
8381526
8755059
3805387
5920675
9452670
3928779
3377212
6041685
1701888
3440635
4789197
8757503
3489649
3343140
7526269
6060729
4534903
4504286
8633628
8634951
8951764
1604783
218386
6082444
1904180
8629271
3774121
8971945
471884
8884564
1981856
9298330
9037236
5303527
8438258
4731089
8964070
8829011
487764
1681604
8435019
3220275
1898046
2779621
8884899
3097288
1770217
7674514
3121849
5583933
7537581
1469009
9001096
4695746
9421489
7384021
7602683
1540538
5513484
1650019
5324681
8956828
6060850
5199732
128616
3124737
12588805
448958
7362463
8411048
4512110
1597986
2821514
8958444
8804353
4750508
7377558
11126101
1082970
8825082
8289683
4599928
339436
9034785
34047
1645395
9470380
3518842
5507899
808261
7392015
2002641
4550411
8109057
9183593
3800018
367137
5914491
5557963
392802
8852928
8722788
4615927
9439110
6066927
524070
5441605
3131957
9046184
9521331
4588358
1800266
7623062
8957651
8739271
3249275
2549168
9326727
7551594
30537
103992
7390156
9978394
5515353
11064764
5377106
3365028
124459
3868403
8627833
2784665
7706619
4541871
8667739
7620197
8526776
378275
5351147
5192789
9406839
8083525
1458607
4497469
13898965
4706249
5876828
8927822
6039528
3775059
1562993
310893
3139140
2058918
2532441
7843910
8964713
3218811
1514374
3033058
4606973
8407727
409820
3468458
1600796
3052898
2014350
7533106
210128
7919157
7677072
8994045
2068890
6040454
7506154
1648635
5342843
3200724
680594
12097692
5905242
2572568
4559366
2723258
2647398
1959154
8745624
9905857
4533794
543102
1902756
8637256
5327264
8750723
8957603
3174763
139067
8667957
514925
4474760
6148337
1525795
8961378
7517937
1896880
4554744
4523990
3878273
1545598
5539666
1090752
3098160
2779005
3883361
8670024
7480057
1575827
3929318
502952
8717291
8848501
12568074
3095945
5922400
4649651
8757085
3785015
421894
12809621
577077
2101032
8945645
8647592
103858
4851004
8748845
2893272
2084175
4561034
7923112
5863593
8636654
9294988
89874
4816932
8978330
3129854
7760559
205599
2060110
353917
8767033
1665539
1561589
4693772
2009759
8493621
3380233
1608360
3912458
3253008
1588877
8961053
4918393
6075857
8872335
13698575
2105927
1609369
4586626
1486164
4821897
4646017
4747675
11011682
3808000
9228831
9511311
2537839
7428211
2080859
8996289
5914237
1086819
8388149
1841341
4495704
3210701
3466714
3775981
4490937
9823311
3356504
2990719
4559889
8154411
1828939
2219199
8718
1658074
7610557
8958052
5349739
3880654
193246
2037790
1531798
1891939
2220785
1683543
9089911
9117179
9849289
3149995
3341789
13836782
2153777
329666
5916936
1528657
7388821
5625932
8869249
3292183
8919633
5325723
2059740
3171075
3133539
9413039
1111006
3444001
8799228
1672728
9829521
9031465
1460857
7400507
188548
8264745
8972866
3041577
1648144
8076684
8947268
4526281
8759387
1678902
464649
7545444
3132951
3489475
2081307
9500227
6284444
8386351
7625156
11155339
2731809
3879175
6051436
1975541
7817315
9420856
2588202
8155319
3776625
3220352
620467
608316
5902169
9448733
1988548
1643719
3373790
8957604
8773214
8566420
1892710
1617376
2646043
554699
3324370
9296761
3873589
8428814
8803441
595748
13816919
1678819
2727590
1471493
8736027
5919111
8416671
6007177
5391349
6077874
9520879
1111280
273878
6048030
2241908
1249943
8069864
6590751
4823246
1654144
7580473
7402908
1615978
8859366
1569648
3872689
6057486
1111248
3926232
9461367
5335806
1594228
101939
7658152
3486468
6092486
10230475
560776
9623965
3326474
5919634
5364882
3932265
4586559
2586274
3458615
3806894
8755496
5296691
204586
3322812
6060970
8735582
8978218
4595536
8898220
5346392
620596
3449654
1700492
7407976
8850330
8757919
1665418
1215907
8883354
11453919
8862151
6070292
1979700
6021864
2730025
2737032
8949787
4773647
337307
8551112
8919843
3869087
3124595
3795113
8647356
1094494
1226961
3773193
115073
9000156
9034211
7551164
8860684
7690498
7501239
1828899
627144
2077793
4777461
8517887
3807010
8991796
8873831
3512789
673417
4482165
7754271
9380003
4614778
12744435
3303985
7624672
8531162
3127805
4606308
8963457
1120718
8541834
3915759
8990544
8922899
9000772
2001181
2738929
9054639
1895873
7749546
7530560
224179
8730217
8759075
8973879
8960121
339734
7423521
4826562
8516069
8647431
4683236
8820661
3374364
3492734
1225610
9296571
3134315
1583622
8862752
3635156
1716262
4687811
3127172
5916099
8906161
8720231
5858309
1468501
4478225
5251324
8684092
1138250
1458476
1586170
4512179
3343845
5325746
4668178
1216247
2539234
1643199
8961038
9001790
407550
1498395
9309310
1909451
7753347
8758559
4592388
4792328
8737259
1595330
3627022
9298397
4580486
2065369
9583706
3886755
451465
8837151
8296891
4682971
8646008
8528160
8916645
8686257
3784211
3876564
8378265
3517064
9082595
1195995
3825768
8966624
8687535
3330360
3625252
4500979
11165377
4519061
5467924
3367098
8917457
8848355
7373964
7556374
4577213
3624599
9402939
7925550
9455674
5343706
5578756
3776935
4546339
3784768
8631088
4616058
7761493
7349306
6382914
1648979
1226965
8722615
4518696
5864844
1507732
578474
4586869
1538246
4635141
5548358
8411186
1138043
11088854
599137
3883926
3640009
11192459
7621497
584514
1121711
2049571
5686403
3125534
4789789
3493517
1786344
6108904
4523670
3636936
8725386
5662867
2811443
6123362
3778566
444202
12833247
7814093
4476555
3038876
1692057
7703452
1604331
10194894
3632505
2242178
2598856
1604077
542676
10150752
8806131
8752037
2742552
5208546
593685
2572552
5179201
9170183
380147
9466758
4569257
4729556
3929902
1178062
3137491
8387256
8956028
8107066
7377676
2079535
3121756
3504541
1958899
3181081
7530626
1761367
8742289
5904361
12437234
3150247
22718
8959746
3502752
8736155
8719042
4822689
7776068
2742652
12727589
4826282
7398868
6285686
2530933
8721170
3881097
2576321
4827250
1768871
2578368
3382613
1568410
2605185
5574507
3180971
6304573
4638203
6061969
7273692
2146679
5292079
8727903
1588286
431221
566573
8898640
158441
7776718
121873
12732985
7349345
9003922
2043368
8992724
7402214
9404162
3124365
3348609
4517318
8625086
2777869
24278
12756624
8732141
3878097
3852238
11134826
3485490
4769972
8959233
9459218
3495782
5251052
7762260
4646002
7430726
1986844
1899073
3631924
9592842
1903865
4532920
2729011
8295595
3128338
8725938
5498335
2727127
4746906
4761609
596337
1900089
7416396
6109110
1655789
3342700
3438562
107484
244895
378759
677490
6061025
216270
12190194
8747548
376976
5367327
9423441
70488
8872683
3223676
7835193
4502844
5583671
9421423
4746270
790978
1972985
3779338
7921618
5357769
2637217
680503
2089873
3203293
9446025
7422348
1968418
9788771
3094459
220192
2549116
12704040
8374700
8262766
5339610
7691341
8631265
12037753
1236612
494047
7730040
1966643
8767049
4559736
8442
1892753
535934
4631353
5529737
11748210
117093
787387
135275
8954129
8635903
514560
6046160
9402330
2528927
1981570
12731458
3214353
3092773
2567844
1828682
2606440
8304400
5385870
1106272
8651565
9452845
2645323
6046397
5342656
4681066
4474761
3179569
3778145
4491101
4505315
6066740
8786447
5873157
9431974
6282068
4656431
8965870
8640004
8485970
8790524
121676
4599312
9124407
2077493
8638438
229689
574287
193830
3487063
3639933
3174532
8838243
7629127
4823177
7429435
9203550
6170268
1194992
3218821
9834330
1222199
6065516
4759475
4610491
4631907
7968651
502933
5324298
5915375
4605251
521049
3887085
8949967
457613
8856942
8639334
333843
8876610
1562789
7516104
8416542
8957823
3776926
2537551
95935
3500117
5397618
3127960
5340520
3789304
4518629
8643420
4647484
324297
3078918
3806427
4786089
8390864
8374143
6180670
2573148
8476931
7404339
3520262
4520158
4973041
10200846
8969531
8737232
3160283
8904517
624220
9332100
8956820
8740557
1897607
5331308
10230775
3087310
8996867
4719922
5308227
8214929
8899580
4555217
1990866
11209693
5375048
5543469
1523895
2134556
1591247
5347405
5915272
8872452
624992
12828776
9307907
4599228
606856
7624202
549333
9107542
3121693
8954602
8635963
1657520
2573344
11008749
7530610
4676162
3876317
6284200
12457113
1593560
8740336
7669196
3629703
8711470
5568457
1156350
627052
7691952
7418479
4747544
2115995
7700135
515276
316180
9300622
8835900
304906
2537299
12190903
2550574
595550
9003778
8957460
5498760
4512792
4520522
9455491
7400447
9429579
2221174
4653155
8942280
7377977
569113
1552597
5904992
12735112
3506122
3804804
1592192
7396877
2737245
8965291
472144
6120324
4745167
3173567
4817066
8751663
3436045
8149780
1470940
8720551
4671563
3920371
1999349
1632200
2631357
5380955
4818169
2004515
640676
8877263
7509239
8957252
3322832
4574668
8989206
4721307
9173770
8148261
2229124
493242
8749274
8713983
6072918
2740112
6044413
4709624
1571602
542061
1511154
2068118
10997210
8994308
4658026
12710746
9302877
8735468
1133417
2035781
1816653
4517982
5312781
3634280
5583288
5884692
60562
7687513
4535264
3801453
8646188
577756
4503727
4908147
9395304
8751441
453362
3353367
6044589
9038063
8743212
7639835
5356286
1600061
8738591
8880379
9880404
8563615
10843304
1583619
7714378
3785438
703390
1789289
5866397
3226114
1599942
812381
8875612
9419041
5378106
8632813
1973387
3005759
9459463
5374337
6022518
606689
2045148
3101250
8953165
2604672
581334
4793360
7547775
3634511
8635223
5925377
465867
1062148
5889198
5665005
2988422
3872846
5579407
3807360
8874967
4765994
8374572
8631848
8636324
3630701
108369
6066684
3628867
7626184
12327384
7561583
9535903
8755198
9989864
502596
7351420
8879785
649356
2571385
1239400
4860745
8994430
7403965
5898746
5391426
1594202
383053
1971765
8718437
4682348
3844848
543712
48973
1592333
4774662
5914146
7623484
121273
8754399
1100953
1896355
8651952
5278916
2538958
37140
4633835
8648307
1520730
3347341
4621426
4624550
13868759
2060085
3639787
4585399
7838342
9900382
596341
4558935
2605634
5940629
8636431
2650956
4616671
623129
376350
5461068
1585634
1593407
3296635
7508168
455801
4716214
361468
7552121
8724842
3494972
7714095
3343874
5346814
2116172
1599853
8744802
8525576
1137986
405295
6034264
9452999
1270798
2596460
7563583
5493312
5434696
5914291
1602110
1650675
8743785
2610100
1564463
5357778
9116740
3303584
3488054
214518
8988208
4602599
3807385
8996996
3481641
3880156
4510424
4507160
8735965
8683663
256563
8950060
7670463
1672035
4622951
3039345
515060
282572
5924257
5561976
8989102
1136120
9464660
3025383
8910747
2772797
1595371
1513081
6101754
1833267
732481
6045124
7690067
1728801
8711092
3095099
3911482
8629274
7416966
4689196
6056626
8995315
4575578
1844513
4827568
8641165
3486497
6057153
8990565
9960611
4536337
4651269
5914727
5645931
5183137
8832427
1436902
8301548
3866238
560840
3522002
8845157
4916289
8752030
3638026
1894125
3801392
8576833
8834596
114743
1467073
3914231
3777946
8851892
8887614
2533192
2106854
5219758
3769366
8641759
3779889
5507762
1695923
8656120
9057858
340539
2894
1657271
8716533
4818527
4481631
3884661
10845625
2534008
8732346
2888722
9003943
2048568
2490636
5531103
5654290
12051988
2084763
7536751
8732049
479390
6057491
9874272
350033
1057559
9302873
5544572
3494568
637008
5363428
3799887
1897898
7836039
3197693
8762521
11007431
8801930
3878061
2620111
8636362
4576444
1115794
8677979
3175357
8949101
5537559
2779603
7546690
1641612
2072426
12623453
12727593
1620348
1647987
545101
8967228
3487327
1643417
7652477
8668113
9463913
3791553
7724143
2607896
1541484
4709955
1591160
649153
7782713
9415568
12731810
9782106
3130587
2568832
8960114
2064139
2632191
12048003
413556
6053170
801902
185223
167332
8116747
1653408
1801742
8476643
2645006
12051438
8871675
1223084
10589697
7634280
5365280
635939
1896358
1846520
2246908
8957987
353935
9588221
4617372
3807386
7402971
3870383
3877107
1787418
9302145
11349275
6041623
5256755
109491
310807
2747646
726380
6056462
2002992
9123284
7692973
7922527
6046392
9914285
3026631
5361283
9375439
1646428
9585618
7937022
3626397
4611813
287810
7506759
6070737
4505236
8944107
2573278
1591671
4626819
577858
9193561
3798734
8985165
648573
9105806
13441921
8375279
5378368
8107435
5263768
8746725
4635575
8968067
8870544
444810
1104445
8956650
8975513
2644869
4512259
5755571
1582860
3781489
1977413
8723940
8732161
111437
2496727
3298159
11066118
1642689
48813
1977669
5916750
3624686
6066260
4612546
9351504
8660054
4584110
4810324
4692852
8684755
3881623
9421833
6312435
3345894
7620295
9878291
613310
8994536
4501412
1243392
628077
5324862
9317497
8870986
3224003
10195450
1286936
6071401
4743513
2736826
1973532
8996499
7500430
8165444
3792513
7925330
8386541
557330
10262664
8237165
2737054
5523251
582341
5914590
4516223
5913815
4509775
2257173
6118330
8826051
6032146
1649608
1552615
4549672
6059555
9106861
8908984
3128534
3385861
1901067
4771017
585148
731905
3625097
4714059
7744469
2895552
8281602
1127056
2587170
3142136
5684047
3124081
105517
2043769
571842
4826712
4603091
1585289
3367998
9754160
9038814
7734729
4684907
1191424
8637301
3071295
4589168
12497077
8989847
1703061
7421319
4598503
12190560
2152399
3142434
8884603
3881306
3130176
11008485
74425
9986069
5637872
3481965
7374575
4616445
716596
4489157
273259
1781513
3771186
632304
5495904
8817126
2894168
8415834
4764048
3171350
3195017
6050445
8731538
9771417
4517869
10194311
1643407
8434242
367745
1816651
2741026
7500960
2001132
6066377
8971588
8637153
1648838
8748938
8264622
12521154
11196706
7409864
804999
3352300
6066175
45737
410693
7404330
4566318
10862049
8894675
13485831
3328797
8638629
8876069
6108068
3384446
5578047
130041
4827569
4681582
4613041
3134853
3773493
9472377
3317418
6078216
7751804
1696476
4539804
8738091
8811184
5924601
9090293
4790940
8877900
12725901
3309072
253730
6049816
2594213
4589109
1545091
579726
5322260
1592818
2644074
4534238
11457701
1700797
8073840
1117944
4792415
2723759
8106742
8991604
564315
8978612
5270619
5178068
8733712
1889514
4633247
628195
86560
1904706
2569805
2591581
8810099
8859253
4763602
9761867
4859946
3884882
1634989
2552778
3779830
9465068
1202049
371576
2645933
9058867
2055064
5889063
2571165
577211
8474335
2751429
1746909
1652067
9299956
8966548
6064903
3883819
9488042
7935775
7622076
4763525
240076
5917096
6306608
4586451
1640641
8992444
9000296
2613031
9779054
554640
463737
8086708
8870603
7351596
1898670
808824
6051778
4524941
8860079
8853611
8762171
3507924
8952367
8079516
9170927
1967046
2621610
1634753
8717678
3853741
9915886
7384106
1595163
1603193
8640876
4564878
3122770
5356259
1835593
7773664
1697476
4938033
9060747
9065306
5361599
9774984
4490388
1252868
358607
3473672
4709619
3300191
4596904
8957556
7663701
9887291
8880787
4602614
8099555
40488
3218365
9465894
3438013
8858999
108819
9299692
7445261
8098087
5334611
4506967
1637536
4793694
1537135
4535376
2619479
7547041
10256215
5908083
8126823
3798690
4545696
8849152
1596443
3486711
12095042
3519902
581681
11196810
1769053
8752364
9584210
4548781
6143104
2068482
3196146
11166339
1564640
6015468
4727835
11089292
7736834
8950839
5792992
332305
12353037
320402
4644296
1088926
6284832
2612253
9095060
4570842
3876313
7718782
8959132
396996
9849020
9943950
3353984
8855765
4536314
2747473
3802793
151602
2636242
8994355
3373820
8881821
2591886
1246609
9299952
2570511
288305
141703
8958357
343214
1975378
1082036
128375
5498611
8992206
1832837
3450496
3447868
4730059
3493035
4691209
7547055
3931045
1675565
2776522
12585938
1900377
3774811
4576213
6066228
4486341
8835245
11160228
3634746
5327701
5273607
805394
8408173
11024827
9352266
7417557
12314405
7745708
8804274
2106490
8990739
5543560
1521693
8647920
741096
8638437
3349449
8072763
9016576
631356
4511553
2755495
10865150
6075598
3852265
2776351
9457097
4560495
3354467
6154080
1250384
8862688
2056947
3494367
101856
8289368
4732905
2006446
3368121
5867544
10875370
7630460
7532032
1977552
7765279
3171632
1651248
12338254
6115386
2235936
1240348
5512244
4711344
7649899
8072024
544031
4690450
3130743
8900012
3998755
1888186
5528870
4502695
3621259
8140964
4505186
9293123
2732662
8643922
3368319
1679792
4626415
8751977
7744472
7690133
2610176
3265672
9775372
1586350
9923549
9463864
1682688
5914622
7638301
3476646
7624719
8869275
340916
9394717
9055413
2646367
307024
4476885
8869068
2573471
4621822
1676658
3198000
4479117
1526698
3198553
9838209
4500472
4699822
540167
173773
3519489
1688575
7760432
5320948
8295709
5756982
5902728
8993380
2821250
4630212
3353994
8731353
470937
469127
7690449
7351994
1832129
9018647
3505796
5858579
1748164
1790020
6292919
8883858
173691
5915580
9300905
430285
1819456
8734613
4668983
2586879
3509068
1595185
4501335
1999877
1216787
12034133
4920546
3471041
4963433
6013352
4542520
8743800
9297526
118361
5440002
25643
6174442
4759735
4706138
2056578
2762372
1588524
7454321
4701815
5875137
10180664
4755482
7635628
8745611
4687802
1222159
8411052
6081795
2753265
8046018
2979361
7690085
6076292
6108686
11597228
9769717
5916092
3494971
3433966
8971208
8829756
2079081
5357791
3342970
7532157
8957609
1541255
2629225
2052572
8990678
3781629
5309069
12834422
5561494
5522809
3775319
3624904
4816811
8801821
3509511
5524543
697897
7487917
9954916
4537939
4638183
1646845
106565
1596054
2633306
8274301
4518709
10183602
9105072
5325051
6101774
2989544
7773018
4935584
227744
5913438
8865515
2530652
6075103
8992119
9293189
5272808
8393330
1579020
2647261
7547827
4630727
8948748
8870001
2599680
6049416
1232952
4490484
4973309
1216120
8872036
5313968
3216127
8853412
4505894
24752
7923974
8415667
6052755
4599432
1064959
2742446
2577705
4500303
590681
9814754
9420769
4652214
4530591
9187050
5903870
13400968
2777539
6056706
7513690
3224304
8958771
13903528
8892587
8280124
8840737
2068262
5498861
3063862
8854273
76428
200961
1277455
11207418
3224501
703155
297055
12299974
7728676
3221417
1150341
8996973
8953674
8738269
7721177
2225655
8651983
6282431
10223886
6081550
8718584
5490465
7549055
10562620
5343613
738928
5866690
1646948
1568517
6026457
3218586
7725607
8099989
3625530
3345373
7464113
2777809
372771
4688185
8098620
14963
11188430
2638730
12776889
8837625
7773742
2724620
8562576
4516336
7779989
13362958
5294924
1565082
188606
4623603
1986318
1306404
6384579
4502817
10191940
12105405
3622693
1895323
7394682
10167135
8412789
8644162
211788
2479919
1645288
508821
8742561
615713
1721258
1874233
1896783
2892904
1222627
12492061
3344103
2747326
554447
9467736
9019
13106596
2037055
6057867
4499065
2152542
8863115
1236352
210670
1896626
3447662
5315273
6104843
595121
1692590
5430622
8881276
8784121
8800160
3085321
4511700
5924427
2616313
8827077
1571958
4731689
9973022
9470386
6076982
7981472
4484504
8829065
8126621
2082107
2574996
8824675
3783097
4495013
9933651
1998136
1901324
4547591
3368641
10190496
11700913
7421685
408698
2241825
3501798
1648745
4813976
1564318
8848798
4486648
7776336
10193920
1604416
7628084
6054167
9195539
2151698
2894661
6955722
6078479
8400332
7639861
8957941
4537376
8634552
8535815
2600768
8812676
8998603
7626012
4637845
5369140
12726595
579347
8638479
9291344
9888620
7742194
8304471
5584530
9090833
8877406
9187002
4637352
7536761
4651177
4538491
4487879
11211037
3122493
3189557
3074278
475724
8383906
8264683
1590781
6062897
3866010
4621708
4645332
8640113
1977741
4540746
3098428
5529686
555638
8280139
2005823
8852238
1825922
2982834
12117345
12726043
8958170
1601543
227087
641436
327832
8884442
9030714
121278
3624230
9110207
1218712
239042
8071925
8395455
382676
1708624
3434925
9020880
3092344
6059431
1841409
3100344
824648
8236764
2644916
8715032
1593619
8111317
9013366
8524835
3885760
4578019
3505620
8648714
9102756
8736064
3812481
6045463
8957406
3808343
118366
9585558
383672
2537519
7922820
6153404
8758875
8827153
544678
1223250
5302104
9070525
13709451
8974216
4716029
1457505
9298248
4563235
9419385
4507059
597265
4572971
8955861
8285017
452918
9477859
8902635
5583506
9000500
9111026
3487949
8958574
7618259
4578063
2740629
5364003
2844030
3150152
2001908
5652431
373999
9761534
2531993
5564279
4502417
5914499
109668
4662538
5362063
3817664
1569155
3289837
8081381
8645508
195007
3490560
5905615
4629645
1210778
7963629
4574320
8629753
1552124
3307429
5869550
2612570
3123776
9913421
5347479
5389054
3121397
6044919
3248017
5326091
212846
1711732
8303885
8627788
8713875
3781224
3349448
3800799
5929580
10253433
3814372
318083
3252758
8892107
604963
1840294
2550611
9381849
13836795
7531444
3855769
5308355
3923008
3243275
3479987
228333
1824155
523862
3803586
5334879
6292658
10218984
32387
2057240
7625988
8222435
1111269
40281
3883108
4610896
4829248
3794238
8976661
3309016
425781
1990431
1636884
2229807
9750860
9894518
1652879
594306
7370863
8411753
5308767
1976962
8887194
8962623
3917665
605300
3346459
388286
1601289
555874
4770989
9490086
3065705
8996511
1581563
1887376
8124771
8870769
1603218
1538781
8959363
2750218
8864689
8513371
524267
3012452
4693753
5548955
4611895
479647
1589275
9456291
2751699
4646199
9000223
8871673
132277
324307
8952013
2571323
4770039
10525874
8059410
8872867
7395811
9583179
8956365
5941562
4600373
3123474
4596005
340427
6305073
8652364
3186515
2611063
3220036
8743775
8268457
8625784
7357839
7995676
4504930
1609339
4764046
9590868
8725283
4643179
9438566
9765055
3886363
1826203
1988195
12754707
4706542
5766962
4920157
226539
1237290
9780908
1657230
7507463
7454305
4984699
4742255
8391309
3519977
10192618
3881676
9588517
673958
4700163
3160333
572778
4544549
1985984
3044358
4601334
2490766
7767546
1107472
7633114
2499090
44281
2003565
3478980
110174
1571629
5893
2729637
224916
4698425
9373041
8648502
8639161
9423269
582369
1069130
3436153
1582096
551089
2779946
6072537
4565130
5276787
5873603
7558653
1633765
4631458
2643275
2537562
6058056
10228332
11460164
3641598
5915482
10248390
11000224
5926016
3098116
651635
60700
1262144
312739
8735478
6005245
1683996
8972281
1599876
287445
6061239
4649742
541666
4600668
8292759
2036796
4704292
12068913
2043537
1671703
4599535
6004452
6106365
9470416
3126903
7558660
139374
7848116
8730693
3873082
3815416
9057455
3630973
8959733
11090439
6064760
9781570
3148630
7551211
3342225
9782259
11078608
8727366
2079052
8104482
3798112
4596834
3186875
3227475
1689011
8963641
2066379
4545946
5524813
5544535
2101089
4763828
1727895
12781345
6065702
7778995
2545296
8826550
8871790
4606761
6065635
1994952
3206423
7788396
8992082
8630356
9111889
8998427
7837411
1680559
3201061
5496203
9778829
1839560
4627047
4713854
5349591
8994
3632255
6149801
4505159
2060634
2107061
8103880
6062804
7690466
1682507
8956600
552246
1900393
507669
6554693
1091222
4506884
8875686
108934
8844058
5353977
3125723
5996300
2550025
4473021
1681987
4608155
6086588
1696943
5273359
488543
1119273
3868465
9432631
14783
12781903
3200039
1564879
4731776
8748865
3934169
3183031
3258250
7944606
3316388
10177928
606653
5534558
4693504
8801221
2811304
2077621
5467517
1802313
4762786
8719814
806185
8717598
9453529
8871102
1599015
8477211
1087874
200976
8890662
40132
3882159
7708293
8402196
8073724
4920456
1979108
1110846
5563181
4506750
3384152
5617157
9316396
3868486
4502265
4646385
7546420
5313809
9784453
1982005
76976
2081131
7631485
8078745
1994405
5916738
1676919
3124551
313773
1579640
1688728
9404413
1108389
8631767
3150414
457113
3240203
720065
4568913
5518530
2603404
5588122
3134804
5369284
3219818
1061971
9886174
10827001
4727834
5359776
3876074
4640560
3200441
8955359
7618433
5513830
304043
3354026
2067108
8380883
3639383
9038744
3147589
1259970
8624819
5153155
3143480
129901
1652876
3475158
4606818
3777283
8415930
11001790
1580412
5917963
6097004
3495348
1658604
10194111
2551570
1830077
2492192
301388
600590
2051540
8237641
2606958
4680566
285831
3876969
446491
2042613
5760440
1970515
8898974
3133736
1684095
373771
3140268
52731
8628679
7440349
7558359
6042503
6282361
4701876
651401
185663
4613896
8969188
628859
8636883
3792008
4729968
3640130
238839
4752067
6050299
8633690
7558962
6113993
1646398
1627180
12106354
4737481
8750955
6063253
6108411
8745115
1605935
4475668
8911008
1607161
9426214
4483354
1697534
9585684
4937804
9057595
9039396
470686
8720584
2633195
4508140
2618755
3887139
1198583
3148385
7511623
1595043
3771290
12427300
2153423
63137
7555421
8744281
300511
8957596
2054792
219580
3084330
8411514
1821493
4517297
4533997
5365790
3491189
3112903
9782473
8266148
11869004
1968479
8958029
8615441
4610359
8847929
8549059
1668501
7765271
4917027
3198105
7777618
2097990
8750206
1584848
3799883
6113560
8478102
3222964
3510230
8802135
16437
4490714
7994492
2892533
4831030
1646313
4516500
9422841
6066876
4609785
5903824
8755149
10800281
5515656
3094519
2638241
4497928
6302488
8096895
3149206
3076597
1594306
7401203
3498185
9321491
7626051
8746128
451649
6067126
5575825
7515834
725589
8749090
1684111
4513505
2151787
5620100
6046131
328096
9000576
10196442
12486671
556040
4541899
3186188
4769409
5472326
9469468
8097968
8106947
5322793
3920004
7395455
8633438
8870780
101877
3220339
9911691
6063832
8958136
1648565
1128900
9378773
11190306
3806750
7918680
2528438
630494
3137842
3066320
9002193
478538
9471396
1137185
4541807
3876148
8395855
233133
1672536
12725957
4492640
205724
3231868
8899059
7625107
175901
5503985
8412601
8997838
9514290
2820217
516311
9865933
3075028
8811740
2635667
7975651
7467655
9506830
5543654
8957933
705239
523224
8477687
3160112
3353688
6057000
797327
5584971
685919
4991531
8950217
29498
8103689
8736004
430749
362717
517362
3037646
8389140
808388
5327687
1957632
11012555
1699816
152197
5300892
8678325
5655738
8617473
6044069
3493231
1981565
1136598
4761836
6078215
8737034
2638427
8638956
3925109
8719223
1979751
11124788
744977
1528976
7456399
826294
8625828
1771014
5918052
4535584
7662751
452821
5210730
8740451
2063281
6140011
4612244
8628919
310798
9296486
9452365
4595807
4704604
5495801
1467182
5345894
7745709
4604378
6119023
9521076
2761988
8957660
1981993
4832747
5914602
1466474
7783952
8637854
8735445
8288318
5315859
7553099
2002119
4725974
1114976
13569724
8644328
12044160
8957693
8738291
8976580
11211725
5993845
8950778
2612235
4510867
8058548
4511201
8634167
12483285
7685777
8958009
2740813
328163
9059755
1553532
4484498
1247065
4603715
3315110
6295325
3801767
4589376
273559
8987897
3129038
4756819
8755027
10212156
1768870
8281737
8874801
3350322
7664279
8666751
8870979
708569
8628782
7631976
6051209
3310502
9767328
3038707
1565917
3770362
9058965
5571899
16292
2236039
6070293
7650590
5360796
7503916
4602347
9533236
2833708
1598510
8954604
5615663
7484942
4824853
7921822
9531035
507238
2140069
3487356
13377882
5367884
4732747
1966418
8958555
8746212
388079
9509517
4637049
4511317
1991073
7772997
175128
9065219
1174511
3130999
1529651
2549376
566340
12488500
6046289
9057336
8390172
4547453
7761257
7740694
5877139
1683953
7994265
622906
1983011
3332381
13485629
11019893
1897421
7837594
4559716
7653777
4690951
1651435
528748
216815
8749791
8748957
7430969
8806761
422112
4727071
3064694
8902724
6048849
1593557
8748656
6292095
3914991
206539
8988982
8837849
81048
1699054
116502
5265266
6066511
3775909
4860296
5513766
5647963
95499
4611220
9411048
3795188
199606
1974863
9473700
7276172
3450044
3641693
86759
9091020
5843733
12427113
9051537
4542602
2231755
241248
5511308
30044
1076940
404456
8477281
4496206
2139886
8753192
453178
2991121
6040623
4588658
6071969
13836807
9300783
1173145
1114482
2727293
542379
1559422
8758546
1658954
7745033
12778247
3859360
6065560
8950138
8857929
3244799
9779554
8212792
5362255
8995507
696589
8751249
6105563
8399847
8641761
4636243
11183585
4680873
4499552
8748928
4740281
1599508
2043436
590841
4626602
5924526
1101097
4537634
1897417
4692767
8949425
4518429
1771046
3784785
3506023
10251752
1150532
1901399
9027229
8644994
8950163
8745778
6289854
7505196
9421456
731831
3519452
6091003
3243838
8628624
638428
8678344
1237277
5527175
3800882
8077170
6061357
2779524
3132768
11008022
3042826
8955752
7690509
7450794
541102
3043976
90894
9017745
7784231
3620110
11175448
10213094
9453981
1696367
1117353
8960123
9413869
4648217
1576950
5233348
10237634
4480577
3920730
8957114
8098425
9177395
12043887
2071949
9297911
7629144
1428641
4651216
8632312
1976495
7559740
540500
3183366
7523712
1981869
8802911
584162
3179641
8991361
203402
60517
1700832
5914989
8997238
9345761
1974133
8416353
1634621
2039750
2008681
7605483
2604557
8749481
8716676
10151203
6108786
8836704
3347752
310640
9587287
4664878
9257970
3456320
24262
6046303
4637204
12296593
8635375
1895783
276767
7292579
3925730
7550529
1690752
7485494
2617557
5918136
5584770
8477744
7389562
1592444
3116329
1645939
8739335
6059740
3776759
65793
1888188
1584398
7631364
4915391
2638607
3492205
379175
9001011
8101006
2759136
8831923
3786788
5521489
9102727
4633867
3217325
1788956
8682912
8979911
1890346
699345
3211322
3511648
5562603
12296871
5349788
4654598
12049582
1567256
1903990
3025475
4637950
2537430
9422769
9179123
5579936
10864722
9111868
376676
3877105
3877292
4550536
7509003
357121
6068030
8233371
7918740
2152570
8065552
373773
9436079
7511725
4535176
3352420
6014822
182440
4513880
2063942
2528452
11008030
8548908
1456245
5922705
3802860
1562607
3878768
802566
5907298
8993767
383054
4807796
4647399
152690
7690264
9491060
7547863
7994971
1134803
8735502
7349577
4574789
3882234
2531636
3483095
808687
4615726
3873508
1789068
8952200
7401612
547736
4474766
44348
4763651
2615789
229838
8734563
8755369
8214299
11184663
328097
3453113
6040584
8957521
496778
5334953
10228963
1052865
8746168
9949534
624075
4582764
381497
6067929
340991
9336648
8883453
331288
2645309
5209133
459382
82871
9002613
9779544
3380794
112383
11457372
8529160
2571680
6063968
2002753
1212918
8765389
8227802
4499230
3781512
8744078
1667028
2566717
2644618
1905735
4761009
8295592
5577737
8838526
4756074
1252118
9512825
427775
3874635
7634899
3788122
2550383
7785306
9030005
3799480
1225682
5339914
3932935
3386310
3922707
6039854
1672840
2991023
3913902
8076849
3183303
7395836
2608719
2247317
4852909
8673787
478259
2759423
600696
8728185
8645653
8635016
3793013
98470
9289062
1673586
373784
8386770
9296511
683199
8732341
5915323
2146408
7760345
9304563
1575607
6052206
158380
375626
545012
2575062
8633619
1436294
1983373
3800782
8270200
8736980
4572345
1598207
7696481
9781838
2572148
8390169
5061872
8750109
4825749
7763967
444467
588140
309110
4703940
2037926
1958027
9000036
3076007
8956362
6563613
13698579
3885238
12427107
3442346
2738055
8473974
2072902
371943
8993447
8296336
3505
1058613
8798166
4517138
4566910
1214367
3186426
9001698
8390532
5529244
342984
1617219
9530176
6106668
1996976
3097393
4707236
7674491
5195648
3864019
1839932
3251570
8100363
3094055
4496697
8392267
12617966
510201
3190057
5923521
5300017
3214023
7294039
6105279
2612057
8722115
51017
6057219
3377924
4661186
3144877
40957
1107758
3199976
8219608
1597774
424427
1603171
1677862
8962545
1999271
9176618
8682214
3459560
3625933
5526341
3130806
13781027
136906
7921354
5358370
8752903
3042051
3871992
5914677
9055876
1091159
5337862
4661424
3639213
1436719
5915986
3296731
5438098
4491074
8872014
8848510
7415937
11766088
6108466
8721101
5162603
7665216
8731904
8833608
8961835
1585865
7291152
8641487
3792588
4790739
4646538
97050
5545061
2551057
3342172
1636352
1746372
3144853
9892890
8624879
11744850
3872336
8495253
6113751
9293898
1778550
5353639
4610323
4579210
3289031
7634261
8714962
4593057
1598117
220269
373058
8503717
7925593
2378503
4517624
4619513
2151567
6087933
1467895
1589606
8957794
4480796
8746598
2740823
7550520
3344127
5213665
8743092
8866894
3638161
4491167
1693466
1959153
1649241
337415
3451433
4609926
455063
1647948
7578671
8724725
4543895
1201354
9316219
5383932
11031244
1089235
8638640
1527448
7432499
1512650
7790491
8872715
12777633
11111553
8417649
4686352
5344854
7690574
4729292
2729951
8958552
2610840
2037139
463912
1682446
8863761
1996523
1563507
8568479
7650517
8730762
5916995
3925790
8743384
9296046
5585237
371329
8816330
3229022
8374704
1536124
3127155
616498
8447
3264567
36907
8877261
3779824
222060
8499141
3229230
7918673
2237696
741630
625634
2644190
5538545
7668094
3921269
5868866
3264572
9824500
437766
7547104
2550667
378784
8392317
9448446
2650914
7611906
1567637
339180
4761181
8264300
8769339
3125225
8867440
6067775
8715496
11138073
1092259
5312107
2000246
4477442
9301982
8897349
9195987
7628051
9929562
4746467
1569948
3346276
4672644
4693029
4764079
9294801
5144712
13719928
6116472
1586763
4506211
8945981
5906688
8963668
1646043
1683052
1976221
1902146
5376984
3225684
2579219
4763549
7478432
8969539
9516960
6062145
3869879
7981819
540771
4568157
9297699
6079573
97239
9404922
396754
1907900
10575085
6045727
8909443
8411691
9779313
3310321
9332901
9509468
4631910
7422758
3394966
4593638
4476620
3484322
8625542
4595514
1679381
1637602
721005
8635867
4747507
86204
4490783
3384243
4513796
4634777
502079
5586839
9017185
5914117
2746032
2607059
2748676
3125583
12157757
4699401
3624797
349684
2245881
7547020
5914776
7925626
1658394
4515876
6120790
8475525
5332877
7732390
3118146
8509265
801470
574936
1103205
3454576
345004
3430011
492979
12813918
1553987
8542031
6310065
3232502
2053387
8999002
8961385
5544822
2614544
9088376
11182426
1905610
8221885
8401488
1085944
3479586
4503264
560058
334298
9172490
5302892
7698389
5307519
7690299
6302704
3915362
4677595
507751
1905251
7547045
5237936
9345585
3157564
5874557
3131976
5915499
8684001
5544401
206285
4855381
573958
3582091
8985212
1601856
611510
4549526
3879603
1542304
6008068
5543924
3075036
6285674
1182867
4690213
1523546
8883717
3797849
11458728
5387936
551248
8749595
8685646
6107254
13836806
7838133
3877994
129788
1986460
3885753
9453811
1583516
1148826
7416358
8826905
8728425
9303464
5292459
6081438
7926618
8966895
12735602
8634985
2000575
1692376
8860566
464267
8994166
4642170
4647572
3365155
611075
557209
4766493
3345747
221063
3792126
1810596
8638741
6297075
6101759
3160382
9002659
4603776
9036577
9211044
1900431
3183144
3062894
8635379
3071777
2530932
7813849
5355515
8771938
9418776
9299937
1092577
4512780
5656589
3084322
5358169
3125237
9001447
12721025
8636021
4588318
8383783
2573330
6077956
9093047
1638655
7744951
9464651
5233336
9473606
1520813
325808
3135526
3232840
1589995
7993263
1832859
2846615
4490889
425806
8877869
3344361
8636097
1607277
1971947
4607080
8753301
1235508
3493574
3187493
3142022
6030487
2002624
5529648
106466
4859975
7749814
9403097
8629916
2537240
818358
10164924
3161430
4534161
3626477
1984847
9400287
1605061
5855908
2260964
4618303
8646695
2750547
4615735
4769505
9122418
6060690
5568192
7527498
7697247
8636469
1831911
8959933
1690959
1907145
9503438
2086797
4649827
458689
194251
1138319
577135
705208
8964202
6011010
310544
6069877
5914558
8075425
1121646
4486974
104988
3854983
8962782
2729521
1503036
10876019
2630383
4633943
9110071
6065736
1659409
8898007
506514
5280421
5387943
9868759
4815477
4684488
218254
5465067
8853998
29326
9588381
8363983
8492518
152198
5553945
3864353
8413189
8391166
1592681
5919819
529183
12573642
4524269
1979878
1113533
2532036
4593045
2744558
1598332
1958029
5312824
5484389
96204
8940958
8640307
3147192
2618254
8267500
4735781
1509242
11159957
16289
8303416
4615932
8719630
676853
7710797
5441726
9888087
8883825
791115
273531
8729586
8749360
9953055
4588126
3788277
3253478
314872
4503892
4504624
554755
282091
3505003
3126278
8772587
1232995
5547267
7692145
5568370
1767005
439847
3782721
2606483
8955889
8977211
3112848
2578114
3352268
6062018
7550819
4983605
12781118
5578749
8954114
7994852
5033596
8954109
665615
8739300
3487019
12738371
8956322
3932306
576756
7423032
5284345
1890600
3392893
8645359
1761360
8869206
8767028
12723655
153199
8305487
9941015
6067557
9174322
7860343
8960334
1982894
344514
12795205
5238629
2032383
4588511
8752526
4646462
6061728
5383302
1757336
13132660
10254297
3208639
1170933
2533053
5917567
5361333
7925276
8719137
139279
2056897
5920172
8729665
8717150
7918274
3637105
8713340
1149006
5907357
8414434
3442054
1957726
5574466
4504257
1571533
8862709
8684677
2891400
7556387
2238394
8824648
9459490
252332
8723700
3245676
499745
1154795
9101928
5542201
1743026
392782
7457811
2154366
641759
13736704
8063337
7388668
5456485
5344606
5305610
4503183
7442465
9356855
7433118
7381158
5372217
8686655
4540279
8752272
2755490
7639729
5328103
4911883
495031
1565571
1548221
5916999
5539751
1568101
7400399
8973484
8719945
5568449
4777643
4725338
3226850
1997466
8794415
8880143
135841
7535332
8977326
8955269
1590761
1898870
1597739
7926303
1715346
5346647
7631523
8075864
3121341
8772071
8727555
7639331
1899550
8158921
9299721
339506
8713516
8630432
7752491
5331608
505607
3880157
7783226
8615005
7480220
4506241
8525070
7754350
4532386
372142
9453171
9431718
8123511
12420220
10157853
8748408
577672
1897946
8958093
11176853
7807972
3873365
8630595
7423897
1181096
2060624
4918952
8631284
46784
4915630
2636964
7745698
1522190
8723480
807296
519626
8412606
4541053
4935490
317392
1591746
6088162
8296449
9472187
3365425
1643444
6013742
8741639
2645770
3863259
3640432
741705
11139417
493314
7517943
1636007
1988941
9002233
437164
5017750
8643223
8757300
8714782
7542564
3926886
3508405
1616744
5313823
2645871
8957597
7728445
12746873
5355231
1585625
7744659
5148896
5271330
9431746
7772297
8755101
2056473
8716426
8966017
5368890
7405391
1458444
7923647
1621905
2649890
1524249
3484232
7306706
2231600
5371068
8956572
2127564
3916132
309894
3877759
3126419
7737670
5149291
3190465
2043209
1688472
8955723
8890200
686947
2108326
8758406
2893939
3116813
3202493
5187410
4691579
8636754
1890980
3919706
7721100
4581155
512617
1973925
8763499
8823920
5457775
3129758
8890304
7667723
6109281
6066726
8269735
3343750
8997973
5522529
8631121
8283135
3122991
1568922
5862536
5365038
6059896
138980
8870884
7351355
1253067
12094794
4537326
1591229
1682296
2743469
2731164
8305065
9302892
9347282
4531418
1897331
9959114
3879764
5360912
4703375
4709226
8849304
1695166
8865204
1628177
4505899
5657255
2137282
11065402
8100244
355038
12588294
8666667
297057
14892
3873790
8748882
12623445
9018220
511185
9883406
4640958
7521082
8749939
3251876
509961
1173562
1643300
1525065
3220501
72571
481823
4535624
554185
6076263
1641996
4537702
7526163
9445278
1475944
4730554
1895655
12575224
8985611
6294631
4761377
3484632
9105521
112694
1103800
1592980
9910627
9293276
1703202
8999980
4576783
8968477
3347071
6093953
4917263
8639356
1595687
8737235
8993391
1232470
3780428
3112917
4570378
2895921
2731423
8415375
8999836
1889719
252931
6059395
9429177
7821414
9900811
6044268
4700769
7718866
4505491
4762746
3509936
3480498
8107297
12623289
1529803
10866035
8779291
8539020
5228479
3147913
8887252
2644114
11025926
2748229
9104946
8869890
5749888
3320995
7723351
2752257
6149809
10185161
3814809
5395444
6062107
4625462
9891110
8720303
1999201
1566694
8750179
143190
3448560
5432658
8951862
3627730
8742857
5588415
1648701
203056
10119266
2139176
7665128
8747161
3518322
3621865
714669
1135427
3777609
5914064
8971949
8287600
11193210
5863988
20433
4649077
4755921
8745440
3494951
7292669
7724051
557258
422013
3321507
473818
3202213
7938855
5391695
8952823
3878996
578918
7725209
738633
4629416
9090739
11100473
3474031
16334
1215817
7662668
7451092
110493
1757277
75452
1693869
8737334
1682494
7699070
7830631
1201489
8993992
1241559
8877695
194570
5863508
9867729
137405
3246362
7404782
1188998
2038571
4537906
1804409
6040984
8848159
8558393
3789732
1199196
1893630
5344575
5390043
3627909
9386432
1604221
612193
8991352
3782032
3878286
8956576
1576732
4504698
11754794
3873376
2737529
1576866
235883
38255
7642534
4917778
7625186
4567285
4638139
8475285
3805822
5147937
368531
1668641
7371967
3799283
620903
73840
8057605
8969558
5917029
8737505
5231909
4830681
8827834
7921316
5586142
5924370
7504044
8075723
3121222
2151920
3327658
107067
1674309
3487397
5585603
2989872
9395394
8805570
1592859
5065123
9003629
5915470
3772609
4580836
2635198
54146
5336627
7411546
8966547
3782902
9467010
10873334
4475722
1676746
4598045
9296804
512290
2072855
61062
9897951
7697823
1669711
4515806
8744821
8785569
8684158
9338360
2114076
10151706
8994105
3508832
8622165
5918140
1165565
4724121
525487
5234910
2818611
4515005
9080731
7708423
10115169
8951599
2723675
3502361
2541755
3784590
8486304
7801739
625598
8957962
440525
5458492
5544013
6293092
5490381
6055551
9123720
309767
1263010
2738037
4622507
572516
5914755
8992598
4512501
10228011
1526752
12411252
2037312
4511953
5537465
1596127
1104566
4482813
3357235
8959690
1184633
1702275
4619598
3624886
8899370
3044609
1221905
4597853
8730508
6176830
505550
2103454
8715735
3883979
4578890
8326352
442280
11461611
1226156
4596796
8985850
5409067
9113355
3521185
4537671
67707
1983441
4557770
2610481
11007539
9461763
3483514
1583248
1230461
3232555
5872313
7767747
7399442
8879920
1668318
1604671
119168
828416
2085596
7422675
4621550
1992901
9431920
11190890
8410221
4614019
5353190
8714445
1677528
7519443
7563147
6092782
3188606
8786224
8905400
8631809
177008
6051175
3850129
5476685
10980852
625479
10189803
8717157
4610114
4593937
8993155
10930443
5861166
4617700
199668
3494160
4774681
2894859
2549516
6051257
3877252
8612892
6089421
5420740
2154106
2079758
2493976
3916699
8750698
8749028
8994476
8960574
3933527
522153
3072331
3628462
9065054
1641901
1555271
9351923
201927
1704079
7633707
8127891
1566230
2757531
9305443
3140900
9908141
8879356
8890039
498234
8627580
630412
8476108
2010400
8950390
5315925
4678059
7569686
139432
5366723
592954
7993747
8296421
3806106
4642539
4669589
1136118
3827288
1094075
4636661
12452950
446093
6070790
12355913
3798096
6303137
9501175
9331285
7663638
4490191
8391744
1310032
8413570
8979794
8265806
4628843
2737483
8825117
1992450
7296373
8733520
1589759
3143123
11011572
8957692
8994022
3430813
5347519
6098369
2154375
8638061
1520004
137084
8721986
8109913
5535146
5183015
9537625
5584936
8375512
671445
8864144
1975416
6046314
4934875
8869925
8462
8883468
1698066
6101604
9509790
8952043
8997894
1496609
9105589
2578775
1991758
1651768
3627429
4638770
4646717
8775907
9052613
7306618
4587199
6041573
4721152
5874216
7422719
3626049
7846250
8972464
1203580
6039000
2073802
1696082
3388571
96013
1680545
2038860
39120
8380149
178665
9017976
1410946
9123508
7337701
6066471
202223
3064739
3932693
8856819
4547322
1652436
9774946
8718616
4545715
7757863
1816843
7520284
7378202
4535282
8885878
1589023
2534414
4618157
3777107
4756283
1689260
1892129
8684085
128096
4618932
85735
5571525
7440096
384323
8685341
6068948
9061907
3225143
7519782
3932846
4706021
69494
5912939
2733201
1436720
8643053
119103
4502740
4638612
8378954
703955
1787416
8868842
2726674
108778
11164766
176023
5186221
5351860
651663
3120799
3182967
9501977
5468013
4920405
4581898
8644090
9782904
1833993
3229521
5377040
8957281
5310764
112551
5321448
5340524
5308229
8992850
8090619
1805900
3294379
5523563
107679
8750565
8640455
3863714
323459
1829907
1672244
3778359
620641
7642330
1249547
2574276
253448
2058058
182593
1518743
4662874
4592194
7773899
9415693
5359059
4633597
4506206
4598247
3145095
2982986
8870801
1985399
1901622
3343594
417660
1624145
8287474
366490
7876477
1972456
8720091
8076884
4553828
3130633
11194141
4509212
1582903
605433
8755684
4631410
2738575
8629926
3512830
2990072
9461781
8502753
4554191
441599
3791503
3783660
8841749
7665564
487904
4513554
5906132
7426296
11096731
4477627
367593
3802434
8996549
373629
10831466
8993322
653398
8979287
5915249
9060251
3538675
7734113
417347
9729
4596155
1655848
1701571
7627593
2987814
594896
8477573
5585488
5507330
3135001
3114874
578559
11184671
1550209
532728
7757907
12753941
620508
6065355
2645635
8271295
7619697
8734361
4646375
8887088
2565461
452189
567911
8949280
6064035
8301612
8752418
4538693
12436656
8766906
9778354
4688851
9069070
8978206
12443096
3177335
8403889
12574521
8633384
5583514
2748549
8723142
3450994
9300130
602021
5915627
450938
4534232
5468067
1978953
8830375
5347531
1677164
1759776
1703075
221108
4541903
3189252
4776323
6053428
8967939
5576190
5544247
3628325
45753
4480313
8856793
8749980
4587738
1468128
11122624
1373107
8684581
9430892
6107128
3131764
1500932
8962221
3495436
4740364
1802274
8852979
8386543
2643877
4691882
4600702
5498751
6071824
623441
3458823
3501549
7404641
9943790
1570048
5370845
4727901
2749754
4815056
4641744
7967633
9035121
8962503
5300170
4563060
5529825
2220612
2011303
7923151
3628418
81037
618660
2063300
5621914
7676249
259241
4623541
1975661
731545
1645745
11159898
6036613
9302531
6282421
625739
2221090
4503585
9304279
1896364
3180375
4560034
7703331
20172
9081958
3430450
305672
1227038
8631229
9493898
3225989
7920726
1679619
7351410
8771630
7708069
543230
1904579
5916767
7419972
4627842
8745402
6042779
7566405
9579612
8437899
4568039
4601751
8851354
8538034
568370
7743531
2644683
5288424
3124826
8990848
4564163
7435322
109206
1642950
1169380
5318762
146051
4689082
64349
1968305
3495404
176512
4830465
1120182
395792
8736875
4595973
4758368
4494422
4638051
4474596
7679434
636950
94889
1604536
2727186
5387249
263706
8075896
540827
8882880
581568
145297
5662087
1688953
2045811
9376336
4477329
6955512
9183233
11158914
3126781
7987881
9117276
4573284
8560396
1468513
1727942
8847844
9883590
4502148
1976606
4518086
13809581
53445
9418272
651657
9292513
9066441
415664
2783637
2822713
4605500
12623553
8839310
5332903
7398877
112652
11082445
585457
4744807
2605669
4620870
7697296
3134375
6059828
8744541
1896679
3125238
3437570
2750117
4534795
3775731
2614452
4650451
3180013
542802
3808146
8830218
4612359
8395184
5240490
2613247
3130039
9303841
3856609
3219126
8947810
8626377
8262613
326455
8630459
8414969
8627438
4649837
6115479
1799562
8955975
2081958
703788
12494292
8075338
4565607
3504079
7759810
1587839
8818522
4753740
9521994
4669433
9506425
2833471
5925369
7505932
1117484
4640180
9426043
3778773
4542290
260020
4748918
1545012
9214553
4636209
8671162
350408
3777825
308458
4761401
2531649
6040813
4586032
3149685
5914916
373262
6042227
1546688
4489296
7651098
4597453
4612271
1703284
1571715
6075011
8749769
3871496
9381392
8917041
9297827
2602425
7690736
9355226
1999897
8801352
40462
5583523
8842734
181855
8727559
4581500
4672848
2644835
514730
75760
8991580
5364913
9298164
224622
4672219
3112569
7922607
686791
2641925
2612656
8758926
3349082
4543611
393227
1595143
8991105
4633563
616436
2780677
4477811
8713531
8672908
3639454
7690183
1705162
1549608
10969521
8957740
1551459
4479343
4751828
7626111
4669472
5915737
5913432
8381904
5358551
7380903
8501120
4498728
7690511
3085000
6109939
1983710
7535496
4712299
1895912
8718233
30047
3482587
9290785
8303331
8803690
2061496
10575578
8958836
5500536
4658337
3640207
7879800
11016454
488936
1220689
9183092
1689498
3913673
12520249
1695551
2609453
3146499
1655855
10205393
6113475
5871978
2535427
9828685
7661449
4676283
7684390
3880404
3783333
2772787
5293401
8957500
8220696
4705233
2041223
5426507
9582574
9041835
3375740
178677
9053020
8802846
3137840
3628853
8868347
2508763
3803851
5525980
8409582
2750711
1602932
5873330
12738482
9293460
7404403
3489628
7716645
7634267
1308129
1645658
8736017
153831
4706326
8886910
1676806
9001502
8149948
6079146
1775159
313180
8125567
5335682
1217200
7701710
7559066
1601009
8990314
8393306
2529487
8995459
8732983
7799724
4645289
10861921
12051396
5321621
5588123
5687180
634493
4740521
3120017
8997900
5516792
6064459
3355356
6056523
4500408
654781
3085819
2061252
3356953
9310868
3805362
3876957
5352076
8535374
1751343
2625212
8508441
4751170
9483590
9507535
1592054
1469773
8727692
1084331
8635904
199294
8952486
5192857
8956412
564415
7481302
4740554
4605191
8682840
3228103
11010226
8972350
9295507
9098778
8411477
6286282
5316538
2529745
3221176
7546986
2152194
7388817
406608
4589059
6047011
8988128
8402025
494187
7550612
606006
5344677
5881197
490329
8388351
3122458
2646085
1651272
5547900
1208480
5387330
1646711
584657
382606
1645744
5145906
5349127
7766237
12799500
9484755
1231063
8724109
7728777
8948512
9832739
1641183
532915
4563072
2640363
7927397
12314232
588033
5363558
8880835
1900368
8404746
4822070
9362957
2004727
4533454
9471356
638399
9887328
4512625
1217752
6071562
7560469
9106161
1141431
9453684
8414711
7673557
1688004
367450
1609527
